-- phpMyAdmin SQL Dump
-- version 4.0.4
-- http://www.phpmyadmin.net
--
-- Host: localhost
-- Generation Time: Jul 12, 2017 at 12:20 AM
-- Server version: 5.6.12-log
-- PHP Version: 5.4.12

SET SQL_MODE = "NO_AUTO_VALUE_ON_ZERO";
SET time_zone = "+00:00";


/*!40101 SET @OLD_CHARACTER_SET_CLIENT=@@CHARACTER_SET_CLIENT */;
/*!40101 SET @OLD_CHARACTER_SET_RESULTS=@@CHARACTER_SET_RESULTS */;
/*!40101 SET @OLD_COLLATION_CONNECTION=@@COLLATION_CONNECTION */;
/*!40101 SET NAMES utf8 */;

--
-- Database: `healthcare_management`
--
CREATE DATABASE IF NOT EXISTS `healthcare_management` DEFAULT CHARACTER SET latin1 COLLATE latin1_swedish_ci;
USE `healthcare_management`;

-- --------------------------------------------------------

--
-- Table structure for table `pets_type`
--

CREATE TABLE IF NOT EXISTS `pets_type` (
  `pet_type_id` int(11) NOT NULL AUTO_INCREMENT,
  `pet_name` varchar(50) NOT NULL,
  `status` int(11) NOT NULL,
  PRIMARY KEY (`pet_type_id`)
) ENGINE=InnoDB  DEFAULT CHARSET=latin1 AUTO_INCREMENT=8 ;

--
-- Dumping data for table `pets_type`
--

INSERT INTO `pets_type` (`pet_type_id`, `pet_name`, `status`) VALUES
(1, 'Dog', 0),
(2, 'Cat', 0),
(3, 'Goat', 0),
(4, 'Parrot', 0),
(5, 'Turtles', 0),
(6, 'Cow', 0),
(7, 'Rabbits', 0);

-- --------------------------------------------------------

--
-- Table structure for table `pets_type_category`
--

CREATE TABLE IF NOT EXISTS `pets_type_category` (
  `pet_cat_no` int(11) NOT NULL AUTO_INCREMENT,
  `pet_type_id` int(11) NOT NULL,
  `breed` varchar(30) NOT NULL,
  `status` int(1) NOT NULL,
  PRIMARY KEY (`pet_cat_no`)
) ENGINE=InnoDB  DEFAULT CHARSET=latin1 AUTO_INCREMENT=18 ;

--
-- Dumping data for table `pets_type_category`
--

INSERT INTO `pets_type_category` (`pet_cat_no`, `pet_type_id`, `breed`, `status`) VALUES
(1, 1, 'German Shepherd', 0),
(2, 1, 'Doberman', 0),
(3, 1, 'Labrador', 0),
(4, 1, 'Golden retriever', 0),
(5, 1, 'Ridgeback', 0),
(6, 1, 'Pomeranian', 0),
(7, 1, 'Husky', 0),
(8, 1, 'Rottweiler', 0),
(9, 1, 'Terrier', 0),
(10, 1, 'Cocker spaniel', 0),
(11, 1, 'Great dane', 0),
(12, 2, 'Persian', 0),
(13, 2, 'Siamese', 0),
(14, 1, 'Collie', 0),
(15, 1, ' Dalmatian', 0),
(16, 1, ' Japanese Chin', 0),
(17, 1, 'mastiff', 0);

-- --------------------------------------------------------

--
-- Table structure for table `pet_type_category_color`
--

CREATE TABLE IF NOT EXISTS `pet_type_category_color` (
  `color_id` int(11) NOT NULL AUTO_INCREMENT,
  `pet_type_category_id` int(11) NOT NULL,
  `color` varchar(50) NOT NULL,
  `status` int(1) NOT NULL,
  PRIMARY KEY (`color_id`)
) ENGINE=InnoDB  DEFAULT CHARSET=latin1 AUTO_INCREMENT=23 ;

--
-- Dumping data for table `pet_type_category_color`
--

INSERT INTO `pet_type_category_color` (`color_id`, `pet_type_category_id`, `color`, `status`) VALUES
(1, 1, 'White ', 0),
(2, 1, 'Black', 0),
(3, 2, 'brown', 0),
(4, 2, 'white n black', 0),
(5, 3, 'white', 0),
(6, 5, 'black', 0),
(7, 15, 'Black and White', 0),
(8, 7, 'Saddleback', 0),
(10, 1, 'Black and Tan GSD', 0),
(11, 1, 'Black and Red GSD', 0),
(12, 4, 'Gold', 0),
(13, 4, 'Creamy', 0),
(14, 4, 'Shades of gold and creamy', 0),
(15, 3, 'Chocolate color', 0),
(16, 3, 'Black', 0),
(17, 3, 'Yellow', 0),
(18, 8, 'Black and Tan', 0),
(19, 8, 'Black and Mahogany', 0),
(20, 2, 'Brownish red', 0),
(21, 2, 'Black and Tan', 0),
(22, 2, 'Red', 0);

-- --------------------------------------------------------

--
-- Table structure for table `serials`
--

CREATE TABLE IF NOT EXISTS `serials` (
  `type` varchar(25) NOT NULL,
  `serial` int(50) NOT NULL,
  PRIMARY KEY (`type`)
) ENGINE=InnoDB DEFAULT CHARSET=latin1;

--
-- Dumping data for table `serials`
--

INSERT INTO `serials` (`type`, `serial`) VALUES
('doctor', 4037),
('nurse', 6003),
('owner', 3040),
('pet', 5036);

-- --------------------------------------------------------

--
-- Table structure for table `tbl_admin`
--

CREATE TABLE IF NOT EXISTS `tbl_admin` (
  `admin_id` int(5) NOT NULL,
  `title` varchar(20) NOT NULL,
  `initials` varchar(10) NOT NULL,
  `first_name` varchar(50) NOT NULL,
  `last_name` varchar(70) NOT NULL,
  `full_name` varchar(100) NOT NULL,
  `dob` date NOT NULL,
  `nic` varchar(10) NOT NULL,
  `email` varchar(100) NOT NULL,
  `address` varchar(100) NOT NULL,
  `fixed_line` varchar(10) NOT NULL,
  `mobile_line` varchar(10) NOT NULL,
  `image_ext` varchar(10) NOT NULL,
  PRIMARY KEY (`admin_id`)
) ENGINE=InnoDB DEFAULT CHARSET=latin1;

--
-- Dumping data for table `tbl_admin`
--

INSERT INTO `tbl_admin` (`admin_id`, `title`, `initials`, `first_name`, `last_name`, `full_name`, `dob`, `nic`, `email`, `address`, `fixed_line`, `mobile_line`, `image_ext`) VALUES
(1212, 'Miss.', 'G.D', 'Chathushka', 'Hansani', 'G.D Chathushka Hansani', '1992-10-16', '927901234V', 'chathushkahansani@gmail.com', 'No 318/8, Hokandara East, Hokandara.', '0113130029', '0713623596', '1212.png');

-- --------------------------------------------------------

--
-- Table structure for table `tbl_appointed_doctors`
--

CREATE TABLE IF NOT EXISTS `tbl_appointed_doctors` (
  `doctor_id` int(10) NOT NULL,
  `full_name` varchar(300) NOT NULL,
  `description` varchar(150) NOT NULL,
  `doctor_fee` decimal(10,2) NOT NULL,
  `status` int(1) NOT NULL,
  PRIMARY KEY (`doctor_id`)
) ENGINE=InnoDB DEFAULT CHARSET=latin1;

--
-- Dumping data for table `tbl_appointed_doctors`
--

INSERT INTO `tbl_appointed_doctors` (`doctor_id`, `full_name`, `description`, `doctor_fee`, `status`) VALUES
(4003, 'A.P Chathushka Galewela', '7 Years Experience', '600.00', 0),
(4004, 'A.S Nadeeshani Kudagama', '3 years Experience In Australia ', '500.00', 0),
(4006, 'A.S Nadeeshani Galewela', '6 Years Experience and Owner of the Care', '600.00', 0),
(4023, 'A.P Chathushka Kudagama', '2 Years Experience', '500.00', 0),
(4035, 'A.p Yasas Perera', '4 Years Experience', '500.00', 0),
(4036, 'A.P Madhawa Suraweera', '5 Years Experience in Surgeries ', '500.00', 0);

-- --------------------------------------------------------

--
-- Table structure for table `tbl_appointments`
--

CREATE TABLE IF NOT EXISTS `tbl_appointments` (
  `ap_id` varchar(10) NOT NULL,
  `doctor_id` int(11) NOT NULL,
  `petOwner_id` int(11) NOT NULL,
  `date` date NOT NULL,
  `session` varchar(50) NOT NULL,
  `patient_number` int(10) NOT NULL,
  `time` time NOT NULL,
  `re_appoint_status` enum('not_requested','requested','accepted','done','','') NOT NULL,
  `confirmation_status` enum('not_confirmed','confirmed','confirmed','done','','') NOT NULL,
  `status` int(1) NOT NULL,
  PRIMARY KEY (`ap_id`)
) ENGINE=InnoDB DEFAULT CHARSET=latin1;

--
-- Dumping data for table `tbl_appointments`
--

INSERT INTO `tbl_appointments` (`ap_id`, `doctor_id`, `petOwner_id`, `date`, `session`, `patient_number`, `time`, `re_appoint_status`, `confirmation_status`, `status`) VALUES
('AP0001', 4036, 3017, '2016-10-25', 'Morning', 2, '08:16:00', '', 'not_confirmed', 0),
('AP0002', 4036, 3017, '2016-10-27', 'Morning', 1, '08:00:00', '', 'not_confirmed', 0),
('AP0003', 4036, 3017, '2016-10-25', 'Morning', 5, '09:04:00', '', 'not_confirmed', 0),
('AP0004', 4036, 3017, '2016-10-25', 'Morning', 7, '09:36:00', '', 'not_confirmed', 0),
('AP0005', 4036, 3017, '2016-11-18', 'Evening', 2, '04:20:00', '', 'not_confirmed', 0),
('AP0006', 4036, 3038, '2016-11-18', 'Evening', 5, '05:20:00', '', 'not_confirmed', 0),
('AP0007', 4036, 3017, '2016-11-18', 'Evening', 3, '04:40:00', '', 'not_confirmed', 0),
('AP0008', 4036, 3017, '2016-11-21', 'Morning', 7, '10:00:00', '', 'not_confirmed', 0),
('AP0009', 4036, 3017, '2016-11-21', 'Morning', 8, '10:20:00', '', 'not_confirmed', 0),
('AP0010', 4036, 3017, '2016-11-21', 'Morning', 11, '11:20:00', '', 'not_confirmed', 0),
('AP0011', 4036, 3017, '2016-11-21', 'Morning', 12, '11:40:00', '', 'not_confirmed', 0),
('AP0012', 4036, 3017, '2016-11-21', 'Morning', 6, '09:40:00', '', 'not_confirmed', 0),
('AP0013', 4036, 3017, '2016-11-23', 'Morning', 8, '09:52:00', '', 'not_confirmed', 0),
('AP0014', 4036, 3017, '2016-11-23', 'Morning', 7, '09:36:00', '', 'not_confirmed', 0),
('AP0015', 4036, 3017, '2016-11-24', 'Morning', 4, '09:12:00', '', 'not_confirmed', 0),
('AP0016', 4036, 3017, '2016-11-26', 'Morning', 2, '08:20:00', '', 'not_confirmed', 0),
('AP0017', 4036, 3017, '2016-11-30', 'Morning', 6, '09:40:00', 'done', 'done', 1),
('AP0018', 4036, 3017, '2016-11-30', 'Morning', 8, '10:20:00', '', 'not_confirmed', 0),
('AP0019', 4036, 3017, '2016-11-30', 'Evening', 8, '06:20:00', 'not_requested', 'not_confirmed', 0),
('AP0020', 4036, 3017, '2016-11-30', 'Evening', 11, '07:20:00', 'not_requested', 'not_confirmed', 0),
('AP0021', 4036, 3017, '2016-11-30', 'Evening', 6, '05:40:00', 'not_requested', 'not_confirmed', 0),
('AP0022', 4036, 3017, '2016-11-30', 'Evening', 3, '04:40:00', 'not_requested', 'not_confirmed', 0),
('AP0023', 4036, 3017, '2016-11-30', 'Morning', 10, '11:00:00', 'not_requested', 'not_confirmed', 0),
('AP0024', 4036, 3017, '2016-11-30', 'Evening', 13, '08:00:00', 'not_requested', 'not_confirmed', 0),
('AP0025', 4036, 3017, '2016-11-30', 'Evening', 10, '07:00:00', 'not_requested', 'not_confirmed', 0),
('AP0026', 4036, 3017, '2016-11-30', 'Evening', 5, '05:20:00', 'not_requested', 'not_confirmed', 0),
('AP0027', 4036, 3017, '2016-11-30', 'Morning', 11, '11:20:00', 'not_requested', 'not_confirmed', 0),
('AP0028', 4036, 3017, '2016-11-30', 'Morning', 5, '09:20:00', 'not_requested', 'not_confirmed', 0),
('AP0029', 4004, 3017, '2016-11-30', 'Evening', 4, '05:15:00', 'not_requested', 'not_confirmed', 0),
('AP0030', 4036, 3017, '2016-12-01', 'Evening', 6, '06:30:00', 'done', 'done', 1),
('AP0031', 4036, 3017, '2016-12-01', 'Evening', 9, '08:00:00', 'not_requested', 'not_confirmed', 0),
('AP0032', 4036, 3017, '2016-12-04', 'Morning', 10, '10:24:00', 'done', 'done', 1),
('AP0033', 4036, 3017, '2016-12-06', 'Morning', 5, '09:04:00', 'done', 'done', 1),
('AP0034', 4036, 3017, '2016-12-06', 'Morning', 9, '10:08:00', 'not_requested', 'not_confirmed', 0),
('AP0035', 4036, 3017, '2016-12-06', 'Morning', 12, '10:56:00', 'not_requested', 'not_confirmed', 0),
('AP0036', 4036, 3017, '2016-12-06', 'Morning', 14, '11:28:00', 'not_requested', 'not_confirmed', 0),
('AP0037', 4036, 3017, '2016-12-08', 'Morning', 5, '09:04:00', 'not_requested', 'not_confirmed', 0),
('AP0038', 4036, 3017, '2016-12-09', 'Morning', 2, '08:24:00', 'done', 'done', 1),
('AP0039', 4036, 3017, '2016-12-08', 'Morning', 10, '10:24:00', 'not_requested', 'not_confirmed', 0),
('AP0040', 4036, 3017, '2016-12-09', 'Morning', 5, '09:36:00', 'not_requested', 'not_confirmed', 0),
('AP0041', 4036, 3039, '2016-12-10', 'Evening', 4, '04:45:00', 'not_requested', 'not_confirmed', 0),
('AP0042', 4036, 3039, '2016-12-10', 'Evening', 7, '05:30:00', 'not_requested', 'not_confirmed', 0),
('AP0043', 4036, 3017, '2016-12-10', 'Evening', 3, '04:30:00', 'done', 'done', 1),
('AP0044', 4036, 3017, '2016-12-10', 'Evening', 16, '07:45:00', 'not_requested', 'not_confirmed', 0),
('AP0045', 4036, 3039, '2016-12-13', 'Morning', 3, '08:40:00', 'not_requested', 'not_confirmed', 0),
('AP0046', 4036, 3039, '2016-12-13', 'Morning', 6, '09:40:00', 'not_requested', 'not_confirmed', 0),
('AP0047', 4036, 3017, '2016-12-12', 'Morning', 7, '09:36:00', 'not_requested', 'not_confirmed', 0),
('AP0048', 4004, 3017, '2016-12-13', 'Morning', 5, '09:36:00', 'not_requested', 'not_confirmed', 0),
('AP0049', 4003, 3017, '2016-12-13', 'Morning', 4, '09:12:00', 'not_requested', 'not_confirmed', 0),
('AP0050', 4035, 3017, '2016-12-13', 'Morning', 5, '09:04:00', 'not_requested', 'not_confirmed', 0),
('AP0051', 4036, 3017, '2016-12-12', 'Morning', 10, '10:24:00', 'not_requested', 'not_confirmed', 0),
('AP0052', 4036, 3017, '2016-12-31', 'Evening', 4, '05:00:00', 'not_requested', 'not_confirmed', 0),
('AP0053', 4036, 3017, '2016-12-31', 'Evening', 7, '06:00:00', 'accepted', 'done', 1);

-- --------------------------------------------------------

--
-- Table structure for table `tbl_appointment_hospitalcharge`
--

CREATE TABLE IF NOT EXISTS `tbl_appointment_hospitalcharge` (
  `id` int(11) NOT NULL AUTO_INCREMENT,
  `hospital_charge` decimal(10,2) NOT NULL,
  `no_show_refund_fee` decimal(10,2) NOT NULL,
  `vat` decimal(10,2) NOT NULL,
  `status` int(1) NOT NULL,
  PRIMARY KEY (`id`)
) ENGINE=InnoDB  DEFAULT CHARSET=latin1 AUTO_INCREMENT=2 ;

--
-- Dumping data for table `tbl_appointment_hospitalcharge`
--

INSERT INTO `tbl_appointment_hospitalcharge` (`id`, `hospital_charge`, `no_show_refund_fee`, `vat`, `status`) VALUES
(1, '300.00', '250.00', '8.00', 0);

-- --------------------------------------------------------

--
-- Table structure for table `tbl_breeding_information`
--

CREATE TABLE IF NOT EXISTS `tbl_breeding_information` (
  `breeding_id` varchar(10) NOT NULL,
  `pet_id` int(11) NOT NULL,
  `petOwner_id` int(11) NOT NULL,
  `petOwner_name` varchar(100) NOT NULL,
  `mobile` varchar(10) NOT NULL,
  `city` varchar(20) NOT NULL,
  `address` varchar(50) NOT NULL,
  `email` varchar(100) NOT NULL,
  `status` int(1) NOT NULL,
  PRIMARY KEY (`breeding_id`)
) ENGINE=InnoDB DEFAULT CHARSET=latin1;

--
-- Dumping data for table `tbl_breeding_information`
--

INSERT INTO `tbl_breeding_information` (`breeding_id`, `pet_id`, `petOwner_id`, `petOwner_name`, `mobile`, `city`, `address`, `email`, `status`) VALUES
('BI0001', 5006, 3017, 'G.D.Amali Perera', '0773130025', 'Malambe', 'No.02/B', 'chathushkacomm@gmail.com', 0),
('BI0002', 5023, 3035, 'A.M. Chathushi Hansani', '0773130029', 'Athurugiriya', 'No:05/C', 'chathushkahansani@gmail.com', 0),
('BI0003', 5025, 3036, 'A.M. Amaya Perera', '0773130029', 'Malambe', 'No:05/C, Rose avenue, Malambe', 'chathushkahansani@gmail.com', 0),
('BI0004', 5007, 3017, '  G.D.Amali Perera', '0773130029', 'Kaduwela', 'No.02/B', 'chathushkacomm@gmail.com', 0),
('BI0005', 5027, 3038, 'S.L Jayani Athukorala', '0773130029', 'Malambe', 'No:10/C,Rose Avenue,Malambe', 'chathushkahansani@gmail.com', 0),
('BI0006', 5029, 3017, '  G.D.Amali Perera', '0773130029', 'Kaduwela', 'No.02/B', 'chathushkacomm@gmail.com', 0),
('BI0007', 5008, 3017, '  G.D.Amali Perera', '0773130029', 'Kaduwel', 'No.02/B', 'chathushkacomm@gmail.com', 0),
('BI0008', 5015, 3017, 'G.D. Amali Perera', '0773130029', 'Kaduwela', 'No.02/B, Kaduwela', 'chathushkacomm@gmail.com', 0),
('BI0009', 5031, 3039, 'H. Amanda Shalika', '0773130029', 'Malabe', 'No:05/B, Malabe', 'ravishka123iroshana@gmail.com', 0),
('BI0010', 5033, 3039, 'H. Amanda Shalika', '0773130029', 'Malabe', 'No:05/B, Malabe', 'ravishka123iroshana@gmail.com', 0),
('BI0011', 5035, 3017, 'G.D. Amali Perera', '0773130029', 'Kaduwela', 'No.02/B, Kaduwela', 'chathushkacomm@gmail.com', 0),
('BI0012', 5019, 3017, 'G.D. Amali Perera', '0773130029', 'Kaduwela', 'No.02/B, Kaduwela', 'chathushkacomm@gmail.com', 0);

-- --------------------------------------------------------

--
-- Table structure for table `tbl_breed_matching_owner`
--

CREATE TABLE IF NOT EXISTS `tbl_breed_matching_owner` (
  `id` int(11) NOT NULL AUTO_INCREMENT,
  `dateSelected` date NOT NULL,
  `petOwner_id` int(10) NOT NULL,
  `selcting_pet_id` int(10) NOT NULL,
  `pet_age` varchar(100) NOT NULL,
  `chosen_petOwner_id` int(11) NOT NULL,
  `chosen_pet_id` int(10) NOT NULL,
  `chosen_pet_age` varchar(100) NOT NULL,
  `status` int(1) NOT NULL,
  PRIMARY KEY (`id`)
) ENGINE=InnoDB  DEFAULT CHARSET=latin1 AUTO_INCREMENT=17 ;

--
-- Dumping data for table `tbl_breed_matching_owner`
--

INSERT INTO `tbl_breed_matching_owner` (`id`, `dateSelected`, `petOwner_id`, `selcting_pet_id`, `pet_age`, `chosen_petOwner_id`, `chosen_pet_id`, `chosen_pet_age`, `status`) VALUES
(7, '2016-11-09', 3017, 5006, '01 Year, 11 Month(s), 1 Day(s) Old', 3035, 5023, '0 year, 11 months, and 9 days old.', 0),
(8, '2016-11-09', 3017, 5006, '02 Year, 01 Month(s), 3 Day(s) Old', 3036, 5025, '0 year, 11 months, and 9 days old.', 0),
(9, '2016-11-18', 3017, 5006, '01 Year, 11 Month(s), 10 Day(s) Old', 3035, 5023, '0 year, 11 months, and 9 days old.', 0),
(10, '2016-11-18', 3017, 5006, '01 Year, 11 Month(s), 10 Day(s) Old', 3035, 5023, '0 year, 11 months, and 9 days old.', 0),
(11, '2016-11-20', 3017, 5006, '01 Year, 11 Month(s), 12 Day(s) Old', 3035, 5023, '0 year, 11 months, and 9 days old.', 0),
(12, '2016-11-20', 3017, 5006, '02 Year, 01 Month(s), 14 Day(s) Old', 3036, 5025, '0 year, 11 months, and 9 days old.', 0),
(13, '2016-11-20', 3017, 5006, '02 Year, 01 Month(s), 14 Day(s) Old', 3036, 5025, '0 year, 11 months, and 9 days old.', 0),
(14, '2016-12-10', 3039, 5033, '01 Year, 04 Month(s), 1 Day(s) Old', 3017, 5015, '1 year, 9 months, and 30 days old.', 0),
(15, '2016-12-11', 3017, 5035, '00 Year, 08 Month(s), 6 Day(s) Old', 3038, 5027, '0 year, 5 months, and 20 days old.', 0),
(16, '2016-12-30', 3017, 5019, '01 Year, 10 Month(s), 18 Day(s) Old', 3039, 5033, '0 year, 9 months, and 6 days old.', 0);

-- --------------------------------------------------------

--
-- Table structure for table `tbl_cage_sizes`
--

CREATE TABLE IF NOT EXISTS `tbl_cage_sizes` (
  `cage_size_id` varchar(10) NOT NULL,
  `cage_name` varchar(10) NOT NULL,
  `cage_type` varchar(20) NOT NULL,
  `cage_category` varchar(20) NOT NULL,
  `length` varchar(10) NOT NULL,
  `height` varchar(10) NOT NULL,
  `weight_from` varchar(10) NOT NULL,
  `weight_to` varchar(10) NOT NULL,
  `price_per_date` decimal(10,2) NOT NULL,
  `status` int(1) NOT NULL,
  PRIMARY KEY (`cage_size_id`)
) ENGINE=InnoDB DEFAULT CHARSET=latin1;

--
-- Dumping data for table `tbl_cage_sizes`
--

INSERT INTO `tbl_cage_sizes` (`cage_size_id`, `cage_name`, `cage_type`, `cage_category`, `length`, `height`, `weight_from`, `weight_to`, `price_per_date`, `status`) VALUES
('CS0001', 'C0001', 'Plastic Crates', 'Extra Small', '18', '14', '0', '12.5', '150.00', 0),
('CS0002', 'C0002', 'Plastic Crates', 'Extra Small', '20', '15', '0', '12.5', '150.00', 1),
('CS0003', 'C0003', 'Plastic Crates', 'Extra Small', '22', '16', '0', '12.5', '165.00', 0),
('CS0004', 'C0004', 'Wire Crates', 'Extra Small', '19', '19', '', '', '100.00', 0),
('CS0005', 'C0005', 'Wire Crates', 'Extra Small', '20', '20', '', '', '100.00', 0),
('CS0006', 'C0006', 'Wire Crates', 'Small', '23', '23', '', '', '120.00', 0),
('CS0007', 'C0007', 'Wire Crates', 'Medium', '30', '30', '', '', '150.00', 0),
('CS0008', 'C0008', 'Wire Crates', 'Extra Small', '22', '16', '0', '12.5', '150.00', 0),
('CS0009', 'C0009', 'Wire Crates', 'Small', '24', '12', '0', '15', '175.00', 0),
('CS0010', 'C0010', 'Wire Crates', 'Small', '24', '19', '0', '15', '175.00', 0),
('CS0011', 'C0011', 'Wire Crates', 'Small', '24', '20', '0', '15', '175.00', 0),
('CS0012', 'C0012', 'Wire Crates', 'Medium', '30', '21', '0', '20', '200.00', 0),
('CS0013', 'C0013', 'Wire Crates', 'Medium', '30', '24', '0', '20', '200.00', 0),
('CS0014', 'C0014', 'Wire Crates', 'Medium', '30', '22', '0', '20', '200.00', 1),
('CS0015', 'C0015', 'Wire Crates', 'Large', '36', '25', '0', '32', '250.00', 0),
('CS0016', 'C0016', 'Wire Crates', 'Large', '36', '27', '0', '32', '250.00', 0),
('CS0017', 'C0017', 'Wire Crates', 'Large', '36', '29', '0', '32', '250.00', 0),
('CS0018', 'C0018', 'Wire Crates', 'Extra Large', '42', '30', '0', '42', '275.00', 0),
('CS0019', 'C0019', 'Wire Crates', 'Extra Large', '42', '32', '0', '42', '275.00', 1),
('CS0020', 'C0020', 'Wire Crates', 'Extra Large', '42', '33', '0', '42', '275.00', 0),
('CS0021', 'C0021', 'Wire Crates', 'Extra Extra Large', '46', '33', '0', '70', '300.00', 0),
('CS0022', 'C0022', 'Wire Crates', 'Extra Extra Large', '54', '45', '0', '70', '300.00', 1),
('CS0023', 'C0023', 'Wire Crates', 'Extra Extra Large', '72', '48', '0', '70', '300.00', 0);

-- --------------------------------------------------------

--
-- Table structure for table `tbl_category_pharmacy`
--

CREATE TABLE IF NOT EXISTS `tbl_category_pharmacy` (
  `category_id` varchar(10) NOT NULL,
  `category_name` varchar(50) NOT NULL,
  `status` int(1) NOT NULL,
  PRIMARY KEY (`category_id`)
) ENGINE=InnoDB DEFAULT CHARSET=latin1;

--
-- Dumping data for table `tbl_category_pharmacy`
--

INSERT INTO `tbl_category_pharmacy` (`category_id`, `category_name`, `status`) VALUES
('PC0001', 'Vaccination', 0),
('PC0002', 'Drug- Category 01', 0),
('PC0003', 'Drug- Category 02', 0),
('PC0004', 'Drug- Category 03', 0);

-- --------------------------------------------------------

--
-- Table structure for table `tbl_daily_appointment_numbers`
--

CREATE TABLE IF NOT EXISTS `tbl_daily_appointment_numbers` (
  `rec_id` int(11) NOT NULL AUTO_INCREMENT,
  `da_id` varchar(10) NOT NULL,
  `doctor_id` varchar(10) NOT NULL,
  `date` date NOT NULL,
  `day` varchar(10) NOT NULL,
  `session` varchar(50) NOT NULL,
  `number_count` int(10) NOT NULL,
  `appointment_count` int(10) NOT NULL,
  `status` int(1) NOT NULL,
  PRIMARY KEY (`rec_id`)
) ENGINE=InnoDB  DEFAULT CHARSET=latin1 AUTO_INCREMENT=102 ;

--
-- Dumping data for table `tbl_daily_appointment_numbers`
--

INSERT INTO `tbl_daily_appointment_numbers` (`rec_id`, `da_id`, `doctor_id`, `date`, `day`, `session`, `number_count`, `appointment_count`, `status`) VALUES
(1, 'DA0001', '4036', '2016-10-25', 'Tue', 'Morning', 7, 15, 0),
(2, 'DA0001', '4036', '2016-10-27', 'Thu', 'Morning', 1, 15, 0),
(3, 'DA0001', '4036', '2016-10-28', 'Fri', 'Morning', 0, 10, 0),
(4, 'DA0001', '4036', '2016-10-31', 'Mon', 'Morning', 0, 15, 0),
(5, 'DA0001', '4036', '2016-10-25', 'Tue', 'Evening', 0, 10, 0),
(6, 'DA0001', '4036', '2016-10-26', 'Wed', 'Evening', 0, 10, 0),
(7, 'DA0001', '4036', '2016-10-29', 'Sat', 'Evening', 0, 15, 0),
(8, 'DA0001', '4036', '2016-10-30', 'Sun', 'Evening', 0, 10, 0),
(9, 'DA0001', '4036', '2016-10-31', 'Mon', 'Evening', 0, 15, 0),
(10, 'DA0002', '4036', '2016-11-17', 'Thu', 'Morning', 0, 15, 0),
(11, 'DA0002', '4036', '2016-11-19', 'Sat', 'Morning', 0, 10, 0),
(12, 'DA0002', '4036', '2016-11-21', 'Mon', 'Morning', 5, 12, 0),
(13, 'DA0002', '4036', '2016-11-23', 'Wed', 'Morning', 2, 15, 0),
(14, 'DA0002', '4036', '2016-11-24', 'Thu', 'Morning', 1, 10, 0),
(15, 'DA0002', '4036', '2016-11-26', 'Sat', 'Morning', 1, 12, 0),
(16, 'DA0002', '4036', '2016-11-27', 'Sun', 'Morning', 0, 10, 0),
(17, 'DA0002', '4036', '2016-11-30', 'Wed', 'Morning', 1, 12, 0),
(18, 'DA0002', '4036', '2016-11-17', 'Thu', 'Evening', 0, 12, 0),
(19, 'DA0002', '4036', '2016-11-18', 'Fri', 'Evening', 3, 15, 0),
(20, 'DA0002', '4036', '2016-11-20', 'Sun', 'Evening', 0, 15, 0),
(21, 'DA0002', '4036', '2016-11-21', 'Mon', 'Evening', 0, 15, 0),
(22, 'DA0002', '4036', '2016-11-22', 'Tue', 'Evening', 0, 15, 0),
(23, 'DA0002', '4036', '2016-11-25', 'Fri', 'Evening', 0, 12, 0),
(24, 'DA0002', '4036', '2016-11-27', 'Sun', 'Evening', 0, 15, 0),
(25, 'DA0002', '4036', '2016-11-28', 'Mon', 'Evening', 0, 12, 0),
(26, 'DA0002', '4036', '2016-11-29', 'Tue', 'Evening', 0, 12, 0),
(27, 'DA0002', '4036', '2016-11-30', 'Wed', 'Evening', 7, 15, 0),
(28, 'DA0003', '4004', '2016-11-23', 'Wed', 'Morning', 0, 10, 0),
(29, 'DA0003', '4004', '2016-11-24', 'Thu', 'Morning', 0, 15, 0),
(30, 'DA0003', '4004', '2016-11-25', 'Fri', 'Morning', 0, 15, 0),
(31, 'DA0003', '4004', '2016-11-27', 'Sun', 'Morning', 0, 12, 0),
(32, 'DA0003', '4004', '2016-11-29', 'Tue', 'Morning', 0, 10, 0),
(33, 'DA0003', '4004', '2016-11-21', 'Mon', 'Evening', 0, 12, 0),
(34, 'DA0003', '4004', '2016-11-22', 'Tue', 'Evening', 0, 15, 0),
(35, 'DA0003', '4004', '2016-11-23', 'Wed', 'Evening', 0, 15, 0),
(36, 'DA0003', '4004', '2016-11-26', 'Sat', 'Evening', 0, 10, 0),
(37, 'DA0003', '4004', '2016-11-28', 'Mon', 'Evening', 0, 15, 0),
(38, 'DA0003', '4004', '2016-11-29', 'Tue', 'Evening', 0, 12, 0),
(39, 'DA0003', '4004', '2016-11-30', 'Wed', 'Evening', 1, 12, 0),
(40, 'DA0004', '4036', '2016-12-04', 'Sun', 'Morning', 0, 15, 0),
(41, 'DA0004', '4036', '2016-12-06', 'Tue', 'Morning', 3, 15, 0),
(42, 'DA0004', '4036', '2016-12-08', 'Thu', 'Morning', 2, 15, 0),
(43, 'DA0004', '4036', '2016-12-09', 'Fri', 'Morning', 1, 10, 0),
(44, 'DA0004', '4036', '2016-12-12', 'Mon', 'Morning', 2, 15, 0),
(45, 'DA0004', '4036', '2016-12-13', 'Tue', 'Morning', 2, 12, 0),
(46, 'DA0004', '4036', '2016-12-16', 'Fri', 'Morning', 0, 12, 0),
(47, 'DA0004', '4036', '2016-12-18', 'Sun', 'Morning', 0, 10, 0),
(48, 'DA0004', '4036', '2016-12-20', 'Tue', 'Morning', 0, 15, 0),
(49, 'DA0004', '4036', '2016-12-21', 'Wed', 'Morning', 0, 10, 0),
(50, 'DA0004', '4036', '2016-12-24', 'Sat', 'Morning', 0, 15, 0),
(51, 'DA0004', '4036', '2016-12-26', 'Mon', 'Morning', 0, 10, 0),
(52, 'DA0004', '4036', '2016-12-27', 'Tue', 'Morning', 0, 10, 0),
(53, 'DA0004', '4036', '2016-12-29', 'Thu', 'Morning', 0, 10, 0),
(54, 'DA0004', '4036', '2016-12-30', 'Fri', 'Morning', 0, 15, 0),
(55, 'DA0004', '4036', '2016-12-01', 'Thu', 'Evening', 1, 10, 0),
(56, 'DA0004', '4036', '2016-12-03', 'Sat', 'Evening', 0, 10, 0),
(57, 'DA0004', '4036', '2016-12-05', 'Mon', 'Evening', 0, 10, 0),
(58, 'DA0004', '4036', '2016-12-06', 'Tue', 'Evening', 0, 12, 0),
(59, 'DA0004', '4036', '2016-12-07', 'Wed', 'Evening', 0, 15, 0),
(60, 'DA0004', '4036', '2016-12-10', 'Sat', 'Evening', 3, 20, 0),
(61, 'DA0004', '4036', '2016-12-11', 'Sun', 'Evening', 0, 10, 0),
(62, 'DA0004', '4036', '2016-12-14', 'Wed', 'Evening', 0, 15, 0),
(63, 'DA0004', '4036', '2016-12-15', 'Thu', 'Evening', 0, 12, 0),
(64, 'DA0004', '4036', '2016-12-17', 'Sat', 'Evening', 0, 15, 0),
(65, 'DA0004', '4036', '2016-12-19', 'Mon', 'Evening', 0, 10, 0),
(66, 'DA0004', '4036', '2016-12-22', 'Thu', 'Evening', 0, 15, 0),
(67, 'DA0004', '4036', '2016-12-23', 'Fri', 'Evening', 0, 10, 0),
(68, 'DA0004', '4036', '2016-12-25', 'Sun', 'Evening', 0, 15, 0),
(69, 'DA0004', '4036', '2016-12-28', 'Wed', 'Evening', 0, 15, 0),
(70, 'DA0004', '4036', '2016-12-31', 'Sat', 'Evening', 1, 15, 0),
(71, 'DA0005', '4004', '2016-12-13', 'Tue', 'Morning', 1, 10, 0),
(72, 'DA0005', '4004', '2016-12-14', 'Wed', 'Morning', 0, 15, 0),
(73, 'DA0005', '4004', '2016-12-16', 'Fri', 'Morning', 0, 15, 0),
(74, 'DA0005', '4004', '2016-12-17', 'Sat', 'Morning', 0, 15, 0),
(75, 'DA0005', '4004', '2016-12-20', 'Tue', 'Morning', 0, 10, 0),
(76, 'DA0005', '4004', '2016-12-21', 'Wed', 'Morning', 0, 15, 0),
(77, 'DA0005', '4004', '2016-12-11', 'Sun', 'Evening', 0, 15, 0),
(78, 'DA0005', '4004', '2016-12-12', 'Mon', 'Evening', 0, 10, 0),
(79, 'DA0005', '4004', '2016-12-14', 'Wed', 'Evening', 0, 15, 0),
(80, 'DA0005', '4004', '2016-12-15', 'Thu', 'Evening', 0, 10, 0),
(81, 'DA0005', '4004', '2016-12-18', 'Sun', 'Evening', 0, 10, 0),
(82, 'DA0005', '4004', '2016-12-19', 'Mon', 'Evening', 0, 15, 0),
(83, 'DA0005', '4004', '2016-12-21', 'Wed', 'Evening', 0, 15, 0),
(84, 'DA0006', '4003', '2016-12-13', 'Tue', 'Morning', 1, 10, 0),
(85, 'DA0006', '4003', '2016-12-14', 'Wed', 'Morning', 0, 15, 0),
(86, 'DA0006', '4003', '2016-12-17', 'Sat', 'Morning', 0, 10, 0),
(87, 'DA0006', '4003', '2016-12-18', 'Sun', 'Morning', 0, 10, 0),
(88, 'DA0006', '4003', '2016-12-11', 'Sun', 'Evening', 0, 15, 0),
(89, 'DA0006', '4003', '2016-12-12', 'Mon', 'Evening', 0, 15, 0),
(90, 'DA0006', '4003', '2016-12-13', 'Tue', 'Evening', 0, 10, 0),
(91, 'DA0006', '4003', '2016-12-15', 'Thu', 'Evening', 0, 10, 0),
(92, 'DA0006', '4003', '2016-12-16', 'Fri', 'Evening', 0, 15, 0),
(93, 'DA0006', '4003', '2016-12-18', 'Sun', 'Evening', 0, 15, 0),
(94, 'DA0007', '4035', '2016-12-13', 'Tue', 'Morning', 1, 15, 0),
(95, 'DA0007', '4035', '2016-12-15', 'Thu', 'Morning', 0, 10, 0),
(96, 'DA0007', '4035', '2016-12-16', 'Fri', 'Morning', 0, 15, 0),
(97, 'DA0007', '4035', '2016-12-11', 'Sun', 'Evening', 0, 10, 0),
(98, 'DA0007', '4035', '2016-12-12', 'Mon', 'Evening', 0, 15, 0),
(99, 'DA0007', '4035', '2016-12-14', 'Wed', 'Evening', 0, 15, 0),
(100, 'DA0007', '4035', '2016-12-15', 'Thu', 'Evening', 0, 20, 0),
(101, 'DA0007', '4035', '2016-12-17', 'Sat', 'Evening', 0, 15, 0);

-- --------------------------------------------------------

--
-- Table structure for table `tbl_discharge_charges`
--

CREATE TABLE IF NOT EXISTS `tbl_discharge_charges` (
  `id` int(11) NOT NULL AUTO_INCREMENT,
  `description` varchar(50) NOT NULL,
  `charge` decimal(10,2) NOT NULL,
  `status` int(1) NOT NULL,
  PRIMARY KEY (`id`)
) ENGINE=InnoDB  DEFAULT CHARSET=latin1 AUTO_INCREMENT=4 ;

--
-- Dumping data for table `tbl_discharge_charges`
--

INSERT INTO `tbl_discharge_charges` (`id`, `description`, `charge`, `status`) VALUES
(1, 'Doctor Charge', '450.00', 0),
(2, 'Nurse Charge', '350.00', 0),
(3, 'Hospital Charge', '300.00', 0);

-- --------------------------------------------------------

--
-- Table structure for table `tbl_doctor`
--

CREATE TABLE IF NOT EXISTS `tbl_doctor` (
  `doctor_id` int(20) NOT NULL,
  `gov_reg_no` varchar(20) NOT NULL,
  `title` varchar(20) NOT NULL,
  `initials` varchar(20) NOT NULL,
  `first_name` varchar(80) NOT NULL,
  `last_name` varchar(80) NOT NULL,
  `full_name` varchar(100) NOT NULL,
  `dob` date NOT NULL,
  `email` varchar(80) NOT NULL,
  `nic` varchar(10) NOT NULL,
  `gender` varchar(15) NOT NULL,
  `address` varchar(150) NOT NULL,
  `city` varchar(100) NOT NULL,
  `mobile` varchar(10) NOT NULL,
  `telephone` varchar(10) NOT NULL,
  `description` varchar(300) NOT NULL,
  `image_ext` varchar(15) NOT NULL,
  `doctor_status` int(1) NOT NULL,
  PRIMARY KEY (`doctor_id`)
) ENGINE=InnoDB DEFAULT CHARSET=latin1;

--
-- Dumping data for table `tbl_doctor`
--

INSERT INTO `tbl_doctor` (`doctor_id`, `gov_reg_no`, `title`, `initials`, `first_name`, `last_name`, `full_name`, `dob`, `email`, `nic`, `gender`, `address`, `city`, `mobile`, `telephone`, `description`, `image_ext`, `doctor_status`) VALUES
(4002, 'gov2345', 'Dr.', 'A.V', 'Anurna', 'perera', 'A.V Anurna perera', '1989-02-14', 'anura@gmail.com', '856945612V', 'Male', 'No. 10/C,\r\nJayathilaka Road,\r\nKandana.', 'kandana', '0714356789', '0112453452', '', '4002.jpg', 0),
(4003, 'gov5678', 'Dr.', 'A.P', 'Chathushka', 'Galewela', 'A.P Chathushka Galewela', '1990-10-03', 'chathushkahansani@gmail.com', '908978675V', 'Female', 'No.318/8,\r\nHokandara East,\r\nHokandara.', 'Malambe', '0712345678', '0112345677', '7 Years Experience', '4003.jpg', 0),
(4004, 'MBBS 1966', 'Dr.', 'A.S', 'Nadeeshani', 'Kudagama', 'A.S Nadeeshani Kudagama', '1989-08-10', 'chathushkahansani@gmail.com', '908978675V', 'Female', 'No:25/P, Samagi Mawatha,Pore', 'Malambe', '0712345678', '0112345677', '3 years Experience In Australia ', '4004.jpg', 0),
(4005, 'MBBS 7645', 'Dr.', 'A.P', 'Kasun', 'Galewela', 'A.P Kasun Galewela', '1990-10-17', 'chathushkahansani@gmail.com', '908978675V', 'Female', 'No:10/c, Samagi Mawatha,Pore', 'Athurugiriya', '0712345678', '0112345677', '', '4005.jpg', 0),
(4006, 'MBBS 963', 'Dr.', 'A.S', 'Nadeeshani', 'Galewela', 'A.S Nadeeshani Galewela', '1990-10-25', 'chathushkacomm@gmail.com', '196789098V', 'Female', 'No.3/C,Hokandara North,Hokandara', 'Athurugiriya', '0712345678', '0112345677', '6 Years Experience and Owner of the Care', '4006.png', 0),
(4007, 'MBBS 1993', 'Dr.', 'A.S', 'Anura', 'hghg', 'A.S Anura hghg', '1990-10-27', 'azam4636@gmail.com', '046789098V', 'Male', 'No:25/P, Samagi Mawatha,Pore', 'Athurugiriya', '0712345678', '0112345677', '', '4007.jpg', 0),
(4008, 'MBBS 7645', 'Dr.', 'A.S', 'Anura', 'Galewela', 'A.S Anura Galewela', '1990-10-18', 'chathushkahansani@gmail.com', '908978675V', 'Female', 'No: 05/M,Jayagath Mawatha Kottawa.', 'Athurugiriya', '0712345678', '0112345677', '', '4008.jpg', 1),
(4009, 'MBBS 7645', 'Dr.', 'G.D', 'Nadeeshani', 'Galewela', 'G.D Nadeeshani Galewela', '1990-10-25', 'azam4636@gmail.com', '908978675V', 'Male', 'No:22/D, Samagi Mawatha,Athurugiriya', 'Athurugiriya', '0714356789', '0112345678', '', '4009.jpg', 1),
(4010, 'MBBS 7645', 'Dr.', 'A.P', 'Nadeeshani', 'Galewela', 'A.P Nadeeshani Galewela', '1990-10-15', 'chathushkahansani@gmail.com', '026789098V', 'Female', 'No.310/9', 'Athurugiriya', '0712345678', '0112345678', '', '4010.jpg', 1),
(4011, 'MBBS 5623', 'Dr.', 'P.W.', 'Lakmal', 'Gunathilaka', 'P.W.Lakmal Gunathilaka', '1990-10-25', 'azam4636@gmail.com', '908978675V', 'Male', 'No:25/P, Samagi Mawatha,Pore', 'wdwdwd', '0712345678', '0112345677', '', '4011.jpg', 1),
(4012, 'MBBS 7645', 'Dr.', 'W.D.', 'Menaka', 'Silva', 'W.D. Menaka Silva', '1990-10-13', 'azam4636@gmail.com', '908978675V', 'Male', 'No: 05/M,Jayagath Mawatha Kottawa.', 'Hokandara', '0712345678', '0112345677', '', '4012.jpg', 1),
(4013, 'MBBS 7645', 'Dr.', 'G.D', 'Nadeeshani', 'Galewela', 'G.D Nadeeshani Galewela', '1990-10-26', 'azam4636@gmail.com', '908978675V', 'Male', 'No:25/P, Samagi Mawatha,Pore', 'Athurugiriya', '0712345678', '0112345677', '', '4013.jpg', 1),
(4014, 'MBBS 7645', 'Dr.', 'A.S', 'Anura', 'Kudagama', 'A.S Anura Kudagama', '1990-10-18', 'chathushkahansani@gmail.com', '908978675V', 'Female', 'No.3/C,Hokandara North,Hokandara', 'Athurugiriya', '0712345678', '0112345678', 'hhh', '4014.jpg', 1),
(4015, 'MBBS 7645', 'Dr.', 'A.P', 'Anura', 'Galewela', 'A.P Anura Galewela', '1990-10-03', 'azam4636@gmail.com', '908978675V', 'Male', 'No:22/D, Samagi Mawatha,Athurugiriya', 'Athurugiriya', '0712345678', '0112345677', '', '4015.jpg', 1),
(4016, 'MBBS 7645', 'Dr.', 'A.P', 'Anura', 'Galewela', 'A.P Anura Galewela', '1990-10-18', 'azam4636@gmail.com', '908978675V', 'Male', 'No:25/P, Samagi Mawatha,Pore', 'QWDQWDWQ', '0712345679', '0112345678', '', '4016.jpg', 1),
(4017, 'MBBS 7645', 'Dr.', 'A.P', 'Maya', 'Galewela', 'A.P Maya Galewela', '1990-10-19', 'chathushkahansani@gmail.com', '908978675V', 'Male', 'No 312/B,\r\nMalambe', 'Malambe', '0712345678', '0112345677', '', '4017.jpg', 1),
(4018, 'MBBS 7645', 'Dr.', 'A.P', 'Anura', 'Galewela', 'A.P Anura Galewela', '1990-10-19', 'shalikacomm@gmail.com', '908978675V', 'Male', 'No:25/P, Samagi Mawatha,Pore', 'Athurugiriya', '0712345678', '0112345677', '', '4018.jpg', 1),
(4019, 'MBBS 1993', 'Dr.', 'A.S', 'Anura', 'Kudagama', 'A.S Anura Kudagama', '1990-10-20', 'azam4636@gmail.com', '908978675V', 'Male', 'No:2/T, Samagi Mawatha,Athurugiriya', 'Athurugiriya', '0712345678', '0112345677', '', '4019.jpg', 0),
(4020, 'MBBS 7645', 'Dr.', 'A.S', 'Anura', 'Kudagama', 'A.S Anura Kudagama', '1990-10-05', 'azam4636@gmail.com', '066789098V', 'Female', 'No:2/T, Vava Mawatha,Malambe', 'Malambe', '0714356789', '0112453456', '', '4020.jpg', 0),
(4021, 'MBBS 7645', 'Dr.', 'A.P', 'Chathushka', 'Galewela', 'A.P Chathushka Galewela', '1990-10-05', 'azam4636@gmail.com', '908978675V', 'Male', 'No:289, Samagi Mawatha,Athurugiriya', 'Athurugiriya', '0712345678', '0112345677', '', '4021.jpg', 0),
(4022, 'MBBS 7645', 'Dr.', 'A.P', 'Chathushka', 'Galewela', 'A.P Chathushka Galewela', '1990-10-05', 'azam4636@gmail.com', '908978675V', 'Male', 'No:22/D, Samagi Mawatha,Athurugiriya', 'Athurugiriya', '0712345678', '0112345677', '', '4022.jpg', 0),
(4023, 'MBBS 7645', 'Dr.', 'A.P', 'Chathushka', 'Kudagama', 'A.P Chathushka Kudagama', '1990-10-05', 'ravishka123iroshana@gmail.com', '908978675V', 'Female', 'No:2/T, Samagi Mawatha,Malambe', 'Malambe', '0712345678', '0112345677', '2 Years Experience', '4023.jpg', 0),
(4024, 'MBBS 1993', 'Dr.', 'A.S', 'Anura', 'Galewela', 'A.S Anura Galewela', '1990-10-11', 'azam4636@gmail.com', '908978675V', 'Female', 'No:10/c, Samagi Mawatha,Pore', 'Athurugiriya', '0712345678', '0112345677', '', '4024.jpg', 0),
(4025, 'MBBS 7645', 'Dr.', 'A.S', 'Nadeeshani', 'Galewela', 'A.S Nadeeshani Galewela', '1990-10-19', 'chathushkahansani@gmail.com', '908978675V', 'Female', 'No:562, Samagi Mawatha,Athurugiriya', 'Athurugiriya', '0712345678', '0112345677', '', '4025.jpg', 0),
(4026, 'MBBS 8956', 'Dr.', 'G.D', 'Chathushka', 'Jayathilaka', 'G.D Chathushka Jayathilaka', '1990-10-18', 'chathushkahansani@gmail.com', '908978675V', 'Female', 'No:2/B,Jayagath Mawatha,Malambe', 'Malambe', '0712345678', '0112345677', '', '4026.jpg', 0),
(4027, 'MBBS 8954', 'Dr.', 'A.P', 'Nadeeshani', 'Galewela', 'A.P Nadeeshani Galewela', '1990-10-05', 'chathushkahansani@gmail.com', '016789098V', 'Female', 'No:52/M, Samagi Mawatha,Malwana', 'Athurugiriya', '0712345678', '0112345677', '', '4027.jpg', 0),
(4028, 'MBBS 7645', 'Dr.', 'A.S', 'Anura', 'Galewela', 'A.S Anura Galewela', '1990-10-25', 'chathushkahansani@gmail.com', '096789098V', 'Male', 'No:56/C, Samagi Mawatha,Pore', 'Athurugiriya', '0712345678', '0112345677', '', '4028.jpg', 0),
(4029, 'MBBS 1993', 'Dr.', 'A.P', 'Anura', 'Kudagama', 'A.P Anura Kudagama', '1990-10-25', 'chathushkahansani@gmail.com', '907897655V', 'Female', 'No:62, Samagi Mawatha,Athurugiriya', 'Athurugiriya', '0714356789', '0112345677', '', '4029.jpg', 1),
(4030, 'MBBS 7645', 'Dr.', 'A.S', 'Nadeeshani', 'Kudagama', 'A.S Nadeeshani Kudagama', '1990-10-19', 'chathushkahansani@gmail.com', '890789876V', 'Female', 'No:562, Samagi Mawatha,Malambe', 'Malambe', '0712345679', '0112345678', '', '4030.jpg', 0),
(4031, 'MBBS 3652', 'Dr.', 'A.S', 'Chathushka', 'Jayathilaka', 'A.S Chathushka Jayathilaka', '1990-10-26', 'chathushkahansani@gmail.com', '908978675V', 'Female', 'No.318/8,\r\nHokandara East,\r\nHokandara.', 'Hokandara', '0712345678', '0112345677', '', '4031.jpg', 0),
(4032, 'MBBS 7845', 'Dr.', 'A.S', 'Chathushka', 'Kudagama', 'A.S Chathushka Kudagama', '1990-10-12', 'chathushkahansani@gmail.com', '086789098V', 'Female', 'No.3/C,\r\nHokandara North,\r\nHokandara', 'Athurugiriya', '0714356789', '0112345677', '', '4032.jpg', 0),
(4033, 'MBBS 3249', 'Dr.', 'A.P', 'Anura', 'Kudagama', 'A.P Anura Kudagama', '1990-10-26', 'chathushkahansani@gmail.com', '908978675V', 'Male', 'No:05/P,Kaduwela Road', 'Athurugiriya', '0712345678', '0112345677', '', '4033.jpg', 0),
(4034, 'MBBS 794', 'Dr.', 'H.A', 'Shalika', 'Jayathilaka', 'H.A Shalika Jayathilaka', '1991-02-08', 'shalikacomm@gmail.com', '917901234V', 'Male', 'No:05,Hokandara West, Hokandara', 'Kaduwela', '0712345678', '0112345677', '', '4034.jpg', 0),
(4035, 'MBBS 3015', 'Dr.', 'A.p', 'Yasas', 'Perera', 'A.p Yasas Perera', '1991-01-08', 'chathushkahansani@gmail.com', '917901234V', 'Male', 'No:05/L, Maligawatta road,', 'Kottawa', '0712345678', '0112345677', '4 Years Experience', '4035.jpg', 0),
(4036, 'MBBS 9684', 'Dr.', 'A.P', 'Madhawa', 'Suraweera', 'A.P Madhawa Suraweera', '1991-01-09', 'chathushkahansani@gmail.com', '908978675V', 'Male', 'No 318/8, Laksala Pedesa,', 'Athurugiriya', '0714356789', '0112345677', '5 Years Experience in Surgeries ', '4036.jpg', 0),
(4037, 'MBBS 4561', 'Dr.', 'G.D', 'Madhawa', 'Gunathilaka', 'G.D Madhawa Gunathilaka', '1995-07-19', 'chathushkacomm@gmail.com', '201523658V', 'Male', 'No: 05/M,\r\nJayagath Mawatha \r\nKottawa.', 'Kottawa', '0771323329', '0112365478', '', '40371.jpg', 0);

-- --------------------------------------------------------

--
-- Table structure for table `tbl_doc_assign`
--

CREATE TABLE IF NOT EXISTS `tbl_doc_assign` (
  `CS_id` varchar(10) NOT NULL,
  `doctor_id` varchar(10) NOT NULL,
  `status` int(1) NOT NULL,
  PRIMARY KEY (`CS_id`,`doctor_id`)
) ENGINE=InnoDB DEFAULT CHARSET=latin1;

--
-- Dumping data for table `tbl_doc_assign`
--

INSERT INTO `tbl_doc_assign` (`CS_id`, `doctor_id`, `status`) VALUES
('CS0004', '4003', 0),
('CS0004', '4004', 0),
('CS0006', '4003', 0),
('CS0006', '4004', 0),
('CS0007', '4003', 0),
('CS0007', '4004', 0),
('CS0008', '4003', 0),
('CS0008', '4004', 0);

-- --------------------------------------------------------

--
-- Table structure for table `tbl_drug_prescription`
--

CREATE TABLE IF NOT EXISTS `tbl_drug_prescription` (
  `id` int(11) NOT NULL AUTO_INCREMENT,
  `pres_id` varchar(50) NOT NULL,
  `drug_name` varchar(50) NOT NULL,
  `dose` varchar(50) NOT NULL,
  `sequence` varchar(50) NOT NULL,
  `duration` varchar(50) NOT NULL,
  `status` int(1) NOT NULL,
  PRIMARY KEY (`id`)
) ENGINE=InnoDB  DEFAULT CHARSET=latin1 AUTO_INCREMENT=82 ;

--
-- Dumping data for table `tbl_drug_prescription`
--

INSERT INTO `tbl_drug_prescription` (`id`, `pres_id`, `drug_name`, `dose`, `sequence`, `duration`, `status`) VALUES
(7, 'P0001', 'iverhart-plus', '150', '2', '5', 0),
(8, 'P0001', 'novox-caplets', '150', '3', '4', 0),
(9, 'P0002', 'iverhart-plus', '200', '2', '4', 0),
(10, 'P0002', 'novox-caplets', '150', '3', '5', 0),
(11, 'P0003', 'novox-caplets', '150', '2', '4', 0),
(16, 'P0004', 'Thyro-Tabs (L-Thyroxine)', '150', '3', '5', 0),
(17, 'P0004', 'novox-caplets', '100', '2', '5', 0),
(18, 'P0005', 'iverhart-plus', '150', '2', '5', 0),
(19, 'P0005', 'novox-caplets', '200', '3', '4', 0),
(20, 'P0006', 'novox-caplets', '345', '5', '45', 0),
(21, 'P0006', 'Thyro-Tabs (L-Thyroxine)', 'r5', '456', '456', 0),
(22, 'P0007', 'novox-caplets', '345', '4', '6', 0),
(23, 'P0007', 'iverhart-plus', '150', '2', '5', 0),
(24, 'P0008', 'novox-caplets', '150', '2', '5', 0),
(25, 'P0009', '', '', '', '', 0),
(26, 'P0010', '', '', '', '', 0),
(27, 'P0011', 'iverhart-plus', '150', '2', '5', 0),
(28, 'P0012', '', '', '', '', 0),
(29, 'P0013', 'novox-caplets', '150', '3', '5', 0),
(30, 'P0013', 'iverhart-plus', '200', '2', '6', 0),
(31, 'P0014', '', '', '', '', 0),
(32, 'P0015', 'novox-caplets', '150', '3', '5', 0),
(33, 'P0016', '', '', '', '', 0),
(34, 'P0017', 'iverhart-plus', '150', '3', '5', 0),
(35, 'P0018', 'novox-caplets', '150', '2', '5', 0),
(36, 'P0018', 'iverhart-plus', '200', '3', '5', 0),
(37, 'P0019', '', '', '', '', 0),
(48, 'P0020', 'novox-caplets', '15852', '85', '52', 0),
(49, 'P0020', 'iverhart-plus', '120', '2', '2', 0),
(50, 'P0021', 'Thyro-Tabs (L-Thyroxine)drug56', '200', '2', '5', 0),
(51, 'P0021', 'novox-caplets', '150', '1', '5', 0),
(52, 'P0022', '', '', '', '', 0),
(53, 'P0023', 'novox-caplets', '150', '3', '2', 0),
(54, 'P0024', '', '', '', '', 0),
(55, 'P0025', 'iverhart-plus', '150', '2', '5', 0),
(56, 'P0025', 'drug3Thyro-Tabs (L-Thyroxine)', '200', '3', '4', 0),
(57, 'P0025', 'Furosemide', '150', '2', '5', 0),
(58, 'P0025', 'novox-caplets', '200', '3', '4', 0),
(59, 'P0027', '', '', '', '', 0),
(60, 'P0028', '', '', '', '', 0),
(61, 'P0029', 'iverhart-plus', '150', '2', '5', 0),
(62, 'P0030', '', '', '', '', 0),
(63, 'P0031', '', '', '', '', 0),
(64, 'P0032', '', '', '', '', 0),
(65, 'P0033', '', '', '', '', 0),
(66, 'P0034', '', '', '', '', 0),
(67, 'P0035', '', '', '', '', 0),
(68, 'P0036', '', '', '', '', 0),
(69, 'P0037', '', '', '', '', 0),
(70, 'P0038', '', '', '', '', 0),
(71, 'P0039', 'novox-caplets', '150', '3', '5', 0),
(72, 'P0039', 'iverhart-plus', '100', '2', '3', 0),
(73, 'P0040', 'Selxcto', '150', '2', '3', 0),
(74, 'P0040', 'dewarming Xp4', '100', '2', '3', 0),
(75, 'P0041', 'Revolution II', '200', '2', '3', 0),
(76, 'P0042', '', '', '', '', 0),
(77, 'P0043', '', '', '', '', 0),
(78, 'P0044', '', '', '', '', 0),
(79, 'P0045', '', '', '', '', 0),
(80, 'P0046', 'drug 1', '150', '2', '5', 0),
(81, 'P0046', 'drug2', '123', '2', '5', 0);

-- --------------------------------------------------------

--
-- Table structure for table `tbl_frontend_contactus`
--

CREATE TABLE IF NOT EXISTS `tbl_frontend_contactus` (
  `id` int(11) NOT NULL AUTO_INCREMENT,
  `name` varchar(150) NOT NULL,
  `email` varchar(100) NOT NULL,
  `subject` varchar(1500) NOT NULL,
  `message` text NOT NULL,
  `status` int(1) NOT NULL,
  PRIMARY KEY (`id`)
) ENGINE=InnoDB  DEFAULT CHARSET=latin1 AUTO_INCREMENT=5 ;

--
-- Dumping data for table `tbl_frontend_contactus`
--

INSERT INTO `tbl_frontend_contactus` (`id`, `name`, `email`, `subject`, `message`, `status`) VALUES
(2, 'chathu', 'chathushkacomm@gmail.com', 'httt', 'ttttt', 1),
(3, 'hansani', 'chathushkahansani@gmail.com', 'ggggggg', 'gggfrrrrr', 1),
(4, 'G.D.Ravishka Iroshana', 'ravishka123iroshana@gmail.com', 'Appointments', 'How can I make appointments through this site', 0);

-- --------------------------------------------------------

--
-- Table structure for table `tbl_invoice_pharmacy_items`
--

CREATE TABLE IF NOT EXISTS `tbl_invoice_pharmacy_items` (
  `id` int(11) NOT NULL AUTO_INCREMENT,
  `issue_id` varchar(20) NOT NULL,
  `item_id` varchar(20) NOT NULL,
  `quantity` varchar(20) NOT NULL,
  `sub_total_payment` decimal(10,2) NOT NULL,
  `status` int(1) NOT NULL,
  PRIMARY KEY (`id`)
) ENGINE=InnoDB  DEFAULT CHARSET=latin1 AUTO_INCREMENT=147 ;

--
-- Dumping data for table `tbl_invoice_pharmacy_items`
--

INSERT INTO `tbl_invoice_pharmacy_items` (`id`, `issue_id`, `item_id`, `quantity`, `sub_total_payment`, `status`) VALUES
(1, 'II0001', 'I0001', '54', '1350.00', 0),
(2, 'II0001', 'I0002', '20', '400.00', 0),
(3, 'II0001', 'I0003', '15', '330.00', 0),
(4, 'II0002', 'I0001', '20', '500.00', 0),
(5, 'II0002', 'I0002', '30', '600.00', 0),
(6, 'II0003', 'I0001', '14', '350.00', 0),
(7, 'II0003', 'I0002', '18', '360.00', 0),
(8, 'II0003', 'I0003', '20', '440.00', 0),
(9, 'II0004', 'I0002', '10', '200.00', 0),
(10, 'II0004', 'I0005', '11', '275.00', 0),
(11, 'II0005', 'I0002', '12', '240.00', 0),
(12, 'II0005', 'I0005', '14', '350.00', 0),
(13, 'II0006', 'I0002', '16', '320.00', 0),
(14, 'II0007', 'I0005', '6', '150.00', 0),
(15, 'II0008', 'I0002', '5', '100.00', 0),
(16, 'II0008', 'I0005', '24', '600.00', 0),
(17, 'II0009', 'I0001', '20', '500.00', 0),
(18, 'II0009', 'I0002', '16', '320.00', 0),
(19, 'II0010', 'I0002', '15', '300.00', 0),
(20, 'II0010', 'I0005', '16', '400.00', 0),
(21, 'II0011', 'I0003', '5', '110.00', 0),
(22, 'II0011', 'I0002', '20', '400.00', 0),
(23, 'II0012', 'I0003', '12', '264.00', 0),
(24, 'II0012', 'I0004', '2', '50.00', 0),
(25, 'II0013', 'I0003', '15', '330.00', 0),
(26, 'II0013', 'I0002', '30', '600.00', 0),
(27, 'II0014', 'I0002', '20', '400.00', 0),
(28, 'II0014', 'I0005', '6', '150.00', 0),
(29, 'II0015', 'I0002', '6', '120.00', 0),
(30, 'II0015', 'I0003', '15', '330.00', 0),
(31, 'II0015', 'I0005', '8', '200.00', 0),
(32, 'II0016', 'I0002', '6', '120.00', 0),
(33, 'II0016', 'I0003', '30', '660.00', 0),
(34, 'II0016', 'I0004', '36', '900.00', 0),
(35, 'II0017', 'I0002', '9', '180.00', 0),
(36, 'II0017', 'I0003', '6', '132.00', 0),
(37, 'II0018', 'I0002', '15', '300.00', 0),
(38, 'II0018', 'I0003', '18', '396.00', 0),
(39, 'II0019', 'I0009', '1', '200.00', 0),
(40, 'II0019', 'I0003', '10', '220.00', 0),
(41, 'II0020', 'I0002', '10', '200.00', 0),
(42, 'II0020', 'I0003', '12', '264.00', 0),
(43, 'II0021', 'I0002', '9', '180.00', 0),
(44, 'II0021', 'I0003', '4', '88.00', 0),
(45, 'II0022', 'I0003', '4', '88.00', 0),
(46, 'II0022', 'I0002', '12', '240.00', 0),
(47, 'II0023', 'I0002', '9', '160.00', 0),
(48, 'II0023', 'I0003', '4', '44.00', 0),
(49, 'II0024', 'I0002', '6', '120.00', 0),
(50, 'II0024', 'I0001', '14', '350.00', 0),
(51, 'II0025', 'I0002', '10', '200.00', 0),
(52, 'II0025', 'I0001', '6', '150.00', 0),
(53, 'II0026', 'I0003', '4', '88.00', 0),
(54, 'II0026', 'I0001', '4', '100.00', 0),
(55, 'II0027', 'I0002', '6', '120.00', 0),
(56, 'II0027', 'I0003', '4', '88.00', 0),
(57, 'II0028', 'I0002', '10', '200.00', 0),
(58, 'II0028', 'I0003', '5', '110.00', 0),
(59, 'II0029', 'I0002', '12', '240.00', 0),
(60, 'II0029', 'I0003', '1', '22.00', 0),
(61, 'II0030', 'I0003', '8', '176.00', 0),
(62, 'II0030', 'I0001', '7', '175.00', 0),
(63, 'II0031', 'I0002', '16', '320.00', 0),
(64, 'II0031', 'I0003', '5', '110.00', 0),
(65, 'II0032', 'I0001', '11', '275.00', 0),
(66, 'II0032', 'I0003', '6', '132.00', 0),
(67, 'II0032', 'I0002', '12', '240.00', 0),
(68, 'II0032', 'I0009', '1', '200.00', 0),
(69, 'II0033', 'I0002', '10', '200.00', 0),
(70, 'II0033', 'I0001', '11', '275.00', 0),
(71, 'II0033', 'I0003', '5', '110.00', 0),
(72, 'II0033', 'I0007', '15', '300.00', 0),
(73, 'II0033', 'I0009', '1', '200.00', 0),
(74, 'II0034', 'I0001', '6', '150.00', 0),
(75, 'II0034', 'I0003', '15', '330.00', 0),
(76, 'II0034', 'I0002', '8', '160.00', 0),
(77, 'II0034', 'I0007', '15', '300.00', 0),
(78, 'II0035', 'I0001', '8', '200.00', 0),
(79, 'II0035', 'I0002', '4', '80.00', 0),
(80, 'II0035', 'I0003', '1', '22.00', 0),
(81, 'II0035', 'I0007', '6', '120.00', 0),
(82, 'II0036', 'I0007', '10', '200.00', 0),
(83, 'II0036', 'I0001', '7', '175.00', 0),
(84, 'II0037', 'I0001', '4', '100.00', 0),
(85, 'II0038', 'I0007', '2', '40.00', 0),
(86, 'II0039', 'I0007', '2', '40.00', 0),
(87, 'II0040', 'I0001', '4', '100.00', 0),
(88, 'II0041', 'I0001', '6', '150.00', 0),
(89, 'II0041', 'I0002', '6', '120.00', 0),
(90, 'II0041', 'I0003', '6', '132.00', 0),
(91, 'II0041', 'I0007', '6', '120.00', 0),
(92, 'II0042', 'I0001', '4', '100.00', 0),
(93, 'II0042', 'I0003', '6', '132.00', 0),
(94, 'II0042', 'I0002', '6', '120.00', 0),
(95, 'II0042', 'I0007', '1', '20.00', 0),
(96, 'II0043', 'I0001', '4', '100.00', 0),
(97, 'II0043', 'I0002', '4', '80.00', 0),
(98, 'II0043', 'I0003', '2', '44.00', 0),
(99, 'II0043', 'I0008', '8', '160.00', 0),
(100, 'II0044', 'I0002', '4', '80.00', 0),
(101, 'II0044', 'I0001', '2', '50.00', 0),
(102, 'II0044', 'I0007', '10', '200.00', 0),
(103, 'II0045', 'I0001', '3', '75.00', 0),
(104, 'II0045', 'I0002', '8', '160.00', 0),
(105, 'II0045', 'I0007', '4', '80.00', 0),
(106, 'II0046', 'I0002', '4', '80.00', 0),
(107, 'II0046', 'I0001', '4', '100.00', 0),
(108, 'II0046', 'I0007', '4', '80.00', 0),
(109, 'II0047', 'I0001', '4', '100.00', 0),
(110, 'II0047', 'I0002', '4', '80.00', 0),
(111, 'II0047', 'I0007', '2', '40.00', 0),
(112, 'II0047', 'I0009', '1', '200.00', 0),
(113, 'II0048', 'I0001', '4', '100.00', 0),
(114, 'II0048', 'I0002', '4', '80.00', 0),
(115, 'II0048', 'I0007', '4', '80.00', 0),
(116, 'II0048', 'I0009', '1', '200.00', 0),
(117, 'II0049', 'I0001', '2', '50.00', 0),
(118, 'II0049', 'I0002', '4', '80.00', 0),
(119, 'II0049', 'I0007', '4', '80.00', 0),
(120, 'II0049', 'I0009', '4', '800.00', 0),
(121, 'II0050', 'I0001', '2', '50.00', 0),
(122, 'II0050', 'I0007', '3', '60.00', 0),
(123, 'II0050', 'I0002', '2', '40.00', 0),
(124, 'II0051', 'I0001', '2', '50.00', 0),
(125, 'II0051', 'I0002', '4', '80.00', 0),
(126, 'II0051', 'I0007', '8', '160.00', 0),
(127, 'II0052', 'I0001', '2', '50.00', 0),
(128, 'II0052', 'I0002', '9', '180.00', 0),
(129, 'II0052', 'I0007', '2', '40.00', 0),
(130, 'II0053', 'I0002', '2', '40.00', 0),
(131, 'II0053', 'I0001', '8', '200.00', 0),
(132, 'II0053', 'I0007', '8', '160.00', 0),
(133, 'II0054', 'I0001', '4', '100.00', 0),
(134, 'II0054', 'I0007', '8', '160.00', 0),
(135, 'II0054', 'I0009', '1', '200.00', 0),
(136, 'II0055', 'I0001', '6', '150.00', 0),
(137, 'II0055', 'I0007', '8', '160.00', 0),
(138, 'II0055', 'I0009', '1', '200.00', 0),
(139, 'II0056', 'I0001', '10', '250.00', 0),
(140, 'II0056', 'I0007', '4', '80.00', 0),
(141, 'II0056', 'I0009', '1', '200.00', 0),
(142, 'II0057', 'I0002', '3', '60.00', 0),
(143, 'II0057', 'I0009', '1', '200.00', 0),
(144, 'II0057', 'I0007', '15', '300.00', 0),
(145, 'II0058', 'I0002', '24', '480.00', 0),
(146, 'II0058', 'I0003', '10', '220.00', 0);

-- --------------------------------------------------------

--
-- Table structure for table `tbl_issued_pharmacy_items`
--

CREATE TABLE IF NOT EXISTS `tbl_issued_pharmacy_items` (
  `id` int(11) NOT NULL AUTO_INCREMENT,
  `issue_id` varchar(10) NOT NULL,
  `item_id` varchar(10) NOT NULL,
  `strength` varchar(10) NOT NULL,
  `selling_price` decimal(10,2) NOT NULL,
  `dose` varchar(10) NOT NULL,
  `sequence` varchar(10) NOT NULL,
  `duration` varchar(10) NOT NULL,
  `quantity` varchar(20) NOT NULL,
  `status` int(1) NOT NULL,
  PRIMARY KEY (`id`)
) ENGINE=InnoDB  DEFAULT CHARSET=latin1 AUTO_INCREMENT=147 ;

--
-- Dumping data for table `tbl_issued_pharmacy_items`
--

INSERT INTO `tbl_issued_pharmacy_items` (`id`, `issue_id`, `item_id`, `strength`, `selling_price`, `dose`, `sequence`, `duration`, `quantity`, `status`) VALUES
(1, 'II0001', 'I0001', '150', '25.00', '100', '2', '40', '54', 0),
(2, 'II0001', 'I0002', '100', '20.00', '200', '2', '5', '20', 0),
(3, 'II0001', 'I0003', '200', '22.00', '100', '3', '10', '15', 0),
(4, 'II0002', 'I0001', '150', '25.00', '200', '3', '5', '20', 0),
(5, 'II0002', 'I0002', '100', '20.00', '150', '4', '5', '30', 0),
(6, 'II0003', 'I0001', '150', '25.00', '200', '2', '5', '14', 0),
(7, 'II0003', 'I0002', '100', '20.00', '150', '3', '4', '18', 0),
(8, 'II0003', 'I0003', '200', '22.00', '200', '4', '5', '20', 0),
(9, 'II0004', 'I0002', '100', '20.00', '100', '2', '5', '10', 0),
(10, 'II0004', 'I0005', '150', '25.00', '200', '2', '4', '11', 0),
(11, 'II0005', 'I0002', '100', '20.00', '200', '2', '3', '12', 0),
(12, 'II0005', 'I0005', '150', '25.00', '200', '2', '5', '14', 0),
(13, 'II0006', 'I0002', '100', '20.00', '200', '2', '4', '16', 0),
(14, 'II0007', 'I0005', '150', '25.00', '100', '2', '4', '6', 0),
(15, 'II0008', 'I0002', '100', '20.00', '50', '2', '5', '5', 0),
(16, 'II0008', 'I0005', '150', '25.00', '300', '3', '4', '24', 0),
(17, 'II0009', 'I0001', '150', '25.00', '300', '2', '5', '20', 0),
(18, 'II0009', 'I0002', '100', '20.00', '200', '2', '4', '16', 0),
(19, 'II0010', 'I0002', '100', '20.00', '150', '2', '5', '15', 0),
(20, 'II0010', 'I0005', '150', '25.00', '200', '3', '4', '16', 0),
(21, 'II0011', 'I0003', '200', '22.00', '150', '2', '3', '5', 0),
(22, 'II0011', 'I0002', '100', '20.00', '200', '2', '5', '20', 0),
(23, 'II0012', 'I0003', '200', '22.00', '200', '3', '4', '12', 0),
(24, 'II0012', 'I0004', '200', '25.00', '200', '1', '2', '2', 0),
(25, 'II0013', 'I0003', '200', '22.00', '200', '3', '5', '15', 0),
(26, 'II0013', 'I0002', '100', '20.00', '200', '5', '3', '30', 0),
(27, 'II0014', 'I0002', '100', '20.00', '200', '2', '5', '20', 0),
(28, 'II0014', 'I0005', '150', '25.00', '150', '3', '2', '6', 0),
(29, 'II0015', 'I0002', '100', '20.00', '100', '2', '3', '6', 0),
(30, 'II0015', 'I0003', '200', '22.00', '200', '3', '5', '15', 0),
(31, 'II0015', 'I0005', '150', '25.00', '150', '2', '4', '8', 0),
(32, 'II0016', 'I0002', '100', '20.00', '100', '2', '3', '6', 0),
(33, 'II0016', 'I0003', '200', '22.00', '200', '6', '5', '30', 0),
(34, 'II0016', 'I0004', '200', '25.00', '150', '6', '8', '36', 0),
(35, 'II0017', 'I0002', '100', '20.00', '150', '2', '3', '9', 0),
(36, 'II0017', 'I0003', '200', '22.00', '100', '3', '4', '6', 0),
(37, 'II0018', 'I0002', '100', '20.00', '100', '3', '5', '15', 0),
(38, 'II0018', 'I0003', '200', '22.00', '200', '3', '6', '18', 0),
(39, 'II0019', 'I0009', '200', '200.00', '', '', '', '1', 0),
(40, 'II0019', 'I0003', '200', '22.00', '200', '2', '5', '10', 0),
(41, 'II0020', 'I0002', '100', '20.00', '100', '2', '5', '10', 0),
(42, 'II0020', 'I0003', '200', '22.00', '200', '3', '4', '12', 0),
(43, 'II0021', 'I0002', '100', '20.00', '150', '2', '3', '9', 0),
(44, 'II0021', 'I0003', '200', '22.00', '200', '2', '2', '4', 0),
(45, 'II0022', 'I0003', '200', '22.00', '200', '2', '2', '4', 0),
(46, 'II0022', 'I0002', '100', '20.00', '200', '3', '2', '12', 0),
(47, 'II0023', 'I0002', '100', '20.00', '200', '2', '2', '8', 0),
(48, 'II0023', 'I0003', '200', '22.00', '100', '2', '2', '2', 0),
(49, 'II0024', 'I0002', '100', '20.00', '200', '3', '1', '6', 0),
(50, 'II0024', 'I0001', '150', '25.00', '200', '2', '5', '14', 0),
(51, 'II0025', 'I0002', '100', '20.00', '100', '5', '2', '10', 0),
(52, 'II0025', 'I0001', '150', '25.00', '200', '2', '2', '6', 0),
(53, 'II0026', 'I0003', '200', '22.00', '200', '2', '2', '4', 0),
(54, 'II0026', 'I0001', '150', '25.00', '120', '2', '2', '4', 0),
(55, 'II0027', 'I0002', '100', '20.00', '100', '2', '3', '6', 0),
(56, 'II0027', 'I0003', '200', '22.00', '200', '1', '4', '4', 0),
(57, 'II0028', 'I0002', '100', '20.00', '200', '1', '5', '10', 0),
(58, 'II0028', 'I0003', '200', '22.00', '150', '3', '2', '5', 0),
(59, 'II0029', 'I0002', '100', '20.00', '200', '2', '3', '12', 0),
(60, 'II0029', 'I0003', '200', '22.00', '100', '2', '1', '1', 0),
(61, 'II0030', 'I0003', '200', '22.00', '200', '2', '4', '8', 0),
(62, 'II0030', 'I0001', '150', '25.00', '100', '2', '5', '7', 0),
(63, 'II0031', 'I0002', '100', '20.00', '200', '2', '4', '16', 0),
(64, 'II0031', 'I0003', '200', '22.00', '100', '2', '5', '5', 0),
(65, 'II0032', 'I0001', '150', '25.00', '200', '2', '4', '11', 0),
(66, 'II0032', 'I0003', '200', '22.00', '200', '3', '2', '6', 0),
(67, 'II0032', 'I0002', '100', '20.00', '100', '3', '4', '12', 0),
(68, 'II0032', 'I0009', '200', '200.00', '', '', '', '1', 0),
(69, 'II0033', 'I0002', '100', '20.00', '100', '2', '5', '10', 0),
(70, 'II0033', 'I0001', '150', '25.00', '200', '2', '4', '11', 0),
(71, 'II0033', 'I0003', '200', '22.00', '100', '2', '5', '5', 0),
(72, 'II0033', 'I0007', '200', '20.00', '200', '3', '5', '15', 0),
(73, 'II0033', 'I0009', '200', '200.00', '', '', '', '1', 0),
(74, 'II0034', 'I0001', '150', '25.00', '200', '2', '2', '6', 0),
(75, 'II0034', 'I0003', '200', '22.00', '200', '3', '5', '15', 0),
(76, 'II0034', 'I0002', '100', '20.00', '200', '1', '4', '8', 0),
(77, 'II0034', 'I0007', '200', '20.00', '200', '3', '5', '15', 0),
(78, 'II0035', 'I0001', '150', '25.00', '200', '2', '3', '8', 0),
(79, 'II0035', 'I0002', '100', '20.00', '200', '1', '2', '4', 0),
(80, 'II0035', 'I0003', '200', '22.00', '200', '1', '1', '1', 0),
(81, 'II0035', 'I0007', '200', '20.00', '150', '2', '4', '6', 0),
(82, 'II0036', 'I0007', '200', '20.00', '200', '2', '5', '10', 0),
(83, 'II0036', 'I0001', '150', '25.00', '100', '2', '5', '7', 0),
(84, 'II0037', 'I0001', '150', '25.00', '150', '2', '2', '4', 0),
(85, 'II0038', 'I0007', '200', '20.00', '100', '2', '2', '2', 0),
(86, 'II0039', 'I0007', '200', '20.00', '200', '1', '2', '2', 0),
(87, 'II0040', 'I0001', '150', '25.00', '150', '2', '2', '4', 0),
(88, 'II0041', 'I0001', '150', '25.00', '150', '2', '3', '6', 0),
(89, 'II0041', 'I0002', '100', '20.00', '100', '3', '2', '6', 0),
(90, 'II0041', 'I0003', '200', '22.00', '200', '2', '3', '6', 0),
(91, 'II0041', 'I0007', '200', '20.00', '150', '2', '4', '6', 0),
(92, 'II0042', 'I0001', '150', '25.00', '150', '2', '2', '4', 0),
(93, 'II0042', 'I0003', '200', '22.00', '150', '2', '4', '6', 0),
(94, 'II0042', 'I0002', '100', '20.00', '100', '2', '3', '6', 0),
(95, 'II0042', 'I0007', '200', '20.00', '100', '1', '2', '1', 0),
(96, 'II0043', 'I0001', '150', '25.00', '150', '2', '2', '4', 0),
(97, 'II0043', 'I0002', '100', '20.00', '100', '2', '2', '4', 0),
(98, 'II0043', 'I0003', '200', '22.00', '200', '1', '2', '2', 0),
(99, 'II0043', 'I0008', '150', '20.00', '150', '2', '4', '8', 0),
(100, 'II0044', 'I0002', '100', '20.00', '100', '2', '2', '4', 0),
(101, 'II0044', 'I0001', '150', '25.00', '150', '1', '2', '2', 0),
(102, 'II0044', 'I0007', '200', '20.00', '200', '2', '5', '10', 0),
(103, 'II0045', 'I0001', '150', '25.00', '100', '2', '2', '3', 0),
(104, 'II0045', 'I0002', '100', '20.00', '200', '2', '2', '8', 0),
(105, 'II0045', 'I0007', '200', '20.00', '200', '2', '2', '4', 0),
(106, 'II0046', 'I0002', '100', '20.00', '100', '2', '2', '4', 0),
(107, 'II0046', 'I0001', '150', '25.00', '150', '2', '2', '4', 0),
(108, 'II0046', 'I0007', '200', '20.00', '200', '2', '2', '4', 0),
(109, 'II0047', 'I0001', '150', '25.00', '150', '2', '2', '4', 0),
(110, 'II0047', 'I0002', '100', '20.00', '100', '2', '2', '4', 0),
(111, 'II0047', 'I0007', '200', '20.00', '100', '1', '3', '2', 0),
(112, 'II0047', 'I0009', '200', '200.00', '', '', '', '1', 0),
(113, 'II0048', 'I0001', '150', '25.00', '150', '2', '2', '4', 0),
(114, 'II0048', 'I0002', '100', '20.00', '100', '2', '2', '4', 0),
(115, 'II0048', 'I0007', '200', '20.00', '200', '2', '2', '4', 0),
(116, 'II0048', 'I0009', '200', '200.00', '', '', '', '1', 0),
(117, 'II0049', 'I0001', '150', '25.00', '150', '1', '2', '2', 0),
(118, 'II0049', 'I0002', '100', '20.00', '100', '2', '2', '4', 0),
(119, 'II0049', 'I0007', '200', '20.00', '200', '2', '2', '4', 0),
(120, 'II0049', 'I0009', '200', '200.00', '200', '2', '2', '4', 0),
(121, 'II0050', 'I0001', '150', '25.00', '100', '1', '2', '2', 0),
(122, 'II0050', 'I0007', '200', '20.00', '200', '1', '3', '3', 0),
(123, 'II0050', 'I0002', '100', '20.00', '100', '1', '2', '2', 0),
(124, 'II0051', 'I0001', '150', '25.00', '150', '1', '2', '2', 0),
(125, 'II0051', 'I0002', '100', '20.00', '200', '2', '1', '4', 0),
(126, 'II0051', 'I0007', '200', '20.00', '200', '2', '4', '8', 0),
(127, 'II0052', 'I0001', '150', '25.00', '150', '1', '2', '2', 0),
(128, 'II0052', 'I0002', '100', '20.00', '150', '3', '2', '9', 0),
(129, 'II0052', 'I0007', '200', '20.00', '200', '2', '1', '2', 0),
(130, 'II0053', 'I0002', '100', '20.00', '100', '1', '2', '2', 0),
(131, 'II0053', 'I0001', '150', '25.00', '150', '2', '4', '8', 0),
(132, 'II0053', 'I0007', '200', '20.00', '200', '2', '4', '8', 0),
(133, 'II0054', 'I0001', '150', '25.00', '150', '2', '2', '4', 0),
(134, 'II0054', 'I0007', '200', '20.00', '200', '2', '4', '8', 0),
(135, 'II0054', 'I0009', '200', '200.00', '', '', '', '1', 0),
(136, 'II0055', 'I0001', '150', '25.00', '150', '2', '3', '6', 0),
(137, 'II0055', 'I0007', '200', '20.00', '200', '2', '4', '8', 0),
(138, 'II0055', 'I0009', '200', '200.00', '', '', '', '1', 0),
(139, 'II0056', 'I0001', '150', '25.00', '150', '2', '5', '10', 0),
(140, 'II0056', 'I0007', '200', '20.00', '200', '2', '2', '4', 0),
(141, 'II0056', 'I0009', '200', '200.00', '', '', '', '1', 0),
(142, 'II0057', 'I0002', '100', '20.00', '100', '3', '1', '3', 0),
(143, 'II0057', 'I0009', '200', '200.00', '', '', '', '1', 0),
(144, 'II0057', 'I0007', '200', '20.00', '200', '3', '5', '15', 0),
(145, 'II0058', 'I0002', '100', '20.00', '200', '3', '4', '24', 0),
(146, 'II0058', 'I0003', '200', '22.00', '100', '4', '5', '10', 0);

-- --------------------------------------------------------

--
-- Table structure for table `tbl_issue_item_pharmacy`
--

CREATE TABLE IF NOT EXISTS `tbl_issue_item_pharmacy` (
  `issue_id` varchar(20) NOT NULL,
  `pharmacist_id` varchar(10) NOT NULL,
  `issue_date` date NOT NULL,
  `pres_id` varchar(20) NOT NULL,
  `diagnose_name` varchar(20) NOT NULL,
  `description` varchar(50) NOT NULL,
  `total_payment` decimal(10,2) NOT NULL,
  `discount` varchar(20) NOT NULL,
  `vat` varchar(20) NOT NULL,
  `invoiced_total_payment` decimal(10,2) NOT NULL,
  `payment_type` varchar(20) NOT NULL,
  `cash_payment` decimal(10,2) NOT NULL,
  `card_type` varchar(20) NOT NULL,
  `credit_payment` decimal(10,2) NOT NULL,
  `first_4digits_last_4digits` int(8) NOT NULL,
  `bank_name` varchar(20) NOT NULL,
  `status` int(1) NOT NULL,
  PRIMARY KEY (`issue_id`)
) ENGINE=InnoDB DEFAULT CHARSET=latin1;

--
-- Dumping data for table `tbl_issue_item_pharmacy`
--

INSERT INTO `tbl_issue_item_pharmacy` (`issue_id`, `pharmacist_id`, `issue_date`, `pres_id`, `diagnose_name`, `description`, `total_payment`, `discount`, `vat`, `invoiced_total_payment`, `payment_type`, `cash_payment`, `card_type`, `credit_payment`, `first_4digits_last_4digits`, `bank_name`, `status`) VALUES
('II0001', 'PH0001', '2016-09-18', 'P0001', 'Skin Rash', 'no', '2080.00', '0', '8', '2246.40', 'credit_payment', '2246.40', 'master', '2246.40', 2222, 'Nations Trust Bank', 0),
('II0002', 'PH0001', '2016-09-19', '0', 'skin rash', 'no', '1100.00', '0', '8', '1188.00', 'cash_payment', '1188.00', 'visa', '1188.00', 0, '--Select--', 0),
('II0003', 'PH0001', '2016-09-24', 'P0002', 'Skin rashes', 'no description', '1150.00', '0', '8', '1242.00', 'cash_payment', '1242.00', 'visa', '1242.00', 0, '--Select--', 0),
('II0004', 'PH0001', '2016-10-22', 'P0001', '', '', '475.00', '0', '8', '513.00', 'cash_payment', '513.00', 'visa', '513.00', 0, 'Sampath Bank', 0),
('II0005', 'PH0001', '2016-10-22', '0', '', '', '590.00', '0', '8', '637.20', 'cash_payment', '637.20', 'visa', '637.20', 0, '--Select--', 0),
('II0006', 'PH0001', '2016-10-22', '0', 'Blood Parasites', 'no', '320.00', '0', '8', '345.60', 'cash_payment', '345.60', 'visa', '345.60', 0, '--Select--', 0),
('II0007', 'PH0001', '2016-10-22', '0', 'Blood Parasites', '', '150.00', '0', '8', '162.00', 'cash_payment', '162.00', 'visa', '162.00', 0, '--Select--', 0),
('II0008', 'PH0001', '2016-10-23', 'P0003', '', '', '700.00', '0', '8', '756.00', 'cash_payment', '756.00', 'visa', '756.00', 0, '--Select--', 0),
('II0009', 'PH0001', '2016-10-24', 'P0003', '', '', '820.00', '0', '8', '885.60', 'cash_payment', '885.60', 'master', '885.60', 0, '--Select--', 0),
('II0010', 'PH0001', '2016-11-18', 'P0026', 'skin rash', '', '700.00', '10', '8', '680.40', 'cash_payment', '680.40', 'master', '680.40', 0, '--Select--', 0),
('II0011', 'PH0001', '2016-11-28', '0', '', '', '510.00', '5', '8', '550.80', 'cash_payment', '550.80', 'visa', '550.80', 0, '', 0),
('II0012', 'PH0001', '2016-11-28', '0', '', '', '314.00', '0', '8', '339.12', 'cash_payment', '339.12', 'visa', '339.12', 0, '', 0),
('II0013', 'PH0001', '2016-11-28', '0', '', '', '930.00', '5', '8', '954.18', 'cash_payment', '954.18', 'visa', '954.18', 0, '', 0),
('II0014', 'PH0001', '2016-11-28', '0', '', '', '550.00', '0', '8', '594.00', 'cash_payment', '594.00', 'visa', '594.00', 0, '', 0),
('II0015', 'PH0001', '2016-11-28', '0', '', '', '650.00', '5', '8', '666.90', 'credit_payment', '666.90', 'master', '666.90', 12345658, 'Commercial Bank', 0),
('II0016', 'PH0001', '2016-11-28', '0', '', '', '1680.00', '5', '8', '1723.68', 'cash_payment', '1723.68', 'visa', '1723.68', 0, '', 0),
('II0017', 'PH0001', '2016-11-28', '0', '', '', '312.00', '0', '8', '336.96', 'cash_payment', '336.96', 'visa', '336.96', 0, '', 0),
('II0018', 'PH0001', '2016-11-28', '0', '', '', '696.00', '5', '8', '714.10', 'cash_payment', '714.10', 'visa', '714.10', 0, '', 0),
('II0019', '0', '2016-11-28', '0', '', '', '420.00', '0', '8', '453.60', 'cash_payment', '453.60', 'visa', '453.60', 0, '', 0),
('II0020', '0', '2016-11-29', '0', '', '', '464.00', '0', '8', '501.12', 'cash_payment', '501.12', 'visa', '501.12', 0, '', 0),
('II0021', '0', '2016-11-29', '0', '', '', '268.00', '0', '8', '289.44', 'cash_payment', '289.44', 'visa', '289.44', 0, '', 0),
('II0022', '0', '2016-11-29', '0', '', '', '328.00', '0', '8', '354.24', 'cash_payment', '354.24', 'visa', '354.24', 0, '', 0),
('II0023', '0', '2016-11-29', '0', '', '', '204.00', '0', '8', '220.32', 'cash_payment', '220.32', 'visa', '220.32', 0, '', 0),
('II0024', '0', '2016-11-29', '0', '', '', '470.00', '0', '8', '507.60', 'cash_payment', '507.60', 'visa', '507.60', 0, '', 0),
('II0025', '0', '2016-11-29', '0', '', '', '350.00', '0', '8', '378.00', 'cash_payment', '378.00', 'visa', '378.00', 0, '', 0),
('II0026', '1212', '2016-11-29', '0', '', '', '188.00', '5', '8', '192.89', 'cash_payment', '192.89', 'visa', '192.89', 0, '', 0),
('II0027', '1212', '2016-11-29', '0', '', '', '208.00', '5', '8', '213.41', 'cash_payment', '213.41', 'visa', '213.41', 0, '', 0),
('II0028', '1212', '2016-11-29', '0', '', '', '310.00', '2', '8', '328.10', 'credit_payment', '328.10', 'master', '328.10', 12345678, 'Commercial Bank', 0),
('II0029', '1212', '2016-11-29', '0', '', '', '262.00', '5', '8', '268.81', 'cash_payment', '268.81', 'visa', '268.81', 0, '', 0),
('II0030', '1212', '2016-11-29', '0', '', '', '351.00', '5', '8', '360.13', 'cash_payment', '360.13', 'visa', '360.13', 0, '', 0),
('II0031', '1212', '2016-11-29', '0', '', '', '430.00', '5', '8', '441.18', 'cash_payment', '441.18', 'visa', '441.18', 0, '', 0),
('II0032', '1212', '2016-11-30', '0', '', '', '847.00', '5', '8', '869.02', 'cash_payment', '869.02', 'visa', '869.02', 0, '', 0),
('II0033', '1212', '2016-11-30', '0', '', '', '1085.00', '5', '8', '1113.21', 'cash_payment', '1113.21', 'visa', '1113.21', 0, '', 0),
('II0034', '1212', '2016-11-30', '0', '', '', '940.00', '5', '8', '964.44', 'cash_payment', '964.44', 'visa', '964.44', 0, '', 0),
('II0035', '1212', '2016-11-30', '0', '', '', '422.00', '5', '8', '432.97', 'cash_payment', '432.97', 'visa', '432.97', 0, '', 0),
('II0036', '1212', '2016-11-30', '0', '', '', '375.00', '10', '8', '364.50', 'cash_payment', '364.50', 'visa', '364.50', 0, '', 0),
('II0037', '1212', '2016-11-30', '0', '', '', '100.00', '2', '8', '105.84', 'cash_payment', '105.84', 'visa', '105.84', 0, '', 0),
('II0038', '1212', '2016-11-30', '0', '', '', '40.00', '2', '8', '42.34', 'cash_payment', '42.34', 'visa', '42.34', 0, '', 0),
('II0039', '1212', '2016-11-30', '0', '', '', '40.00', '2', '8', '42.34', 'cash_payment', '42.34', 'visa', '42.34', 0, '', 0),
('II0040', '1212', '2016-11-30', '0', '', '', '100.00', '2', '8', '105.84', 'cash_payment', '105.84', 'visa', '105.84', 0, '', 0),
('II0041', '1212', '2016-11-30', '0', '', '', '522.00', '5', '8', '535.57', 'cash_payment', '535.57', 'visa', '535.57', 0, '', 0),
('II0042', '1212', '2016-11-30', '0', '', '', '372.00', '2', '8', '401.76', 'cash_payment', '401.76', 'visa', '401.76', 0, '', 0),
('II0043', '1212', '2016-11-30', '0', '', '', '384.00', '2', '8', '406.43', 'cash_payment', '406.43', 'visa', '406.43', 0, '', 0),
('II0044', '1212', '2016-11-30', '0', '', '', '330.00', '2', '8', '349.27', 'cash_payment', '349.27', 'visa', '349.27', 0, '', 0),
('II0045', '1212', '2016-11-30', '0', '', '', '315.00', '2', '8', '333.40', 'cash_payment', '333.40', 'visa', '333.40', 0, '', 0),
('II0046', '1212', '2016-11-30', '0', '', '', '260.00', '2', '8', '275.18', 'cash_payment', '275.18', 'visa', '275.18', 0, '', 0),
('II0047', '1212', '2016-11-30', '0', '', '', '420.00', '2', '8', '444.53', 'cash_payment', '444.53', 'visa', '444.53', 0, '', 0),
('II0048', '1212', '2016-11-30', '0', '', '', '460.00', '3', '8', '481.90', 'cash_payment', '481.90', 'visa', '481.90', 0, '', 0),
('II0049', '1212', '2016-11-30', '0', '', '', '1010.00', '2', '8', '1068.98', 'cash_payment', '1068.98', 'visa', '1068.98', 0, '', 0),
('II0050', 'PH0001', '2016-12-01', '0', '', '', '150.00', '2', '8', '158.76', 'cash_payment', '158.76', 'visa', '158.76', 0, '', 0),
('II0051', 'PH0001', '2016-12-01', '0', '', '', '290.00', '2', '8', '306.94', 'cash_payment', '306.94', 'visa', '306.94', 0, '', 0),
('II0052', 'PH0001', '2016-12-01', '0', '', '', '270.00', '2', '8', '285.77', 'cash_payment', '285.77', 'visa', '285.77', 0, '', 0),
('II0053', 'PH0001', '2016-12-01', '0', '', '', '400.00', '3', '8', '419.04', 'cash_payment', '419.04', 'visa', '419.04', 0, '', 0),
('II0054', 'PH0001', '2016-12-01', '0', '', '', '460.00', '2', '8', '486.86', 'cash_payment', '486.86', 'visa', '486.86', 0, '', 0),
('II0055', 'PH0001', '2016-12-01', '0', '', '', '510.00', '2', '8', '539.78', 'cash_payment', '539.78', 'visa', '539.78', 0, '', 0),
('II0056', 'PH0001', '2016-12-09', '0', '', '', '530.00', '5', '8', '543.78', 'cash_payment', '543.78', 'visa', '543.78', 0, '', 0),
('II0057', 'PH0001', '2016-12-10', '0', '', '', '560.00', '5', '8', '574.56', 'cash_payment', '574.56', 'visa', '574.56', 0, '', 0),
('II0058', 'PH0001', '2016-12-30', 'P0046', '', '', '700.00', '15', '8', '642.60', 'cash_payment', '642.60', 'visa', '642.60', 0, '', 0);

-- --------------------------------------------------------

--
-- Table structure for table `tbl_measuring_units_pharmacy`
--

CREATE TABLE IF NOT EXISTS `tbl_measuring_units_pharmacy` (
  `measuring_unit_id` varchar(10) NOT NULL,
  `measuring_unit_name` varchar(20) NOT NULL,
  `status` int(1) NOT NULL,
  PRIMARY KEY (`measuring_unit_id`)
) ENGINE=InnoDB DEFAULT CHARSET=latin1;

--
-- Dumping data for table `tbl_measuring_units_pharmacy`
--

INSERT INTO `tbl_measuring_units_pharmacy` (`measuring_unit_id`, `measuring_unit_name`, `status`) VALUES
('MU0001', 'Capsules', 0),
('MU0002', 'Pills', 0),
('MU0003', 'Syrups', 0);

-- --------------------------------------------------------

--
-- Table structure for table `tbl_nurse`
--

CREATE TABLE IF NOT EXISTS `tbl_nurse` (
  `nurse_id` int(11) NOT NULL,
  `title` varchar(10) NOT NULL,
  `initials` varchar(20) NOT NULL,
  `first_name` varchar(60) NOT NULL,
  `last_name` varchar(60) NOT NULL,
  `full_name` varchar(150) NOT NULL,
  `dob` date NOT NULL,
  `email` varchar(60) NOT NULL,
  `nic` varchar(10) NOT NULL,
  `gender` varchar(20) NOT NULL,
  `address` varchar(150) NOT NULL,
  `mobile` varchar(10) NOT NULL,
  `telephone` varchar(10) NOT NULL,
  `image_ext` varchar(20) NOT NULL,
  `nurse_status` int(1) NOT NULL,
  PRIMARY KEY (`nurse_id`)
) ENGINE=InnoDB DEFAULT CHARSET=latin1;

--
-- Dumping data for table `tbl_nurse`
--

INSERT INTO `tbl_nurse` (`nurse_id`, `title`, `initials`, `first_name`, `last_name`, `full_name`, `dob`, `email`, `nic`, `gender`, `address`, `mobile`, `telephone`, `image_ext`, `nurse_status`) VALUES
(1212, 'Admin', 'G.D.', 'Chathushka', 'Hansani', 'G.D.Chathushka Hansani', '1992-10-16', 'chathushkahansani@gmail.com', '92', 'Female', 'No:318/8, \r\nHokandara East,\r\nHokandara.', '0773130029', '0112365478', '', 0),
(6001, 'Miss.', 'A.P', 'Jayani', 'Chathurasi', 'A.P Jayani Chathurasi', '1991-11-16', 'chathushkahansani@gmail.com', '927901234V', 'Female', 'No:05,\r\nHokandara East ,\r\nHokandara', '0773130029', '0113130029', '6001.jpg', 0),
(6002, 'Ms.', 'F.N', 'Malki', 'Perera', 'F.N Malki Perera', '1991-07-10', 'chathushkahansan@gmail.com', '927564512V', 'Female', 'No:05/B, \r\nJathilaka road,\r\nKaduwela', '0773130029', '0112345678', '6002.jpg', 0),
(6003, 'Miss.', 'D.M', 'Lamisha', 'Kulathunga', 'D.M Lamisha Kulathunga', '1991-06-04', 'chathushkacomm@gmail.com', '927901284V', 'Female', 'No:05/M,\r\nJayathunga Road,\r\nAthurugiriya.', '0773130020', '0112345678', '6003.jpg', 0);

-- --------------------------------------------------------

--
-- Table structure for table `tbl_ownerdetails_appointments`
--

CREATE TABLE IF NOT EXISTS `tbl_ownerdetails_appointments` (
  `oa_id` varchar(10) NOT NULL,
  `ap_id` varchar(10) NOT NULL,
  `petOwner_id` int(10) NOT NULL,
  `pet_id` int(10) NOT NULL,
  `service_description` varchar(100) NOT NULL,
  `petOwnerfull_name` varchar(50) NOT NULL,
  `email` varchar(50) NOT NULL,
  `mobile` varchar(10) NOT NULL,
  `address` varchar(100) NOT NULL,
  `status` int(1) NOT NULL,
  PRIMARY KEY (`oa_id`)
) ENGINE=InnoDB DEFAULT CHARSET=latin1;

--
-- Dumping data for table `tbl_ownerdetails_appointments`
--

INSERT INTO `tbl_ownerdetails_appointments` (`oa_id`, `ap_id`, `petOwner_id`, `pet_id`, `service_description`, `petOwnerfull_name`, `email`, `mobile`, `address`, `status`) VALUES
('OA0001', 'AP0001', 3017, 5011, 'Red dots in thee Skin', '  G.D.Amali Perera', 'chathushkahansani@gmail.com', '0773130029', 'No:05/B', 0),
('OA0002', 'AP0002', 3017, 5015, 'Skin rash', '  G.D.Amali Perera', 'chathushkahansani@gmail.com', '0773130029', 'No:05/B', 0),
('OA0003', 'AP0003', 3017, 5006, 'red dots in skin', '  G.D.Amali Perera', 'chathushkahansani@gmail.com', '0773130029', 'No.02/B', 0),
('OA0004', 'AP0004', 3017, 5007, 'red dots in skin', '  G.D.Amali Perera', 'chathushkahansni@gmail.com', '0773130029', 'No.02/B', 0),
('OA0005', 'AP0005', 3017, 5006, 'red dots', '  G.D.Amali Perera', 'chathushkacomm@gmail.com', '0773130029', 'No.02/B', 0),
('OA0006', 'AP0006', 3038, 5027, 'Small red dots in skin', 'S.L Jayani Athukorala', 'chathushkahansani@gmail.com', '0773130029', 'No:10/C,\nRose Avenue,\nMalambe', 0),
('OA0007', 'AP0007', 3017, 5022, 'skin rash', '  G.D.Amali Perera', 'chathushkacomm@gmail.com', '0773130029', 'No.02/B', 0),
('OA0008', 'AP0008', 3017, 5011, '', '  G.D.Amali Perera', 'chathushkacomm@gmail.com', '0773130029', '', 0),
('OA0009', 'AP0009', 3017, 5007, 'Blood Parasites', '  G.D.Amali Perera', 'chathushkacomm@gmail.com', '0773130029', 'No.02/B', 0),
('OA0010', 'AP0010', 3017, 5012, 'Skin rash', '  G.D.Amali Perera', 'chathushkacomm@gmail.com', '0773130029', 'No.02/B', 0),
('OA0011', 'AP0011', 3017, 5011, '', '  G.D.Amali Perera', 'chathushkacomm@gmail.com', '0773130029', 'No.02/B', 0),
('OA0012', 'AP0012', 3017, 5006, '', '  G.D.Amali Perera', 'chathushkacomm@gmail.com', '0773130029', 'No.02/B', 0),
('OA0013', 'AP0013', 3017, 5022, '', '  G.D.Amali Perera', 'chathushkacomm@gmail.com', '0773130029', 'No.02/B', 0),
('OA0014', 'AP0014', 3017, 5007, '', '  G.D.Amali Perera', 'chathushkacomm@gmail.com', '0773130029', 'No.02/B', 0),
('OA0015', 'AP0015', 3017, 5011, 'Skin Rash', '  G.D.Amali Perera', 'chathushkacomm@gmail.com', '0773130029', 'No.02/B', 0),
('OA0016', 'AP0016', 3017, 5015, 'Vaccination Date', '  G.D.Amali Perera', 'chathushkacomm@gmail.com', '0773130029', 'No.02/B', 0),
('OA0017', 'AP0017', 3017, 5011, 'Fever', '  G.D.Amali Perera', 'chathushkacomm@gmail.com', '0773130029', 'No.02/B', 1),
('OA0018', 'AP0018', 3017, 5014, 'Fever', '  G.D.Amali Perera', 'chathushkacomm@gmail.com', '0773130029', 'No.02/B', 0),
('OA0019', 'AP0019', 3017, 5008, 'Skin Rash', '  G.D.Amali Perera', 'chathushkacomm@gmail.com', '0773130029', 'No.02/B', 0),
('OA0020', 'AP0020', 3017, 5007, 'fever with a skin rash', '  G.D.Amali Perera', 'chathushkacomm@gmail.com', '0773130029', 'No.02/B', 0),
('OA0021', 'AP0021', 3017, 5010, 'tick fever', '  G.D.Amali Perera', 'chathushkacomm@gmail.com', '0773130029', 'No.02/B', 0),
('OA0022', 'AP0022', 3017, 5008, 'fever with ', '  G.D.Amali Perera', 'chathushkacomm@gmail.com', '0773130029', 'No.02/B', 0),
('OA0023', 'AP0023', 3017, 5007, 'jjjjj', '  G.D.Amali Perera', 'chathushkacomm@gmail.com', '0773130029', 'No.02/B', 0),
('OA0024', 'AP0024', 3017, 5004, 'skin rash', '  G.D.Amali Perera', 'chathushkacomm@gmail.com', '0773130029', 'No.02/B', 1),
('OA0025', 'AP0025', 3017, 5004, 'fever', '  G.D.Amali Perera', 'chathushkacomm@gmail.com', '0773130029', 'No.02/B', 1),
('OA0026', 'AP0026', 3017, 5009, 'Tick fever skin rash', '  G.D.Amali Perera', 'chathushkacomm@gmail.com', '0773130029', 'No.02/B', 0),
('OA0027', 'AP0027', 3017, 5007, 'hyhyhyh', '  G.D.Amali Perera', 'chathushkacomm@gmail.com', '0773130029', 'No.02/B', 0),
('OA0028', 'AP0028', 3017, 5007, 'Fever', '  G.D.Amali Perera', 'chathushkacomm@gmail.com', '0773130029', 'No.02/B', 0),
('OA0029', 'AP0029', 3017, 5014, 'gffggfg', '  G.D.Amali Perera', 'chathushkacomm@gmail.com', '0773130029', 'No.02/B', 0),
('OA0030', 'AP0030', 3017, 5004, 'pain in legs', '  G.D.Amali Perera', 'chathushkacomm@gmail.com', '0773130029', 'No.02/B', 1),
('OA0031', 'AP0031', 3017, 5004, 'tick fever', '  G.D.Amali Perera', 'chathushkacomm@gmail.com', '0773130029', 'No.02/B', 0),
('OA0032', 'AP0032', 3017, 5009, 'For Vaccinations', '  G.D.Amali Perera', 'chathushkacomm@gmail.com', '0773130029', 'No.02/B', 1),
('OA0033', 'AP0033', 3017, 5010, 'Fever', '  G.D.Amali Perera', 'chathushkacomm@gmail.com', '0773130029', 'No.02/B', 1),
('OA0034', 'AP0034', 3017, 5007, 'Vaccine Date', '  G.D.Amali Perera', 'chathushkacomm@gmail.com', '0773130029', 'No.02/B', 0),
('OA0035', 'AP0035', 3017, 5011, 'Skin Rash', '  G.D.Amali Perera', 'chathushkacomm@gmail.com', '0773130029', 'No.02/B', 0),
('OA0036', 'AP0036', 3017, 5011, 'Skin rs', '  G.D.Amali Perera', 'chathushkacomm@gmail.com', '0773130029', 'No.02/B', 0),
('OA0037', 'AP0037', 3017, 5010, 'Fever', 'G.D. Amali Perera', 'chathushkacomm@gmail.com', '0773130029', 'No.02/B, Kaduwela', 0),
('OA0038', 'AP0038', 3017, 5011, 'vaccination date', 'G.D. Amali Perera', 'chathushkacomm@gmail.com', '0773130029', 'No.02/B, Kaduwela', 1),
('OA0039', 'AP0039', 3017, 5016, 'Skin Rash', 'G.D. Amali Perera', 'chathushkacomm@gmail.com', '0773130029', 'No.02/B, Kaduwela', 0),
('OA0040', 'AP0040', 3017, 5011, 'vaccination date', 'G.D. Amali Perera', 'chathushkacomm@gmail.com', '0773130029', 'No.02/B, Kaduwela', 0),
('OA0041', 'AP0041', 3039, 5030, 'Skin rash', 'H. Amanda Shalika', 'ravishka123iroshana@gmail.com', '0773130029', 'No:05/B, Malabe', 0),
('OA0042', 'AP0042', 3039, 5031, 'Vaccination Date', 'H. Amanda Shalika', 'ravishka123iroshana@gmail.com', '0773130029', 'No:05/B, Malabe', 0),
('OA0043', 'AP0043', 3017, 5004, 'Skin Rash', 'G.D. Amali Perera', 'chathushkacomm@gmail.com', '0773130029', 'No.02/B, Kaduwela', 1),
('OA0044', 'AP0044', 3017, 5004, 'Skin Rash', 'G.D. Amali Perera', 'chathushkacomm@gmail.com', '0773130029', 'No.02/B, Kaduwela', 0),
('OA0045', 'AP0045', 3039, 5030, 'Rash in the Skin', 'H. Amanda Shalika', 'ravishka123iroshana@gmail.com', '0773130029', 'No:05/B, Malabe', 0),
('OA0046', 'AP0046', 3039, 5031, 'Fever', 'H. Amanda Shalika', 'ravishka123iroshana@gmail.com', '0773130029', 'No:05/B, Malabe', 0),
('OA0047', 'AP0047', 3017, 5001, 'Skin Rash with Fever', 'G.D. Amali Perera', 'chathushkacomm@gmail.com', '0773130029', 'No.02/B, Kaduwela', 0),
('OA0048', 'AP0048', 3017, 5014, 'Vaccine Date', 'G.D. Amali Perera', 'chathushkacomm@gmail.com', '0773130029', 'No.02/B, Kaduwela', 0),
('OA0049', 'AP0049', 3017, 5008, 'Vaccine Date', 'G.D. Amali Perera', 'chathushkacomm@gmail.com', '0773130029', 'No.02/B, Kaduwela', 0),
('OA0050', 'AP0050', 3017, 5015, 'Fever', 'G.D. Amali Perera', 'chathushkacomm@gmail.com', '0773130029', 'No.02/B, Kaduwela', 0),
('OA0051', 'AP0051', 3017, 5029, 'Fever', 'G.D. Amali Perera', 'chathushkacomm@gmail.com', '0773130029', 'No.02/B, Kaduwela', 0),
('OA0052', 'AP0052', 3017, 5001, 'Fever', 'G.D. Amali Perera', 'chathushkacomm@gmail.com', '0773130029', 'No.02/B, Kaduwela', 0),
('OA0053', 'AP0053', 3017, 5003, 'Fever', 'G.D. Amali Perera', 'chathushkacomm@gmail.com', '0773130029', 'No.02/B, Kaduwela', 1);

-- --------------------------------------------------------

--
-- Table structure for table `tbl_patient_numbers`
--

CREATE TABLE IF NOT EXISTS `tbl_patient_numbers` (
  `id` int(11) NOT NULL AUTO_INCREMENT,
  `patient_number` int(11) NOT NULL,
  `date` date NOT NULL,
  `session` varchar(50) NOT NULL,
  `start_time` time NOT NULL,
  `end_time` time NOT NULL,
  `doctor_id` int(11) NOT NULL,
  `available_status` int(11) NOT NULL,
  PRIMARY KEY (`id`)
) ENGINE=InnoDB  DEFAULT CHARSET=latin1 AUTO_INCREMENT=1928 ;

--
-- Dumping data for table `tbl_patient_numbers`
--

INSERT INTO `tbl_patient_numbers` (`id`, `patient_number`, `date`, `session`, `start_time`, `end_time`, `doctor_id`, `available_status`) VALUES
(1, 1, '2016-10-25', 'Morning', '08:00:00', '00:00:16', 4036, 0),
(2, 2, '2016-10-25', 'Morning', '08:16:00', '00:00:16', 4036, 1),
(3, 3, '2016-10-25', 'Morning', '08:32:00', '00:00:16', 4036, 0),
(4, 4, '2016-10-25', 'Morning', '08:48:00', '00:00:16', 4036, 0),
(5, 5, '2016-10-25', 'Morning', '09:04:00', '00:00:16', 4036, 1),
(6, 6, '2016-10-25', 'Morning', '09:20:00', '00:00:16', 4036, 0),
(7, 7, '2016-10-25', 'Morning', '09:36:00', '00:00:16', 4036, 1),
(8, 8, '2016-10-25', 'Morning', '09:52:00', '00:00:16', 4036, 0),
(9, 9, '2016-10-25', 'Morning', '10:08:00', '00:00:16', 4036, 0),
(10, 10, '2016-10-25', 'Morning', '10:24:00', '00:00:16', 4036, 0),
(11, 11, '2016-10-25', 'Morning', '10:40:00', '00:00:16', 4036, 0),
(12, 12, '2016-10-25', 'Morning', '10:56:00', '00:00:16', 4036, 0),
(13, 13, '2016-10-25', 'Morning', '11:12:00', '00:00:16', 4036, 0),
(14, 14, '2016-10-25', 'Morning', '11:28:00', '00:00:16', 4036, 0),
(15, 15, '2016-10-25', 'Morning', '11:44:00', '00:00:16', 4036, 0),
(16, 1, '2016-10-27', 'Morning', '08:00:00', '00:00:16', 4036, 1),
(17, 2, '2016-10-27', 'Morning', '08:16:00', '00:00:16', 4036, 0),
(18, 3, '2016-10-27', 'Morning', '08:32:00', '00:00:16', 4036, 0),
(19, 4, '2016-10-27', 'Morning', '08:48:00', '00:00:16', 4036, 0),
(20, 5, '2016-10-27', 'Morning', '09:04:00', '00:00:16', 4036, 0),
(21, 6, '2016-10-27', 'Morning', '09:20:00', '00:00:16', 4036, 0),
(22, 7, '2016-10-27', 'Morning', '09:36:00', '00:00:16', 4036, 0),
(23, 8, '2016-10-27', 'Morning', '09:52:00', '00:00:16', 4036, 0),
(24, 9, '2016-10-27', 'Morning', '10:08:00', '00:00:16', 4036, 0),
(25, 10, '2016-10-27', 'Morning', '10:24:00', '00:00:16', 4036, 0),
(26, 11, '2016-10-27', 'Morning', '10:40:00', '00:00:16', 4036, 0),
(27, 12, '2016-10-27', 'Morning', '10:56:00', '00:00:16', 4036, 0),
(28, 13, '2016-10-27', 'Morning', '11:12:00', '00:00:16', 4036, 0),
(29, 14, '2016-10-27', 'Morning', '11:28:00', '00:00:16', 4036, 0),
(30, 15, '2016-10-27', 'Morning', '11:44:00', '00:00:16', 4036, 0),
(31, 1, '2016-10-28', 'Morning', '08:00:00', '00:00:24', 4036, 0),
(32, 2, '2016-10-28', 'Morning', '08:24:00', '00:00:24', 4036, 0),
(33, 3, '2016-10-28', 'Morning', '08:48:00', '00:00:24', 4036, 0),
(34, 4, '2016-10-28', 'Morning', '09:12:00', '00:00:24', 4036, 0),
(35, 5, '2016-10-28', 'Morning', '09:36:00', '00:00:24', 4036, 0),
(36, 6, '2016-10-28', 'Morning', '10:00:00', '00:00:24', 4036, 0),
(37, 7, '2016-10-28', 'Morning', '10:24:00', '00:00:24', 4036, 0),
(38, 8, '2016-10-28', 'Morning', '10:48:00', '00:00:24', 4036, 0),
(39, 9, '2016-10-28', 'Morning', '11:12:00', '00:00:24', 4036, 0),
(40, 10, '2016-10-28', 'Morning', '11:36:00', '00:00:24', 4036, 0),
(41, 1, '2016-10-31', 'Morning', '08:00:00', '00:00:16', 4036, 0),
(42, 2, '2016-10-31', 'Morning', '08:16:00', '00:00:16', 4036, 0),
(43, 3, '2016-10-31', 'Morning', '08:32:00', '00:00:16', 4036, 0),
(44, 4, '2016-10-31', 'Morning', '08:48:00', '00:00:16', 4036, 0),
(45, 5, '2016-10-31', 'Morning', '09:04:00', '00:00:16', 4036, 0),
(46, 6, '2016-10-31', 'Morning', '09:20:00', '00:00:16', 4036, 0),
(47, 7, '2016-10-31', 'Morning', '09:36:00', '00:00:16', 4036, 0),
(48, 8, '2016-10-31', 'Morning', '09:52:00', '00:00:16', 4036, 0),
(49, 9, '2016-10-31', 'Morning', '10:08:00', '00:00:16', 4036, 0),
(50, 10, '2016-10-31', 'Morning', '10:24:00', '00:00:16', 4036, 0),
(51, 11, '2016-10-31', 'Morning', '10:40:00', '00:00:16', 4036, 0),
(52, 12, '2016-10-31', 'Morning', '10:56:00', '00:00:16', 4036, 0),
(53, 13, '2016-10-31', 'Morning', '11:12:00', '00:00:16', 4036, 0),
(54, 14, '2016-10-31', 'Morning', '11:28:00', '00:00:16', 4036, 0),
(55, 15, '2016-10-31', 'Morning', '11:44:00', '00:00:16', 4036, 0),
(56, 1, '2016-10-25', 'Evening', '04:00:00', '00:00:30', 4036, 0),
(57, 2, '2016-10-25', 'Evening', '04:30:00', '00:00:30', 4036, 0),
(58, 3, '2016-10-25', 'Evening', '05:00:00', '00:00:30', 4036, 0),
(59, 4, '2016-10-25', 'Evening', '05:30:00', '00:00:30', 4036, 0),
(60, 5, '2016-10-25', 'Evening', '06:00:00', '00:00:30', 4036, 0),
(61, 6, '2016-10-25', 'Evening', '06:30:00', '00:00:30', 4036, 0),
(62, 7, '2016-10-25', 'Evening', '07:00:00', '00:00:30', 4036, 0),
(63, 8, '2016-10-25', 'Evening', '07:30:00', '00:00:30', 4036, 0),
(64, 9, '2016-10-25', 'Evening', '08:00:00', '00:00:30', 4036, 0),
(65, 10, '2016-10-25', 'Evening', '08:30:00', '00:00:30', 4036, 0),
(66, 1, '2016-10-26', 'Evening', '04:00:00', '00:00:30', 4036, 0),
(67, 2, '2016-10-26', 'Evening', '04:30:00', '00:00:30', 4036, 0),
(68, 3, '2016-10-26', 'Evening', '05:00:00', '00:00:30', 4036, 0),
(69, 4, '2016-10-26', 'Evening', '05:30:00', '00:00:30', 4036, 0),
(70, 5, '2016-10-26', 'Evening', '06:00:00', '00:00:30', 4036, 0),
(71, 6, '2016-10-26', 'Evening', '06:30:00', '00:00:30', 4036, 0),
(72, 7, '2016-10-26', 'Evening', '07:00:00', '00:00:30', 4036, 0),
(73, 8, '2016-10-26', 'Evening', '07:30:00', '00:00:30', 4036, 0),
(74, 9, '2016-10-26', 'Evening', '08:00:00', '00:00:30', 4036, 0),
(75, 10, '2016-10-26', 'Evening', '08:30:00', '00:00:30', 4036, 0),
(76, 1, '2016-10-29', 'Evening', '04:00:00', '00:00:20', 4036, 0),
(77, 2, '2016-10-29', 'Evening', '04:20:00', '00:00:20', 4036, 0),
(78, 3, '2016-10-29', 'Evening', '04:40:00', '00:00:20', 4036, 0),
(79, 4, '2016-10-29', 'Evening', '05:00:00', '00:00:20', 4036, 0),
(80, 5, '2016-10-29', 'Evening', '05:20:00', '00:00:20', 4036, 0),
(81, 6, '2016-10-29', 'Evening', '05:40:00', '00:00:20', 4036, 0),
(82, 7, '2016-10-29', 'Evening', '06:00:00', '00:00:20', 4036, 0),
(83, 8, '2016-10-29', 'Evening', '06:20:00', '00:00:20', 4036, 0),
(84, 9, '2016-10-29', 'Evening', '06:40:00', '00:00:20', 4036, 0),
(85, 10, '2016-10-29', 'Evening', '07:00:00', '00:00:20', 4036, 0),
(86, 11, '2016-10-29', 'Evening', '07:20:00', '00:00:20', 4036, 0),
(87, 12, '2016-10-29', 'Evening', '07:40:00', '00:00:20', 4036, 0),
(88, 13, '2016-10-29', 'Evening', '08:00:00', '00:00:20', 4036, 0),
(89, 14, '2016-10-29', 'Evening', '08:20:00', '00:00:20', 4036, 0),
(90, 15, '2016-10-29', 'Evening', '08:40:00', '00:00:20', 4036, 0),
(91, 1, '2016-10-30', 'Evening', '04:00:00', '00:00:30', 4036, 0),
(92, 2, '2016-10-30', 'Evening', '04:30:00', '00:00:30', 4036, 0),
(93, 3, '2016-10-30', 'Evening', '05:00:00', '00:00:30', 4036, 0),
(94, 4, '2016-10-30', 'Evening', '05:30:00', '00:00:30', 4036, 0),
(95, 5, '2016-10-30', 'Evening', '06:00:00', '00:00:30', 4036, 0),
(96, 6, '2016-10-30', 'Evening', '06:30:00', '00:00:30', 4036, 0),
(97, 7, '2016-10-30', 'Evening', '07:00:00', '00:00:30', 4036, 0),
(98, 8, '2016-10-30', 'Evening', '07:30:00', '00:00:30', 4036, 0),
(99, 9, '2016-10-30', 'Evening', '08:00:00', '00:00:30', 4036, 0),
(100, 10, '2016-10-30', 'Evening', '08:30:00', '00:00:30', 4036, 0),
(101, 1, '2016-10-31', 'Evening', '04:00:00', '00:00:20', 4036, 0),
(102, 2, '2016-10-31', 'Evening', '04:20:00', '00:00:20', 4036, 0),
(103, 3, '2016-10-31', 'Evening', '04:40:00', '00:00:20', 4036, 0),
(104, 4, '2016-10-31', 'Evening', '05:00:00', '00:00:20', 4036, 0),
(105, 5, '2016-10-31', 'Evening', '05:20:00', '00:00:20', 4036, 0),
(106, 6, '2016-10-31', 'Evening', '05:40:00', '00:00:20', 4036, 0),
(107, 7, '2016-10-31', 'Evening', '06:00:00', '00:00:20', 4036, 0),
(108, 8, '2016-10-31', 'Evening', '06:20:00', '00:00:20', 4036, 0),
(109, 9, '2016-10-31', 'Evening', '06:40:00', '00:00:20', 4036, 0),
(110, 10, '2016-10-31', 'Evening', '07:00:00', '00:00:20', 4036, 0),
(111, 11, '2016-10-31', 'Evening', '07:20:00', '00:00:20', 4036, 0),
(112, 12, '2016-10-31', 'Evening', '07:40:00', '00:00:20', 4036, 0),
(113, 13, '2016-10-31', 'Evening', '08:00:00', '00:00:20', 4036, 0),
(114, 14, '2016-10-31', 'Evening', '08:20:00', '00:00:20', 4036, 0),
(115, 15, '2016-10-31', 'Evening', '08:40:00', '00:00:20', 4036, 0),
(116, 1, '2016-10-25', 'Morning', '08:00:00', '00:00:16', 4036, 0),
(117, 2, '2016-10-25', 'Morning', '08:16:00', '00:00:16', 4036, 0),
(118, 3, '2016-10-25', 'Morning', '08:32:00', '00:00:16', 4036, 0),
(119, 4, '2016-10-25', 'Morning', '08:48:00', '00:00:16', 4036, 0),
(120, 5, '2016-10-25', 'Morning', '09:04:00', '00:00:16', 4036, 0),
(121, 6, '2016-10-25', 'Morning', '09:20:00', '00:00:16', 4036, 0),
(122, 7, '2016-10-25', 'Morning', '09:36:00', '00:00:16', 4036, 0),
(123, 8, '2016-10-25', 'Morning', '09:52:00', '00:00:16', 4036, 0),
(124, 9, '2016-10-25', 'Morning', '10:08:00', '00:00:16', 4036, 0),
(125, 10, '2016-10-25', 'Morning', '10:24:00', '00:00:16', 4036, 0),
(126, 11, '2016-10-25', 'Morning', '10:40:00', '00:00:16', 4036, 0),
(127, 12, '2016-10-25', 'Morning', '10:56:00', '00:00:16', 4036, 0),
(128, 13, '2016-10-25', 'Morning', '11:12:00', '00:00:16', 4036, 0),
(129, 14, '2016-10-25', 'Morning', '11:28:00', '00:00:16', 4036, 0),
(130, 15, '2016-10-25', 'Morning', '11:44:00', '00:00:16', 4036, 0),
(131, 1, '2016-10-27', 'Morning', '08:00:00', '00:00:16', 4036, 0),
(132, 2, '2016-10-27', 'Morning', '08:16:00', '00:00:16', 4036, 0),
(133, 3, '2016-10-27', 'Morning', '08:32:00', '00:00:16', 4036, 0),
(134, 4, '2016-10-27', 'Morning', '08:48:00', '00:00:16', 4036, 0),
(135, 5, '2016-10-27', 'Morning', '09:04:00', '00:00:16', 4036, 0),
(136, 6, '2016-10-27', 'Morning', '09:20:00', '00:00:16', 4036, 0),
(137, 7, '2016-10-27', 'Morning', '09:36:00', '00:00:16', 4036, 0),
(138, 8, '2016-10-27', 'Morning', '09:52:00', '00:00:16', 4036, 0),
(139, 9, '2016-10-27', 'Morning', '10:08:00', '00:00:16', 4036, 0),
(140, 10, '2016-10-27', 'Morning', '10:24:00', '00:00:16', 4036, 0),
(141, 11, '2016-10-27', 'Morning', '10:40:00', '00:00:16', 4036, 0),
(142, 12, '2016-10-27', 'Morning', '10:56:00', '00:00:16', 4036, 0),
(143, 13, '2016-10-27', 'Morning', '11:12:00', '00:00:16', 4036, 0),
(144, 14, '2016-10-27', 'Morning', '11:28:00', '00:00:16', 4036, 0),
(145, 15, '2016-10-27', 'Morning', '11:44:00', '00:00:16', 4036, 0),
(146, 1, '2016-10-28', 'Morning', '08:00:00', '00:00:24', 4036, 0),
(147, 2, '2016-10-28', 'Morning', '08:24:00', '00:00:24', 4036, 0),
(148, 3, '2016-10-28', 'Morning', '08:48:00', '00:00:24', 4036, 0),
(149, 4, '2016-10-28', 'Morning', '09:12:00', '00:00:24', 4036, 0),
(150, 5, '2016-10-28', 'Morning', '09:36:00', '00:00:24', 4036, 0),
(151, 6, '2016-10-28', 'Morning', '10:00:00', '00:00:24', 4036, 0),
(152, 7, '2016-10-28', 'Morning', '10:24:00', '00:00:24', 4036, 0),
(153, 8, '2016-10-28', 'Morning', '10:48:00', '00:00:24', 4036, 0),
(154, 9, '2016-10-28', 'Morning', '11:12:00', '00:00:24', 4036, 0),
(155, 10, '2016-10-28', 'Morning', '11:36:00', '00:00:24', 4036, 0),
(156, 1, '2016-10-31', 'Morning', '08:00:00', '00:00:16', 4036, 0),
(157, 2, '2016-10-31', 'Morning', '08:16:00', '00:00:16', 4036, 0),
(158, 3, '2016-10-31', 'Morning', '08:32:00', '00:00:16', 4036, 0),
(159, 4, '2016-10-31', 'Morning', '08:48:00', '00:00:16', 4036, 0),
(160, 5, '2016-10-31', 'Morning', '09:04:00', '00:00:16', 4036, 0),
(161, 6, '2016-10-31', 'Morning', '09:20:00', '00:00:16', 4036, 0),
(162, 7, '2016-10-31', 'Morning', '09:36:00', '00:00:16', 4036, 0),
(163, 8, '2016-10-31', 'Morning', '09:52:00', '00:00:16', 4036, 0),
(164, 9, '2016-10-31', 'Morning', '10:08:00', '00:00:16', 4036, 0),
(165, 10, '2016-10-31', 'Morning', '10:24:00', '00:00:16', 4036, 0),
(166, 11, '2016-10-31', 'Morning', '10:40:00', '00:00:16', 4036, 0),
(167, 12, '2016-10-31', 'Morning', '10:56:00', '00:00:16', 4036, 0),
(168, 13, '2016-10-31', 'Morning', '11:12:00', '00:00:16', 4036, 0),
(169, 14, '2016-10-31', 'Morning', '11:28:00', '00:00:16', 4036, 0),
(170, 15, '2016-10-31', 'Morning', '11:44:00', '00:00:16', 4036, 0),
(171, 1, '2016-10-25', 'Evening', '04:00:00', '00:00:30', 4036, 0),
(172, 2, '2016-10-25', 'Evening', '04:30:00', '00:00:30', 4036, 0),
(173, 3, '2016-10-25', 'Evening', '05:00:00', '00:00:30', 4036, 0),
(174, 4, '2016-10-25', 'Evening', '05:30:00', '00:00:30', 4036, 0),
(175, 5, '2016-10-25', 'Evening', '06:00:00', '00:00:30', 4036, 0),
(176, 6, '2016-10-25', 'Evening', '06:30:00', '00:00:30', 4036, 0),
(177, 7, '2016-10-25', 'Evening', '07:00:00', '00:00:30', 4036, 0),
(178, 8, '2016-10-25', 'Evening', '07:30:00', '00:00:30', 4036, 0),
(179, 9, '2016-10-25', 'Evening', '08:00:00', '00:00:30', 4036, 0),
(180, 10, '2016-10-25', 'Evening', '08:30:00', '00:00:30', 4036, 0),
(181, 1, '2016-10-26', 'Evening', '04:00:00', '00:00:30', 4036, 0),
(182, 2, '2016-10-26', 'Evening', '04:30:00', '00:00:30', 4036, 0),
(183, 3, '2016-10-26', 'Evening', '05:00:00', '00:00:30', 4036, 0),
(184, 4, '2016-10-26', 'Evening', '05:30:00', '00:00:30', 4036, 0),
(185, 5, '2016-10-26', 'Evening', '06:00:00', '00:00:30', 4036, 0),
(186, 6, '2016-10-26', 'Evening', '06:30:00', '00:00:30', 4036, 0),
(187, 7, '2016-10-26', 'Evening', '07:00:00', '00:00:30', 4036, 0),
(188, 8, '2016-10-26', 'Evening', '07:30:00', '00:00:30', 4036, 0),
(189, 9, '2016-10-26', 'Evening', '08:00:00', '00:00:30', 4036, 0),
(190, 10, '2016-10-26', 'Evening', '08:30:00', '00:00:30', 4036, 0),
(191, 1, '2016-10-29', 'Evening', '04:00:00', '00:00:20', 4036, 0),
(192, 2, '2016-10-29', 'Evening', '04:20:00', '00:00:20', 4036, 0),
(193, 3, '2016-10-29', 'Evening', '04:40:00', '00:00:20', 4036, 0),
(194, 4, '2016-10-29', 'Evening', '05:00:00', '00:00:20', 4036, 0),
(195, 5, '2016-10-29', 'Evening', '05:20:00', '00:00:20', 4036, 0),
(196, 6, '2016-10-29', 'Evening', '05:40:00', '00:00:20', 4036, 0),
(197, 7, '2016-10-29', 'Evening', '06:00:00', '00:00:20', 4036, 0),
(198, 8, '2016-10-29', 'Evening', '06:20:00', '00:00:20', 4036, 0),
(199, 9, '2016-10-29', 'Evening', '06:40:00', '00:00:20', 4036, 0),
(200, 10, '2016-10-29', 'Evening', '07:00:00', '00:00:20', 4036, 0),
(201, 11, '2016-10-29', 'Evening', '07:20:00', '00:00:20', 4036, 0),
(202, 12, '2016-10-29', 'Evening', '07:40:00', '00:00:20', 4036, 0),
(203, 13, '2016-10-29', 'Evening', '08:00:00', '00:00:20', 4036, 0),
(204, 14, '2016-10-29', 'Evening', '08:20:00', '00:00:20', 4036, 0),
(205, 15, '2016-10-29', 'Evening', '08:40:00', '00:00:20', 4036, 0),
(206, 1, '2016-10-30', 'Evening', '04:00:00', '00:00:30', 4036, 0),
(207, 2, '2016-10-30', 'Evening', '04:30:00', '00:00:30', 4036, 0),
(208, 3, '2016-10-30', 'Evening', '05:00:00', '00:00:30', 4036, 0),
(209, 4, '2016-10-30', 'Evening', '05:30:00', '00:00:30', 4036, 0),
(210, 5, '2016-10-30', 'Evening', '06:00:00', '00:00:30', 4036, 0),
(211, 6, '2016-10-30', 'Evening', '06:30:00', '00:00:30', 4036, 0),
(212, 7, '2016-10-30', 'Evening', '07:00:00', '00:00:30', 4036, 0),
(213, 8, '2016-10-30', 'Evening', '07:30:00', '00:00:30', 4036, 0),
(214, 9, '2016-10-30', 'Evening', '08:00:00', '00:00:30', 4036, 0),
(215, 10, '2016-10-30', 'Evening', '08:30:00', '00:00:30', 4036, 0),
(216, 1, '2016-10-31', 'Evening', '04:00:00', '00:00:20', 4036, 0),
(217, 2, '2016-10-31', 'Evening', '04:20:00', '00:00:20', 4036, 0),
(218, 3, '2016-10-31', 'Evening', '04:40:00', '00:00:20', 4036, 0),
(219, 4, '2016-10-31', 'Evening', '05:00:00', '00:00:20', 4036, 0),
(220, 5, '2016-10-31', 'Evening', '05:20:00', '00:00:20', 4036, 0),
(221, 6, '2016-10-31', 'Evening', '05:40:00', '00:00:20', 4036, 0),
(222, 7, '2016-10-31', 'Evening', '06:00:00', '00:00:20', 4036, 0),
(223, 8, '2016-10-31', 'Evening', '06:20:00', '00:00:20', 4036, 0),
(224, 9, '2016-10-31', 'Evening', '06:40:00', '00:00:20', 4036, 0),
(225, 10, '2016-10-31', 'Evening', '07:00:00', '00:00:20', 4036, 0),
(226, 11, '2016-10-31', 'Evening', '07:20:00', '00:00:20', 4036, 0),
(227, 12, '2016-10-31', 'Evening', '07:40:00', '00:00:20', 4036, 0),
(228, 13, '2016-10-31', 'Evening', '08:00:00', '00:00:20', 4036, 0),
(229, 14, '2016-10-31', 'Evening', '08:20:00', '00:00:20', 4036, 0),
(230, 15, '2016-10-31', 'Evening', '08:40:00', '00:00:20', 4036, 0),
(231, 1, '2016-11-17', 'Morning', '08:00:00', '00:00:16', 4036, 0),
(232, 2, '2016-11-17', 'Morning', '08:16:00', '00:00:16', 4036, 0),
(233, 3, '2016-11-17', 'Morning', '08:32:00', '00:00:16', 4036, 0),
(234, 4, '2016-11-17', 'Morning', '08:48:00', '00:00:16', 4036, 0),
(235, 5, '2016-11-17', 'Morning', '09:04:00', '00:00:16', 4036, 0),
(236, 6, '2016-11-17', 'Morning', '09:20:00', '00:00:16', 4036, 0),
(237, 7, '2016-11-17', 'Morning', '09:36:00', '00:00:16', 4036, 0),
(238, 8, '2016-11-17', 'Morning', '09:52:00', '00:00:16', 4036, 0),
(239, 9, '2016-11-17', 'Morning', '10:08:00', '00:00:16', 4036, 0),
(240, 10, '2016-11-17', 'Morning', '10:24:00', '00:00:16', 4036, 0),
(241, 11, '2016-11-17', 'Morning', '10:40:00', '00:00:16', 4036, 0),
(242, 12, '2016-11-17', 'Morning', '10:56:00', '00:00:16', 4036, 0),
(243, 13, '2016-11-17', 'Morning', '11:12:00', '00:00:16', 4036, 0),
(244, 14, '2016-11-17', 'Morning', '11:28:00', '00:00:16', 4036, 0),
(245, 15, '2016-11-17', 'Morning', '11:44:00', '00:00:16', 4036, 0),
(246, 1, '2016-11-19', 'Morning', '08:00:00', '00:00:24', 4036, 0),
(247, 2, '2016-11-19', 'Morning', '08:24:00', '00:00:24', 4036, 0),
(248, 3, '2016-11-19', 'Morning', '08:48:00', '00:00:24', 4036, 0),
(249, 4, '2016-11-19', 'Morning', '09:12:00', '00:00:24', 4036, 0),
(250, 5, '2016-11-19', 'Morning', '09:36:00', '00:00:24', 4036, 0),
(251, 6, '2016-11-19', 'Morning', '10:00:00', '00:00:24', 4036, 0),
(252, 7, '2016-11-19', 'Morning', '10:24:00', '00:00:24', 4036, 0),
(253, 8, '2016-11-19', 'Morning', '10:48:00', '00:00:24', 4036, 0),
(254, 9, '2016-11-19', 'Morning', '11:12:00', '00:00:24', 4036, 0),
(255, 10, '2016-11-19', 'Morning', '11:36:00', '00:00:24', 4036, 0),
(256, 1, '2016-11-21', 'Morning', '08:00:00', '00:00:20', 4036, 0),
(257, 2, '2016-11-21', 'Morning', '08:20:00', '00:00:20', 4036, 0),
(258, 3, '2016-11-21', 'Morning', '08:40:00', '00:00:20', 4036, 0),
(259, 4, '2016-11-21', 'Morning', '09:00:00', '00:00:20', 4036, 0),
(260, 5, '2016-11-21', 'Morning', '09:20:00', '00:00:20', 4036, 0),
(261, 6, '2016-11-21', 'Morning', '09:40:00', '00:00:20', 4036, 1),
(262, 7, '2016-11-21', 'Morning', '10:00:00', '00:00:20', 4036, 1),
(263, 8, '2016-11-21', 'Morning', '10:20:00', '00:00:20', 4036, 1),
(264, 9, '2016-11-21', 'Morning', '10:40:00', '00:00:20', 4036, 0),
(265, 10, '2016-11-21', 'Morning', '11:00:00', '00:00:20', 4036, 0),
(266, 11, '2016-11-21', 'Morning', '11:20:00', '00:00:20', 4036, 1),
(267, 12, '2016-11-21', 'Morning', '11:40:00', '00:00:20', 4036, 1),
(268, 1, '2016-11-23', 'Morning', '08:00:00', '00:00:16', 4036, 0),
(269, 2, '2016-11-23', 'Morning', '08:16:00', '00:00:16', 4036, 0),
(270, 3, '2016-11-23', 'Morning', '08:32:00', '00:00:16', 4036, 0),
(271, 4, '2016-11-23', 'Morning', '08:48:00', '00:00:16', 4036, 0),
(272, 5, '2016-11-23', 'Morning', '09:04:00', '00:00:16', 4036, 0),
(273, 6, '2016-11-23', 'Morning', '09:20:00', '00:00:16', 4036, 0),
(274, 7, '2016-11-23', 'Morning', '09:36:00', '00:00:16', 4036, 1),
(275, 8, '2016-11-23', 'Morning', '09:52:00', '00:00:16', 4036, 1),
(276, 9, '2016-11-23', 'Morning', '10:08:00', '00:00:16', 4036, 0),
(277, 10, '2016-11-23', 'Morning', '10:24:00', '00:00:16', 4036, 0),
(278, 11, '2016-11-23', 'Morning', '10:40:00', '00:00:16', 4036, 0),
(279, 12, '2016-11-23', 'Morning', '10:56:00', '00:00:16', 4036, 0),
(280, 13, '2016-11-23', 'Morning', '11:12:00', '00:00:16', 4036, 0),
(281, 14, '2016-11-23', 'Morning', '11:28:00', '00:00:16', 4036, 0),
(282, 15, '2016-11-23', 'Morning', '11:44:00', '00:00:16', 4036, 0),
(283, 1, '2016-11-24', 'Morning', '08:00:00', '00:00:24', 4036, 0),
(284, 2, '2016-11-24', 'Morning', '08:24:00', '00:00:24', 4036, 0),
(285, 3, '2016-11-24', 'Morning', '08:48:00', '00:00:24', 4036, 0),
(286, 4, '2016-11-24', 'Morning', '09:12:00', '00:00:24', 4036, 1),
(287, 5, '2016-11-24', 'Morning', '09:36:00', '00:00:24', 4036, 0),
(288, 6, '2016-11-24', 'Morning', '10:00:00', '00:00:24', 4036, 0),
(289, 7, '2016-11-24', 'Morning', '10:24:00', '00:00:24', 4036, 0),
(290, 8, '2016-11-24', 'Morning', '10:48:00', '00:00:24', 4036, 0),
(291, 9, '2016-11-24', 'Morning', '11:12:00', '00:00:24', 4036, 0),
(292, 10, '2016-11-24', 'Morning', '11:36:00', '00:00:24', 4036, 0),
(293, 1, '2016-11-26', 'Morning', '08:00:00', '00:00:20', 4036, 0),
(294, 2, '2016-11-26', 'Morning', '08:20:00', '00:00:20', 4036, 1),
(295, 3, '2016-11-26', 'Morning', '08:40:00', '00:00:20', 4036, 0),
(296, 4, '2016-11-26', 'Morning', '09:00:00', '00:00:20', 4036, 0),
(297, 5, '2016-11-26', 'Morning', '09:20:00', '00:00:20', 4036, 0),
(298, 6, '2016-11-26', 'Morning', '09:40:00', '00:00:20', 4036, 0),
(299, 7, '2016-11-26', 'Morning', '10:00:00', '00:00:20', 4036, 0),
(300, 8, '2016-11-26', 'Morning', '10:20:00', '00:00:20', 4036, 0),
(301, 9, '2016-11-26', 'Morning', '10:40:00', '00:00:20', 4036, 0),
(302, 10, '2016-11-26', 'Morning', '11:00:00', '00:00:20', 4036, 0),
(303, 11, '2016-11-26', 'Morning', '11:20:00', '00:00:20', 4036, 0),
(304, 12, '2016-11-26', 'Morning', '11:40:00', '00:00:20', 4036, 0),
(305, 1, '2016-11-27', 'Morning', '08:00:00', '00:00:24', 4036, 0),
(306, 2, '2016-11-27', 'Morning', '08:24:00', '00:00:24', 4036, 0),
(307, 3, '2016-11-27', 'Morning', '08:48:00', '00:00:24', 4036, 0),
(308, 4, '2016-11-27', 'Morning', '09:12:00', '00:00:24', 4036, 0),
(309, 5, '2016-11-27', 'Morning', '09:36:00', '00:00:24', 4036, 0),
(310, 6, '2016-11-27', 'Morning', '10:00:00', '00:00:24', 4036, 0),
(311, 7, '2016-11-27', 'Morning', '10:24:00', '00:00:24', 4036, 0),
(312, 8, '2016-11-27', 'Morning', '10:48:00', '00:00:24', 4036, 0),
(313, 9, '2016-11-27', 'Morning', '11:12:00', '00:00:24', 4036, 0),
(314, 10, '2016-11-27', 'Morning', '11:36:00', '00:00:24', 4036, 0),
(315, 1, '2016-11-30', 'Morning', '08:00:00', '00:00:20', 4036, 0),
(316, 2, '2016-11-30', 'Morning', '08:20:00', '00:00:20', 4036, 0),
(317, 3, '2016-11-30', 'Morning', '08:40:00', '00:00:20', 4036, 0),
(318, 4, '2016-11-30', 'Morning', '09:00:00', '00:00:20', 4036, 0),
(319, 5, '2016-11-30', 'Morning', '09:20:00', '00:00:20', 4036, 1),
(320, 6, '2016-11-30', 'Morning', '09:40:00', '00:00:20', 4036, 0),
(321, 7, '2016-11-30', 'Morning', '10:00:00', '00:00:20', 4036, 0),
(322, 8, '2016-11-30', 'Morning', '10:20:00', '00:00:20', 4036, 1),
(323, 9, '2016-11-30', 'Morning', '10:40:00', '00:00:20', 4036, 0),
(324, 10, '2016-11-30', 'Morning', '11:00:00', '00:00:20', 4036, 1),
(325, 11, '2016-11-30', 'Morning', '11:20:00', '00:00:20', 4036, 1),
(326, 12, '2016-11-30', 'Morning', '11:40:00', '00:00:20', 4036, 0),
(327, 1, '2016-11-17', 'Evening', '04:00:00', '00:00:25', 4036, 0),
(328, 2, '2016-11-17', 'Evening', '04:25:00', '00:00:25', 4036, 0),
(329, 3, '2016-11-17', 'Evening', '04:50:00', '00:00:25', 4036, 0),
(330, 4, '2016-11-17', 'Evening', '05:15:00', '00:00:25', 4036, 0),
(331, 5, '2016-11-17', 'Evening', '05:40:00', '00:00:25', 4036, 0),
(332, 6, '2016-11-17', 'Evening', '06:05:00', '00:00:25', 4036, 0),
(333, 7, '2016-11-17', 'Evening', '06:30:00', '00:00:25', 4036, 0),
(334, 8, '2016-11-17', 'Evening', '06:55:00', '00:00:25', 4036, 0),
(335, 9, '2016-11-17', 'Evening', '07:20:00', '00:00:25', 4036, 0),
(336, 10, '2016-11-17', 'Evening', '07:45:00', '00:00:25', 4036, 0),
(337, 11, '2016-11-17', 'Evening', '08:10:00', '00:00:25', 4036, 0),
(338, 12, '2016-11-17', 'Evening', '08:35:00', '00:00:25', 4036, 0),
(339, 1, '2016-11-18', 'Evening', '04:00:00', '00:00:20', 4036, 0),
(340, 2, '2016-11-18', 'Evening', '04:20:00', '00:00:20', 4036, 1),
(341, 3, '2016-11-18', 'Evening', '04:40:00', '00:00:20', 4036, 1),
(342, 4, '2016-11-18', 'Evening', '05:00:00', '00:00:20', 4036, 0),
(343, 5, '2016-11-18', 'Evening', '05:20:00', '00:00:20', 4036, 1),
(344, 6, '2016-11-18', 'Evening', '05:40:00', '00:00:20', 4036, 0),
(345, 7, '2016-11-18', 'Evening', '06:00:00', '00:00:20', 4036, 0),
(346, 8, '2016-11-18', 'Evening', '06:20:00', '00:00:20', 4036, 0),
(347, 9, '2016-11-18', 'Evening', '06:40:00', '00:00:20', 4036, 0),
(348, 10, '2016-11-18', 'Evening', '07:00:00', '00:00:20', 4036, 0),
(349, 11, '2016-11-18', 'Evening', '07:20:00', '00:00:20', 4036, 0),
(350, 12, '2016-11-18', 'Evening', '07:40:00', '00:00:20', 4036, 0),
(351, 13, '2016-11-18', 'Evening', '08:00:00', '00:00:20', 4036, 0),
(352, 14, '2016-11-18', 'Evening', '08:20:00', '00:00:20', 4036, 0),
(353, 15, '2016-11-18', 'Evening', '08:40:00', '00:00:20', 4036, 0),
(354, 1, '2016-11-20', 'Evening', '04:00:00', '00:00:20', 4036, 0),
(355, 2, '2016-11-20', 'Evening', '04:20:00', '00:00:20', 4036, 0),
(356, 3, '2016-11-20', 'Evening', '04:40:00', '00:00:20', 4036, 0),
(357, 4, '2016-11-20', 'Evening', '05:00:00', '00:00:20', 4036, 0),
(358, 5, '2016-11-20', 'Evening', '05:20:00', '00:00:20', 4036, 0),
(359, 6, '2016-11-20', 'Evening', '05:40:00', '00:00:20', 4036, 0),
(360, 7, '2016-11-20', 'Evening', '06:00:00', '00:00:20', 4036, 0),
(361, 8, '2016-11-20', 'Evening', '06:20:00', '00:00:20', 4036, 0),
(362, 9, '2016-11-20', 'Evening', '06:40:00', '00:00:20', 4036, 0),
(363, 10, '2016-11-20', 'Evening', '07:00:00', '00:00:20', 4036, 0),
(364, 11, '2016-11-20', 'Evening', '07:20:00', '00:00:20', 4036, 0),
(365, 12, '2016-11-20', 'Evening', '07:40:00', '00:00:20', 4036, 0),
(366, 13, '2016-11-20', 'Evening', '08:00:00', '00:00:20', 4036, 0),
(367, 14, '2016-11-20', 'Evening', '08:20:00', '00:00:20', 4036, 0),
(368, 15, '2016-11-20', 'Evening', '08:40:00', '00:00:20', 4036, 0),
(369, 1, '2016-11-21', 'Evening', '04:00:00', '00:00:20', 4036, 0),
(370, 2, '2016-11-21', 'Evening', '04:20:00', '00:00:20', 4036, 0),
(371, 3, '2016-11-21', 'Evening', '04:40:00', '00:00:20', 4036, 0),
(372, 4, '2016-11-21', 'Evening', '05:00:00', '00:00:20', 4036, 0),
(373, 5, '2016-11-21', 'Evening', '05:20:00', '00:00:20', 4036, 0),
(374, 6, '2016-11-21', 'Evening', '05:40:00', '00:00:20', 4036, 0),
(375, 7, '2016-11-21', 'Evening', '06:00:00', '00:00:20', 4036, 0),
(376, 8, '2016-11-21', 'Evening', '06:20:00', '00:00:20', 4036, 0),
(377, 9, '2016-11-21', 'Evening', '06:40:00', '00:00:20', 4036, 0),
(378, 10, '2016-11-21', 'Evening', '07:00:00', '00:00:20', 4036, 0),
(379, 11, '2016-11-21', 'Evening', '07:20:00', '00:00:20', 4036, 0),
(380, 12, '2016-11-21', 'Evening', '07:40:00', '00:00:20', 4036, 0),
(381, 13, '2016-11-21', 'Evening', '08:00:00', '00:00:20', 4036, 0),
(382, 14, '2016-11-21', 'Evening', '08:20:00', '00:00:20', 4036, 0),
(383, 15, '2016-11-21', 'Evening', '08:40:00', '00:00:20', 4036, 0),
(384, 1, '2016-11-22', 'Evening', '04:00:00', '00:00:20', 4036, 0),
(385, 2, '2016-11-22', 'Evening', '04:20:00', '00:00:20', 4036, 0),
(386, 3, '2016-11-22', 'Evening', '04:40:00', '00:00:20', 4036, 0),
(387, 4, '2016-11-22', 'Evening', '05:00:00', '00:00:20', 4036, 0),
(388, 5, '2016-11-22', 'Evening', '05:20:00', '00:00:20', 4036, 0),
(389, 6, '2016-11-22', 'Evening', '05:40:00', '00:00:20', 4036, 0),
(390, 7, '2016-11-22', 'Evening', '06:00:00', '00:00:20', 4036, 0),
(391, 8, '2016-11-22', 'Evening', '06:20:00', '00:00:20', 4036, 0),
(392, 9, '2016-11-22', 'Evening', '06:40:00', '00:00:20', 4036, 0),
(393, 10, '2016-11-22', 'Evening', '07:00:00', '00:00:20', 4036, 0),
(394, 11, '2016-11-22', 'Evening', '07:20:00', '00:00:20', 4036, 0),
(395, 12, '2016-11-22', 'Evening', '07:40:00', '00:00:20', 4036, 0),
(396, 13, '2016-11-22', 'Evening', '08:00:00', '00:00:20', 4036, 0),
(397, 14, '2016-11-22', 'Evening', '08:20:00', '00:00:20', 4036, 0),
(398, 15, '2016-11-22', 'Evening', '08:40:00', '00:00:20', 4036, 0),
(399, 1, '2016-11-25', 'Evening', '04:00:00', '00:00:25', 4036, 0),
(400, 2, '2016-11-25', 'Evening', '04:25:00', '00:00:25', 4036, 0),
(401, 3, '2016-11-25', 'Evening', '04:50:00', '00:00:25', 4036, 0),
(402, 4, '2016-11-25', 'Evening', '05:15:00', '00:00:25', 4036, 0),
(403, 5, '2016-11-25', 'Evening', '05:40:00', '00:00:25', 4036, 0),
(404, 6, '2016-11-25', 'Evening', '06:05:00', '00:00:25', 4036, 0),
(405, 7, '2016-11-25', 'Evening', '06:30:00', '00:00:25', 4036, 0),
(406, 8, '2016-11-25', 'Evening', '06:55:00', '00:00:25', 4036, 0),
(407, 9, '2016-11-25', 'Evening', '07:20:00', '00:00:25', 4036, 0),
(408, 10, '2016-11-25', 'Evening', '07:45:00', '00:00:25', 4036, 0),
(409, 11, '2016-11-25', 'Evening', '08:10:00', '00:00:25', 4036, 0),
(410, 12, '2016-11-25', 'Evening', '08:35:00', '00:00:25', 4036, 0),
(411, 1, '2016-11-27', 'Evening', '04:00:00', '00:00:20', 4036, 0),
(412, 2, '2016-11-27', 'Evening', '04:20:00', '00:00:20', 4036, 0),
(413, 3, '2016-11-27', 'Evening', '04:40:00', '00:00:20', 4036, 0),
(414, 4, '2016-11-27', 'Evening', '05:00:00', '00:00:20', 4036, 0),
(415, 5, '2016-11-27', 'Evening', '05:20:00', '00:00:20', 4036, 0),
(416, 6, '2016-11-27', 'Evening', '05:40:00', '00:00:20', 4036, 0),
(417, 7, '2016-11-27', 'Evening', '06:00:00', '00:00:20', 4036, 0),
(418, 8, '2016-11-27', 'Evening', '06:20:00', '00:00:20', 4036, 0),
(419, 9, '2016-11-27', 'Evening', '06:40:00', '00:00:20', 4036, 0),
(420, 10, '2016-11-27', 'Evening', '07:00:00', '00:00:20', 4036, 0),
(421, 11, '2016-11-27', 'Evening', '07:20:00', '00:00:20', 4036, 0),
(422, 12, '2016-11-27', 'Evening', '07:40:00', '00:00:20', 4036, 0),
(423, 13, '2016-11-27', 'Evening', '08:00:00', '00:00:20', 4036, 0),
(424, 14, '2016-11-27', 'Evening', '08:20:00', '00:00:20', 4036, 0),
(425, 15, '2016-11-27', 'Evening', '08:40:00', '00:00:20', 4036, 0),
(426, 1, '2016-11-28', 'Evening', '04:00:00', '00:00:25', 4036, 0),
(427, 2, '2016-11-28', 'Evening', '04:25:00', '00:00:25', 4036, 0),
(428, 3, '2016-11-28', 'Evening', '04:50:00', '00:00:25', 4036, 0),
(429, 4, '2016-11-28', 'Evening', '05:15:00', '00:00:25', 4036, 0),
(430, 5, '2016-11-28', 'Evening', '05:40:00', '00:00:25', 4036, 0),
(431, 6, '2016-11-28', 'Evening', '06:05:00', '00:00:25', 4036, 0),
(432, 7, '2016-11-28', 'Evening', '06:30:00', '00:00:25', 4036, 0),
(433, 8, '2016-11-28', 'Evening', '06:55:00', '00:00:25', 4036, 0),
(434, 9, '2016-11-28', 'Evening', '07:20:00', '00:00:25', 4036, 0),
(435, 10, '2016-11-28', 'Evening', '07:45:00', '00:00:25', 4036, 0),
(436, 11, '2016-11-28', 'Evening', '08:10:00', '00:00:25', 4036, 0),
(437, 12, '2016-11-28', 'Evening', '08:35:00', '00:00:25', 4036, 0),
(438, 1, '2016-11-29', 'Evening', '04:00:00', '00:00:25', 4036, 0),
(439, 2, '2016-11-29', 'Evening', '04:25:00', '00:00:25', 4036, 0),
(440, 3, '2016-11-29', 'Evening', '04:50:00', '00:00:25', 4036, 0),
(441, 4, '2016-11-29', 'Evening', '05:15:00', '00:00:25', 4036, 0),
(442, 5, '2016-11-29', 'Evening', '05:40:00', '00:00:25', 4036, 0),
(443, 6, '2016-11-29', 'Evening', '06:05:00', '00:00:25', 4036, 0),
(444, 7, '2016-11-29', 'Evening', '06:30:00', '00:00:25', 4036, 0),
(445, 8, '2016-11-29', 'Evening', '06:55:00', '00:00:25', 4036, 0),
(446, 9, '2016-11-29', 'Evening', '07:20:00', '00:00:25', 4036, 0),
(447, 10, '2016-11-29', 'Evening', '07:45:00', '00:00:25', 4036, 0),
(448, 11, '2016-11-29', 'Evening', '08:10:00', '00:00:25', 4036, 0),
(449, 12, '2016-11-29', 'Evening', '08:35:00', '00:00:25', 4036, 0),
(450, 1, '2016-11-30', 'Evening', '04:00:00', '00:00:20', 4036, 0),
(451, 2, '2016-11-30', 'Evening', '04:20:00', '00:00:20', 4036, 0),
(452, 3, '2016-11-30', 'Evening', '04:40:00', '00:00:20', 4036, 1),
(453, 4, '2016-11-30', 'Evening', '05:00:00', '00:00:20', 4036, 0),
(454, 5, '2016-11-30', 'Evening', '05:20:00', '00:00:20', 4036, 1),
(455, 6, '2016-11-30', 'Evening', '05:40:00', '00:00:20', 4036, 1),
(456, 7, '2016-11-30', 'Evening', '06:00:00', '00:00:20', 4036, 0),
(457, 8, '2016-11-30', 'Evening', '06:20:00', '00:00:20', 4036, 1),
(458, 9, '2016-11-30', 'Evening', '06:40:00', '00:00:20', 4036, 0),
(459, 10, '2016-11-30', 'Evening', '07:00:00', '00:00:20', 4036, 1),
(460, 11, '2016-11-30', 'Evening', '07:20:00', '00:00:20', 4036, 1),
(461, 12, '2016-11-30', 'Evening', '07:40:00', '00:00:20', 4036, 0),
(462, 13, '2016-11-30', 'Evening', '08:00:00', '00:00:20', 4036, 1),
(463, 14, '2016-11-30', 'Evening', '08:20:00', '00:00:20', 4036, 0),
(464, 15, '2016-11-30', 'Evening', '08:40:00', '00:00:20', 4036, 0),
(465, 1, '2016-11-23', 'Morning', '08:00:00', '00:00:24', 4004, 0),
(466, 2, '2016-11-23', 'Morning', '08:24:00', '00:00:24', 4004, 0),
(467, 3, '2016-11-23', 'Morning', '08:48:00', '00:00:24', 4004, 0),
(468, 4, '2016-11-23', 'Morning', '09:12:00', '00:00:24', 4004, 0),
(469, 5, '2016-11-23', 'Morning', '09:36:00', '00:00:24', 4004, 0),
(470, 6, '2016-11-23', 'Morning', '10:00:00', '00:00:24', 4004, 0),
(471, 7, '2016-11-23', 'Morning', '10:24:00', '00:00:24', 4004, 0),
(472, 8, '2016-11-23', 'Morning', '10:48:00', '00:00:24', 4004, 0),
(473, 9, '2016-11-23', 'Morning', '11:12:00', '00:00:24', 4004, 0),
(474, 10, '2016-11-23', 'Morning', '11:36:00', '00:00:24', 4004, 0),
(475, 1, '2016-11-24', 'Morning', '08:00:00', '00:00:16', 4004, 0),
(476, 2, '2016-11-24', 'Morning', '08:16:00', '00:00:16', 4004, 0),
(477, 3, '2016-11-24', 'Morning', '08:32:00', '00:00:16', 4004, 0),
(478, 4, '2016-11-24', 'Morning', '08:48:00', '00:00:16', 4004, 0),
(479, 5, '2016-11-24', 'Morning', '09:04:00', '00:00:16', 4004, 0),
(480, 6, '2016-11-24', 'Morning', '09:20:00', '00:00:16', 4004, 0),
(481, 7, '2016-11-24', 'Morning', '09:36:00', '00:00:16', 4004, 0),
(482, 8, '2016-11-24', 'Morning', '09:52:00', '00:00:16', 4004, 0),
(483, 9, '2016-11-24', 'Morning', '10:08:00', '00:00:16', 4004, 0),
(484, 10, '2016-11-24', 'Morning', '10:24:00', '00:00:16', 4004, 0),
(485, 11, '2016-11-24', 'Morning', '10:40:00', '00:00:16', 4004, 0),
(486, 12, '2016-11-24', 'Morning', '10:56:00', '00:00:16', 4004, 0),
(487, 13, '2016-11-24', 'Morning', '11:12:00', '00:00:16', 4004, 0),
(488, 14, '2016-11-24', 'Morning', '11:28:00', '00:00:16', 4004, 0),
(489, 15, '2016-11-24', 'Morning', '11:44:00', '00:00:16', 4004, 0),
(490, 1, '2016-11-25', 'Morning', '08:00:00', '00:00:16', 4004, 0),
(491, 2, '2016-11-25', 'Morning', '08:16:00', '00:00:16', 4004, 0),
(492, 3, '2016-11-25', 'Morning', '08:32:00', '00:00:16', 4004, 0),
(493, 4, '2016-11-25', 'Morning', '08:48:00', '00:00:16', 4004, 0),
(494, 5, '2016-11-25', 'Morning', '09:04:00', '00:00:16', 4004, 0),
(495, 6, '2016-11-25', 'Morning', '09:20:00', '00:00:16', 4004, 0),
(496, 7, '2016-11-25', 'Morning', '09:36:00', '00:00:16', 4004, 0),
(497, 8, '2016-11-25', 'Morning', '09:52:00', '00:00:16', 4004, 0),
(498, 9, '2016-11-25', 'Morning', '10:08:00', '00:00:16', 4004, 0),
(499, 10, '2016-11-25', 'Morning', '10:24:00', '00:00:16', 4004, 0),
(500, 11, '2016-11-25', 'Morning', '10:40:00', '00:00:16', 4004, 0),
(501, 12, '2016-11-25', 'Morning', '10:56:00', '00:00:16', 4004, 0),
(502, 13, '2016-11-25', 'Morning', '11:12:00', '00:00:16', 4004, 0),
(503, 14, '2016-11-25', 'Morning', '11:28:00', '00:00:16', 4004, 0),
(504, 15, '2016-11-25', 'Morning', '11:44:00', '00:00:16', 4004, 0),
(505, 1, '2016-11-27', 'Morning', '08:00:00', '00:00:20', 4004, 0),
(506, 2, '2016-11-27', 'Morning', '08:20:00', '00:00:20', 4004, 0),
(507, 3, '2016-11-27', 'Morning', '08:40:00', '00:00:20', 4004, 0),
(508, 4, '2016-11-27', 'Morning', '09:00:00', '00:00:20', 4004, 0),
(509, 5, '2016-11-27', 'Morning', '09:20:00', '00:00:20', 4004, 0),
(510, 6, '2016-11-27', 'Morning', '09:40:00', '00:00:20', 4004, 0),
(511, 7, '2016-11-27', 'Morning', '10:00:00', '00:00:20', 4004, 0),
(512, 8, '2016-11-27', 'Morning', '10:20:00', '00:00:20', 4004, 0),
(513, 9, '2016-11-27', 'Morning', '10:40:00', '00:00:20', 4004, 0),
(514, 10, '2016-11-27', 'Morning', '11:00:00', '00:00:20', 4004, 0),
(515, 11, '2016-11-27', 'Morning', '11:20:00', '00:00:20', 4004, 0),
(516, 12, '2016-11-27', 'Morning', '11:40:00', '00:00:20', 4004, 0),
(517, 1, '2016-11-29', 'Morning', '08:00:00', '00:00:24', 4004, 0),
(518, 2, '2016-11-29', 'Morning', '08:24:00', '00:00:24', 4004, 0),
(519, 3, '2016-11-29', 'Morning', '08:48:00', '00:00:24', 4004, 0),
(520, 4, '2016-11-29', 'Morning', '09:12:00', '00:00:24', 4004, 0),
(521, 5, '2016-11-29', 'Morning', '09:36:00', '00:00:24', 4004, 0),
(522, 6, '2016-11-29', 'Morning', '10:00:00', '00:00:24', 4004, 0),
(523, 7, '2016-11-29', 'Morning', '10:24:00', '00:00:24', 4004, 0),
(524, 8, '2016-11-29', 'Morning', '10:48:00', '00:00:24', 4004, 0),
(525, 9, '2016-11-29', 'Morning', '11:12:00', '00:00:24', 4004, 0),
(526, 10, '2016-11-29', 'Morning', '11:36:00', '00:00:24', 4004, 0),
(527, 1, '2016-11-21', 'Evening', '04:00:00', '00:00:25', 4004, 0),
(528, 2, '2016-11-21', 'Evening', '04:25:00', '00:00:25', 4004, 0),
(529, 3, '2016-11-21', 'Evening', '04:50:00', '00:00:25', 4004, 0),
(530, 4, '2016-11-21', 'Evening', '05:15:00', '00:00:25', 4004, 0),
(531, 5, '2016-11-21', 'Evening', '05:40:00', '00:00:25', 4004, 0),
(532, 6, '2016-11-21', 'Evening', '06:05:00', '00:00:25', 4004, 0),
(533, 7, '2016-11-21', 'Evening', '06:30:00', '00:00:25', 4004, 0),
(534, 8, '2016-11-21', 'Evening', '06:55:00', '00:00:25', 4004, 0),
(535, 9, '2016-11-21', 'Evening', '07:20:00', '00:00:25', 4004, 0),
(536, 10, '2016-11-21', 'Evening', '07:45:00', '00:00:25', 4004, 0),
(537, 11, '2016-11-21', 'Evening', '08:10:00', '00:00:25', 4004, 0),
(538, 12, '2016-11-21', 'Evening', '08:35:00', '00:00:25', 4004, 0),
(539, 1, '2016-11-22', 'Evening', '04:00:00', '00:00:20', 4004, 0),
(540, 2, '2016-11-22', 'Evening', '04:20:00', '00:00:20', 4004, 0),
(541, 3, '2016-11-22', 'Evening', '04:40:00', '00:00:20', 4004, 0),
(542, 4, '2016-11-22', 'Evening', '05:00:00', '00:00:20', 4004, 0),
(543, 5, '2016-11-22', 'Evening', '05:20:00', '00:00:20', 4004, 0),
(544, 6, '2016-11-22', 'Evening', '05:40:00', '00:00:20', 4004, 0),
(545, 7, '2016-11-22', 'Evening', '06:00:00', '00:00:20', 4004, 0),
(546, 8, '2016-11-22', 'Evening', '06:20:00', '00:00:20', 4004, 0),
(547, 9, '2016-11-22', 'Evening', '06:40:00', '00:00:20', 4004, 0),
(548, 10, '2016-11-22', 'Evening', '07:00:00', '00:00:20', 4004, 0),
(549, 11, '2016-11-22', 'Evening', '07:20:00', '00:00:20', 4004, 0),
(550, 12, '2016-11-22', 'Evening', '07:40:00', '00:00:20', 4004, 0),
(551, 13, '2016-11-22', 'Evening', '08:00:00', '00:00:20', 4004, 0),
(552, 14, '2016-11-22', 'Evening', '08:20:00', '00:00:20', 4004, 0),
(553, 15, '2016-11-22', 'Evening', '08:40:00', '00:00:20', 4004, 0),
(554, 1, '2016-11-23', 'Evening', '04:00:00', '00:00:20', 4004, 0),
(555, 2, '2016-11-23', 'Evening', '04:20:00', '00:00:20', 4004, 0),
(556, 3, '2016-11-23', 'Evening', '04:40:00', '00:00:20', 4004, 0),
(557, 4, '2016-11-23', 'Evening', '05:00:00', '00:00:20', 4004, 0),
(558, 5, '2016-11-23', 'Evening', '05:20:00', '00:00:20', 4004, 0),
(559, 6, '2016-11-23', 'Evening', '05:40:00', '00:00:20', 4004, 0),
(560, 7, '2016-11-23', 'Evening', '06:00:00', '00:00:20', 4004, 0),
(561, 8, '2016-11-23', 'Evening', '06:20:00', '00:00:20', 4004, 0),
(562, 9, '2016-11-23', 'Evening', '06:40:00', '00:00:20', 4004, 0),
(563, 10, '2016-11-23', 'Evening', '07:00:00', '00:00:20', 4004, 0),
(564, 11, '2016-11-23', 'Evening', '07:20:00', '00:00:20', 4004, 0),
(565, 12, '2016-11-23', 'Evening', '07:40:00', '00:00:20', 4004, 0),
(566, 13, '2016-11-23', 'Evening', '08:00:00', '00:00:20', 4004, 0),
(567, 14, '2016-11-23', 'Evening', '08:20:00', '00:00:20', 4004, 0),
(568, 15, '2016-11-23', 'Evening', '08:40:00', '00:00:20', 4004, 0),
(569, 1, '2016-11-26', 'Evening', '04:00:00', '00:00:30', 4004, 0),
(570, 2, '2016-11-26', 'Evening', '04:30:00', '00:00:30', 4004, 0),
(571, 3, '2016-11-26', 'Evening', '05:00:00', '00:00:30', 4004, 0),
(572, 4, '2016-11-26', 'Evening', '05:30:00', '00:00:30', 4004, 0),
(573, 5, '2016-11-26', 'Evening', '06:00:00', '00:00:30', 4004, 0),
(574, 6, '2016-11-26', 'Evening', '06:30:00', '00:00:30', 4004, 0),
(575, 7, '2016-11-26', 'Evening', '07:00:00', '00:00:30', 4004, 0),
(576, 8, '2016-11-26', 'Evening', '07:30:00', '00:00:30', 4004, 0),
(577, 9, '2016-11-26', 'Evening', '08:00:00', '00:00:30', 4004, 0),
(578, 10, '2016-11-26', 'Evening', '08:30:00', '00:00:30', 4004, 0),
(579, 1, '2016-11-28', 'Evening', '04:00:00', '00:00:20', 4004, 0),
(580, 2, '2016-11-28', 'Evening', '04:20:00', '00:00:20', 4004, 0),
(581, 3, '2016-11-28', 'Evening', '04:40:00', '00:00:20', 4004, 0),
(582, 4, '2016-11-28', 'Evening', '05:00:00', '00:00:20', 4004, 0),
(583, 5, '2016-11-28', 'Evening', '05:20:00', '00:00:20', 4004, 0),
(584, 6, '2016-11-28', 'Evening', '05:40:00', '00:00:20', 4004, 0),
(585, 7, '2016-11-28', 'Evening', '06:00:00', '00:00:20', 4004, 0),
(586, 8, '2016-11-28', 'Evening', '06:20:00', '00:00:20', 4004, 0),
(587, 9, '2016-11-28', 'Evening', '06:40:00', '00:00:20', 4004, 0),
(588, 10, '2016-11-28', 'Evening', '07:00:00', '00:00:20', 4004, 0),
(589, 11, '2016-11-28', 'Evening', '07:20:00', '00:00:20', 4004, 0),
(590, 12, '2016-11-28', 'Evening', '07:40:00', '00:00:20', 4004, 0),
(591, 13, '2016-11-28', 'Evening', '08:00:00', '00:00:20', 4004, 0),
(592, 14, '2016-11-28', 'Evening', '08:20:00', '00:00:20', 4004, 0),
(593, 15, '2016-11-28', 'Evening', '08:40:00', '00:00:20', 4004, 0),
(594, 1, '2016-11-29', 'Evening', '04:00:00', '00:00:25', 4004, 0),
(595, 2, '2016-11-29', 'Evening', '04:25:00', '00:00:25', 4004, 0),
(596, 3, '2016-11-29', 'Evening', '04:50:00', '00:00:25', 4004, 0),
(597, 4, '2016-11-29', 'Evening', '05:15:00', '00:00:25', 4004, 0),
(598, 5, '2016-11-29', 'Evening', '05:40:00', '00:00:25', 4004, 0),
(599, 6, '2016-11-29', 'Evening', '06:05:00', '00:00:25', 4004, 0),
(600, 7, '2016-11-29', 'Evening', '06:30:00', '00:00:25', 4004, 0),
(601, 8, '2016-11-29', 'Evening', '06:55:00', '00:00:25', 4004, 0),
(602, 9, '2016-11-29', 'Evening', '07:20:00', '00:00:25', 4004, 0),
(603, 10, '2016-11-29', 'Evening', '07:45:00', '00:00:25', 4004, 0),
(604, 11, '2016-11-29', 'Evening', '08:10:00', '00:00:25', 4004, 0),
(605, 12, '2016-11-29', 'Evening', '08:35:00', '00:00:25', 4004, 0),
(606, 1, '2016-11-30', 'Evening', '04:00:00', '00:00:25', 4004, 0),
(607, 2, '2016-11-30', 'Evening', '04:25:00', '00:00:25', 4004, 0),
(608, 3, '2016-11-30', 'Evening', '04:50:00', '00:00:25', 4004, 0),
(609, 4, '2016-11-30', 'Evening', '05:15:00', '00:00:25', 4004, 1),
(610, 5, '2016-11-30', 'Evening', '05:40:00', '00:00:25', 4004, 0),
(611, 6, '2016-11-30', 'Evening', '06:05:00', '00:00:25', 4004, 0),
(612, 7, '2016-11-30', 'Evening', '06:30:00', '00:00:25', 4004, 0),
(613, 8, '2016-11-30', 'Evening', '06:55:00', '00:00:25', 4004, 0),
(614, 9, '2016-11-30', 'Evening', '07:20:00', '00:00:25', 4004, 0),
(615, 10, '2016-11-30', 'Evening', '07:45:00', '00:00:25', 4004, 0),
(616, 11, '2016-11-30', 'Evening', '08:10:00', '00:00:25', 4004, 0),
(617, 12, '2016-11-30', 'Evening', '08:35:00', '00:00:25', 4004, 0),
(618, 1, '2016-10-25', 'Morning', '08:00:00', '00:00:16', 4036, 0),
(619, 2, '2016-10-25', 'Morning', '08:16:00', '00:00:16', 4036, 0),
(620, 3, '2016-10-25', 'Morning', '08:32:00', '00:00:16', 4036, 0),
(621, 4, '2016-10-25', 'Morning', '08:48:00', '00:00:16', 4036, 0),
(622, 5, '2016-10-25', 'Morning', '09:04:00', '00:00:16', 4036, 0),
(623, 6, '2016-10-25', 'Morning', '09:20:00', '00:00:16', 4036, 0),
(624, 7, '2016-10-25', 'Morning', '09:36:00', '00:00:16', 4036, 0),
(625, 8, '2016-10-25', 'Morning', '09:52:00', '00:00:16', 4036, 0),
(626, 9, '2016-10-25', 'Morning', '10:08:00', '00:00:16', 4036, 0),
(627, 10, '2016-10-25', 'Morning', '10:24:00', '00:00:16', 4036, 0),
(628, 11, '2016-10-25', 'Morning', '10:40:00', '00:00:16', 4036, 0),
(629, 12, '2016-10-25', 'Morning', '10:56:00', '00:00:16', 4036, 0),
(630, 13, '2016-10-25', 'Morning', '11:12:00', '00:00:16', 4036, 0),
(631, 14, '2016-10-25', 'Morning', '11:28:00', '00:00:16', 4036, 0),
(632, 15, '2016-10-25', 'Morning', '11:44:00', '00:00:16', 4036, 0),
(633, 1, '2016-10-27', 'Morning', '08:00:00', '00:00:16', 4036, 0),
(634, 2, '2016-10-27', 'Morning', '08:16:00', '00:00:16', 4036, 0),
(635, 3, '2016-10-27', 'Morning', '08:32:00', '00:00:16', 4036, 0),
(636, 4, '2016-10-27', 'Morning', '08:48:00', '00:00:16', 4036, 0),
(637, 5, '2016-10-27', 'Morning', '09:04:00', '00:00:16', 4036, 0),
(638, 6, '2016-10-27', 'Morning', '09:20:00', '00:00:16', 4036, 0),
(639, 7, '2016-10-27', 'Morning', '09:36:00', '00:00:16', 4036, 0),
(640, 8, '2016-10-27', 'Morning', '09:52:00', '00:00:16', 4036, 0),
(641, 9, '2016-10-27', 'Morning', '10:08:00', '00:00:16', 4036, 0),
(642, 10, '2016-10-27', 'Morning', '10:24:00', '00:00:16', 4036, 0),
(643, 11, '2016-10-27', 'Morning', '10:40:00', '00:00:16', 4036, 0),
(644, 12, '2016-10-27', 'Morning', '10:56:00', '00:00:16', 4036, 0),
(645, 13, '2016-10-27', 'Morning', '11:12:00', '00:00:16', 4036, 0),
(646, 14, '2016-10-27', 'Morning', '11:28:00', '00:00:16', 4036, 0),
(647, 15, '2016-10-27', 'Morning', '11:44:00', '00:00:16', 4036, 0),
(648, 1, '2016-10-28', 'Morning', '08:00:00', '00:00:24', 4036, 0),
(649, 2, '2016-10-28', 'Morning', '08:24:00', '00:00:24', 4036, 0),
(650, 3, '2016-10-28', 'Morning', '08:48:00', '00:00:24', 4036, 0),
(651, 4, '2016-10-28', 'Morning', '09:12:00', '00:00:24', 4036, 0),
(652, 5, '2016-10-28', 'Morning', '09:36:00', '00:00:24', 4036, 0),
(653, 6, '2016-10-28', 'Morning', '10:00:00', '00:00:24', 4036, 0),
(654, 7, '2016-10-28', 'Morning', '10:24:00', '00:00:24', 4036, 0),
(655, 8, '2016-10-28', 'Morning', '10:48:00', '00:00:24', 4036, 0),
(656, 9, '2016-10-28', 'Morning', '11:12:00', '00:00:24', 4036, 0),
(657, 10, '2016-10-28', 'Morning', '11:36:00', '00:00:24', 4036, 0),
(658, 1, '2016-10-31', 'Morning', '08:00:00', '00:00:16', 4036, 0),
(659, 2, '2016-10-31', 'Morning', '08:16:00', '00:00:16', 4036, 0),
(660, 3, '2016-10-31', 'Morning', '08:32:00', '00:00:16', 4036, 0),
(661, 4, '2016-10-31', 'Morning', '08:48:00', '00:00:16', 4036, 0),
(662, 5, '2016-10-31', 'Morning', '09:04:00', '00:00:16', 4036, 0),
(663, 6, '2016-10-31', 'Morning', '09:20:00', '00:00:16', 4036, 0),
(664, 7, '2016-10-31', 'Morning', '09:36:00', '00:00:16', 4036, 0),
(665, 8, '2016-10-31', 'Morning', '09:52:00', '00:00:16', 4036, 0),
(666, 9, '2016-10-31', 'Morning', '10:08:00', '00:00:16', 4036, 0),
(667, 10, '2016-10-31', 'Morning', '10:24:00', '00:00:16', 4036, 0),
(668, 11, '2016-10-31', 'Morning', '10:40:00', '00:00:16', 4036, 0),
(669, 12, '2016-10-31', 'Morning', '10:56:00', '00:00:16', 4036, 0),
(670, 13, '2016-10-31', 'Morning', '11:12:00', '00:00:16', 4036, 0),
(671, 14, '2016-10-31', 'Morning', '11:28:00', '00:00:16', 4036, 0),
(672, 15, '2016-10-31', 'Morning', '11:44:00', '00:00:16', 4036, 0),
(673, 1, '2016-10-25', 'Evening', '04:00:00', '00:00:30', 4036, 0),
(674, 2, '2016-10-25', 'Evening', '04:30:00', '00:00:30', 4036, 0),
(675, 3, '2016-10-25', 'Evening', '05:00:00', '00:00:30', 4036, 0),
(676, 4, '2016-10-25', 'Evening', '05:30:00', '00:00:30', 4036, 0),
(677, 5, '2016-10-25', 'Evening', '06:00:00', '00:00:30', 4036, 0),
(678, 6, '2016-10-25', 'Evening', '06:30:00', '00:00:30', 4036, 0),
(679, 7, '2016-10-25', 'Evening', '07:00:00', '00:00:30', 4036, 0),
(680, 8, '2016-10-25', 'Evening', '07:30:00', '00:00:30', 4036, 0),
(681, 9, '2016-10-25', 'Evening', '08:00:00', '00:00:30', 4036, 0),
(682, 10, '2016-10-25', 'Evening', '08:30:00', '00:00:30', 4036, 0),
(683, 1, '2016-10-26', 'Evening', '04:00:00', '00:00:30', 4036, 0),
(684, 2, '2016-10-26', 'Evening', '04:30:00', '00:00:30', 4036, 0),
(685, 3, '2016-10-26', 'Evening', '05:00:00', '00:00:30', 4036, 0),
(686, 4, '2016-10-26', 'Evening', '05:30:00', '00:00:30', 4036, 0),
(687, 5, '2016-10-26', 'Evening', '06:00:00', '00:00:30', 4036, 0),
(688, 6, '2016-10-26', 'Evening', '06:30:00', '00:00:30', 4036, 0),
(689, 7, '2016-10-26', 'Evening', '07:00:00', '00:00:30', 4036, 0),
(690, 8, '2016-10-26', 'Evening', '07:30:00', '00:00:30', 4036, 0),
(691, 9, '2016-10-26', 'Evening', '08:00:00', '00:00:30', 4036, 0),
(692, 10, '2016-10-26', 'Evening', '08:30:00', '00:00:30', 4036, 0),
(693, 1, '2016-10-29', 'Evening', '04:00:00', '00:00:20', 4036, 0),
(694, 2, '2016-10-29', 'Evening', '04:20:00', '00:00:20', 4036, 0),
(695, 3, '2016-10-29', 'Evening', '04:40:00', '00:00:20', 4036, 0),
(696, 4, '2016-10-29', 'Evening', '05:00:00', '00:00:20', 4036, 0),
(697, 5, '2016-10-29', 'Evening', '05:20:00', '00:00:20', 4036, 0),
(698, 6, '2016-10-29', 'Evening', '05:40:00', '00:00:20', 4036, 0),
(699, 7, '2016-10-29', 'Evening', '06:00:00', '00:00:20', 4036, 0),
(700, 8, '2016-10-29', 'Evening', '06:20:00', '00:00:20', 4036, 0),
(701, 9, '2016-10-29', 'Evening', '06:40:00', '00:00:20', 4036, 0),
(702, 10, '2016-10-29', 'Evening', '07:00:00', '00:00:20', 4036, 0),
(703, 11, '2016-10-29', 'Evening', '07:20:00', '00:00:20', 4036, 0),
(704, 12, '2016-10-29', 'Evening', '07:40:00', '00:00:20', 4036, 0),
(705, 13, '2016-10-29', 'Evening', '08:00:00', '00:00:20', 4036, 0),
(706, 14, '2016-10-29', 'Evening', '08:20:00', '00:00:20', 4036, 0),
(707, 15, '2016-10-29', 'Evening', '08:40:00', '00:00:20', 4036, 0),
(708, 1, '2016-10-30', 'Evening', '04:00:00', '00:00:30', 4036, 0),
(709, 2, '2016-10-30', 'Evening', '04:30:00', '00:00:30', 4036, 0),
(710, 3, '2016-10-30', 'Evening', '05:00:00', '00:00:30', 4036, 0),
(711, 4, '2016-10-30', 'Evening', '05:30:00', '00:00:30', 4036, 0),
(712, 5, '2016-10-30', 'Evening', '06:00:00', '00:00:30', 4036, 0),
(713, 6, '2016-10-30', 'Evening', '06:30:00', '00:00:30', 4036, 0),
(714, 7, '2016-10-30', 'Evening', '07:00:00', '00:00:30', 4036, 0),
(715, 8, '2016-10-30', 'Evening', '07:30:00', '00:00:30', 4036, 0),
(716, 9, '2016-10-30', 'Evening', '08:00:00', '00:00:30', 4036, 0),
(717, 10, '2016-10-30', 'Evening', '08:30:00', '00:00:30', 4036, 0),
(718, 1, '2016-10-31', 'Evening', '04:00:00', '00:00:20', 4036, 0),
(719, 2, '2016-10-31', 'Evening', '04:20:00', '00:00:20', 4036, 0),
(720, 3, '2016-10-31', 'Evening', '04:40:00', '00:00:20', 4036, 0),
(721, 4, '2016-10-31', 'Evening', '05:00:00', '00:00:20', 4036, 0),
(722, 5, '2016-10-31', 'Evening', '05:20:00', '00:00:20', 4036, 0),
(723, 6, '2016-10-31', 'Evening', '05:40:00', '00:00:20', 4036, 0),
(724, 7, '2016-10-31', 'Evening', '06:00:00', '00:00:20', 4036, 0),
(725, 8, '2016-10-31', 'Evening', '06:20:00', '00:00:20', 4036, 0),
(726, 9, '2016-10-31', 'Evening', '06:40:00', '00:00:20', 4036, 0),
(727, 10, '2016-10-31', 'Evening', '07:00:00', '00:00:20', 4036, 0),
(728, 11, '2016-10-31', 'Evening', '07:20:00', '00:00:20', 4036, 0),
(729, 12, '2016-10-31', 'Evening', '07:40:00', '00:00:20', 4036, 0),
(730, 13, '2016-10-31', 'Evening', '08:00:00', '00:00:20', 4036, 0),
(731, 14, '2016-10-31', 'Evening', '08:20:00', '00:00:20', 4036, 0),
(732, 15, '2016-10-31', 'Evening', '08:40:00', '00:00:20', 4036, 0),
(733, 1, '2016-11-17', 'Morning', '08:00:00', '00:00:16', 4036, 0),
(734, 2, '2016-11-17', 'Morning', '08:16:00', '00:00:16', 4036, 0),
(735, 3, '2016-11-17', 'Morning', '08:32:00', '00:00:16', 4036, 0),
(736, 4, '2016-11-17', 'Morning', '08:48:00', '00:00:16', 4036, 0),
(737, 5, '2016-11-17', 'Morning', '09:04:00', '00:00:16', 4036, 0),
(738, 6, '2016-11-17', 'Morning', '09:20:00', '00:00:16', 4036, 0),
(739, 7, '2016-11-17', 'Morning', '09:36:00', '00:00:16', 4036, 0),
(740, 8, '2016-11-17', 'Morning', '09:52:00', '00:00:16', 4036, 0),
(741, 9, '2016-11-17', 'Morning', '10:08:00', '00:00:16', 4036, 0),
(742, 10, '2016-11-17', 'Morning', '10:24:00', '00:00:16', 4036, 0),
(743, 11, '2016-11-17', 'Morning', '10:40:00', '00:00:16', 4036, 0),
(744, 12, '2016-11-17', 'Morning', '10:56:00', '00:00:16', 4036, 0),
(745, 13, '2016-11-17', 'Morning', '11:12:00', '00:00:16', 4036, 0),
(746, 14, '2016-11-17', 'Morning', '11:28:00', '00:00:16', 4036, 0),
(747, 15, '2016-11-17', 'Morning', '11:44:00', '00:00:16', 4036, 0),
(748, 1, '2016-11-19', 'Morning', '08:00:00', '00:00:24', 4036, 0),
(749, 2, '2016-11-19', 'Morning', '08:24:00', '00:00:24', 4036, 0),
(750, 3, '2016-11-19', 'Morning', '08:48:00', '00:00:24', 4036, 0),
(751, 4, '2016-11-19', 'Morning', '09:12:00', '00:00:24', 4036, 0),
(752, 5, '2016-11-19', 'Morning', '09:36:00', '00:00:24', 4036, 0),
(753, 6, '2016-11-19', 'Morning', '10:00:00', '00:00:24', 4036, 0);
INSERT INTO `tbl_patient_numbers` (`id`, `patient_number`, `date`, `session`, `start_time`, `end_time`, `doctor_id`, `available_status`) VALUES
(754, 7, '2016-11-19', 'Morning', '10:24:00', '00:00:24', 4036, 0),
(755, 8, '2016-11-19', 'Morning', '10:48:00', '00:00:24', 4036, 0),
(756, 9, '2016-11-19', 'Morning', '11:12:00', '00:00:24', 4036, 0),
(757, 10, '2016-11-19', 'Morning', '11:36:00', '00:00:24', 4036, 0),
(758, 1, '2016-11-21', 'Morning', '08:00:00', '00:00:20', 4036, 0),
(759, 2, '2016-11-21', 'Morning', '08:20:00', '00:00:20', 4036, 0),
(760, 3, '2016-11-21', 'Morning', '08:40:00', '00:00:20', 4036, 0),
(761, 4, '2016-11-21', 'Morning', '09:00:00', '00:00:20', 4036, 0),
(762, 5, '2016-11-21', 'Morning', '09:20:00', '00:00:20', 4036, 0),
(763, 6, '2016-11-21', 'Morning', '09:40:00', '00:00:20', 4036, 0),
(764, 7, '2016-11-21', 'Morning', '10:00:00', '00:00:20', 4036, 0),
(765, 8, '2016-11-21', 'Morning', '10:20:00', '00:00:20', 4036, 0),
(766, 9, '2016-11-21', 'Morning', '10:40:00', '00:00:20', 4036, 0),
(767, 10, '2016-11-21', 'Morning', '11:00:00', '00:00:20', 4036, 0),
(768, 11, '2016-11-21', 'Morning', '11:20:00', '00:00:20', 4036, 0),
(769, 12, '2016-11-21', 'Morning', '11:40:00', '00:00:20', 4036, 0),
(770, 1, '2016-11-23', 'Morning', '08:00:00', '00:00:16', 4036, 0),
(771, 2, '2016-11-23', 'Morning', '08:16:00', '00:00:16', 4036, 0),
(772, 3, '2016-11-23', 'Morning', '08:32:00', '00:00:16', 4036, 0),
(773, 4, '2016-11-23', 'Morning', '08:48:00', '00:00:16', 4036, 0),
(774, 5, '2016-11-23', 'Morning', '09:04:00', '00:00:16', 4036, 0),
(775, 6, '2016-11-23', 'Morning', '09:20:00', '00:00:16', 4036, 0),
(776, 7, '2016-11-23', 'Morning', '09:36:00', '00:00:16', 4036, 0),
(777, 8, '2016-11-23', 'Morning', '09:52:00', '00:00:16', 4036, 0),
(778, 9, '2016-11-23', 'Morning', '10:08:00', '00:00:16', 4036, 0),
(779, 10, '2016-11-23', 'Morning', '10:24:00', '00:00:16', 4036, 0),
(780, 11, '2016-11-23', 'Morning', '10:40:00', '00:00:16', 4036, 0),
(781, 12, '2016-11-23', 'Morning', '10:56:00', '00:00:16', 4036, 0),
(782, 13, '2016-11-23', 'Morning', '11:12:00', '00:00:16', 4036, 0),
(783, 14, '2016-11-23', 'Morning', '11:28:00', '00:00:16', 4036, 0),
(784, 15, '2016-11-23', 'Morning', '11:44:00', '00:00:16', 4036, 0),
(785, 1, '2016-11-24', 'Morning', '08:00:00', '00:00:24', 4036, 0),
(786, 2, '2016-11-24', 'Morning', '08:24:00', '00:00:24', 4036, 0),
(787, 3, '2016-11-24', 'Morning', '08:48:00', '00:00:24', 4036, 0),
(788, 4, '2016-11-24', 'Morning', '09:12:00', '00:00:24', 4036, 0),
(789, 5, '2016-11-24', 'Morning', '09:36:00', '00:00:24', 4036, 0),
(790, 6, '2016-11-24', 'Morning', '10:00:00', '00:00:24', 4036, 0),
(791, 7, '2016-11-24', 'Morning', '10:24:00', '00:00:24', 4036, 0),
(792, 8, '2016-11-24', 'Morning', '10:48:00', '00:00:24', 4036, 0),
(793, 9, '2016-11-24', 'Morning', '11:12:00', '00:00:24', 4036, 0),
(794, 10, '2016-11-24', 'Morning', '11:36:00', '00:00:24', 4036, 0),
(795, 1, '2016-11-26', 'Morning', '08:00:00', '00:00:20', 4036, 0),
(796, 2, '2016-11-26', 'Morning', '08:20:00', '00:00:20', 4036, 0),
(797, 3, '2016-11-26', 'Morning', '08:40:00', '00:00:20', 4036, 0),
(798, 4, '2016-11-26', 'Morning', '09:00:00', '00:00:20', 4036, 0),
(799, 5, '2016-11-26', 'Morning', '09:20:00', '00:00:20', 4036, 0),
(800, 6, '2016-11-26', 'Morning', '09:40:00', '00:00:20', 4036, 0),
(801, 7, '2016-11-26', 'Morning', '10:00:00', '00:00:20', 4036, 0),
(802, 8, '2016-11-26', 'Morning', '10:20:00', '00:00:20', 4036, 0),
(803, 9, '2016-11-26', 'Morning', '10:40:00', '00:00:20', 4036, 0),
(804, 10, '2016-11-26', 'Morning', '11:00:00', '00:00:20', 4036, 0),
(805, 11, '2016-11-26', 'Morning', '11:20:00', '00:00:20', 4036, 0),
(806, 12, '2016-11-26', 'Morning', '11:40:00', '00:00:20', 4036, 0),
(807, 1, '2016-11-27', 'Morning', '08:00:00', '00:00:24', 4036, 0),
(808, 2, '2016-11-27', 'Morning', '08:24:00', '00:00:24', 4036, 0),
(809, 3, '2016-11-27', 'Morning', '08:48:00', '00:00:24', 4036, 0),
(810, 4, '2016-11-27', 'Morning', '09:12:00', '00:00:24', 4036, 0),
(811, 5, '2016-11-27', 'Morning', '09:36:00', '00:00:24', 4036, 0),
(812, 6, '2016-11-27', 'Morning', '10:00:00', '00:00:24', 4036, 0),
(813, 7, '2016-11-27', 'Morning', '10:24:00', '00:00:24', 4036, 0),
(814, 8, '2016-11-27', 'Morning', '10:48:00', '00:00:24', 4036, 0),
(815, 9, '2016-11-27', 'Morning', '11:12:00', '00:00:24', 4036, 0),
(816, 10, '2016-11-27', 'Morning', '11:36:00', '00:00:24', 4036, 0),
(817, 1, '2016-11-30', 'Morning', '08:00:00', '00:00:20', 4036, 0),
(818, 2, '2016-11-30', 'Morning', '08:20:00', '00:00:20', 4036, 0),
(819, 3, '2016-11-30', 'Morning', '08:40:00', '00:00:20', 4036, 0),
(820, 4, '2016-11-30', 'Morning', '09:00:00', '00:00:20', 4036, 0),
(821, 5, '2016-11-30', 'Morning', '09:20:00', '00:00:20', 4036, 0),
(822, 6, '2016-11-30', 'Morning', '09:40:00', '00:00:20', 4036, 0),
(823, 7, '2016-11-30', 'Morning', '10:00:00', '00:00:20', 4036, 0),
(824, 8, '2016-11-30', 'Morning', '10:20:00', '00:00:20', 4036, 0),
(825, 9, '2016-11-30', 'Morning', '10:40:00', '00:00:20', 4036, 0),
(826, 10, '2016-11-30', 'Morning', '11:00:00', '00:00:20', 4036, 0),
(827, 11, '2016-11-30', 'Morning', '11:20:00', '00:00:20', 4036, 0),
(828, 12, '2016-11-30', 'Morning', '11:40:00', '00:00:20', 4036, 0),
(829, 1, '2016-11-17', 'Evening', '04:00:00', '00:00:25', 4036, 0),
(830, 2, '2016-11-17', 'Evening', '04:25:00', '00:00:25', 4036, 0),
(831, 3, '2016-11-17', 'Evening', '04:50:00', '00:00:25', 4036, 0),
(832, 4, '2016-11-17', 'Evening', '05:15:00', '00:00:25', 4036, 0),
(833, 5, '2016-11-17', 'Evening', '05:40:00', '00:00:25', 4036, 0),
(834, 6, '2016-11-17', 'Evening', '06:05:00', '00:00:25', 4036, 0),
(835, 7, '2016-11-17', 'Evening', '06:30:00', '00:00:25', 4036, 0),
(836, 8, '2016-11-17', 'Evening', '06:55:00', '00:00:25', 4036, 0),
(837, 9, '2016-11-17', 'Evening', '07:20:00', '00:00:25', 4036, 0),
(838, 10, '2016-11-17', 'Evening', '07:45:00', '00:00:25', 4036, 0),
(839, 11, '2016-11-17', 'Evening', '08:10:00', '00:00:25', 4036, 0),
(840, 12, '2016-11-17', 'Evening', '08:35:00', '00:00:25', 4036, 0),
(841, 1, '2016-11-18', 'Evening', '04:00:00', '00:00:20', 4036, 0),
(842, 2, '2016-11-18', 'Evening', '04:20:00', '00:00:20', 4036, 0),
(843, 3, '2016-11-18', 'Evening', '04:40:00', '00:00:20', 4036, 0),
(844, 4, '2016-11-18', 'Evening', '05:00:00', '00:00:20', 4036, 0),
(845, 5, '2016-11-18', 'Evening', '05:20:00', '00:00:20', 4036, 0),
(846, 6, '2016-11-18', 'Evening', '05:40:00', '00:00:20', 4036, 0),
(847, 7, '2016-11-18', 'Evening', '06:00:00', '00:00:20', 4036, 0),
(848, 8, '2016-11-18', 'Evening', '06:20:00', '00:00:20', 4036, 0),
(849, 9, '2016-11-18', 'Evening', '06:40:00', '00:00:20', 4036, 0),
(850, 10, '2016-11-18', 'Evening', '07:00:00', '00:00:20', 4036, 0),
(851, 11, '2016-11-18', 'Evening', '07:20:00', '00:00:20', 4036, 0),
(852, 12, '2016-11-18', 'Evening', '07:40:00', '00:00:20', 4036, 0),
(853, 13, '2016-11-18', 'Evening', '08:00:00', '00:00:20', 4036, 0),
(854, 14, '2016-11-18', 'Evening', '08:20:00', '00:00:20', 4036, 0),
(855, 15, '2016-11-18', 'Evening', '08:40:00', '00:00:20', 4036, 0),
(856, 1, '2016-11-20', 'Evening', '04:00:00', '00:00:20', 4036, 0),
(857, 2, '2016-11-20', 'Evening', '04:20:00', '00:00:20', 4036, 0),
(858, 3, '2016-11-20', 'Evening', '04:40:00', '00:00:20', 4036, 0),
(859, 4, '2016-11-20', 'Evening', '05:00:00', '00:00:20', 4036, 0),
(860, 5, '2016-11-20', 'Evening', '05:20:00', '00:00:20', 4036, 0),
(861, 6, '2016-11-20', 'Evening', '05:40:00', '00:00:20', 4036, 0),
(862, 7, '2016-11-20', 'Evening', '06:00:00', '00:00:20', 4036, 0),
(863, 8, '2016-11-20', 'Evening', '06:20:00', '00:00:20', 4036, 0),
(864, 9, '2016-11-20', 'Evening', '06:40:00', '00:00:20', 4036, 0),
(865, 10, '2016-11-20', 'Evening', '07:00:00', '00:00:20', 4036, 0),
(866, 11, '2016-11-20', 'Evening', '07:20:00', '00:00:20', 4036, 0),
(867, 12, '2016-11-20', 'Evening', '07:40:00', '00:00:20', 4036, 0),
(868, 13, '2016-11-20', 'Evening', '08:00:00', '00:00:20', 4036, 0),
(869, 14, '2016-11-20', 'Evening', '08:20:00', '00:00:20', 4036, 0),
(870, 15, '2016-11-20', 'Evening', '08:40:00', '00:00:20', 4036, 0),
(871, 1, '2016-11-21', 'Evening', '04:00:00', '00:00:20', 4036, 0),
(872, 2, '2016-11-21', 'Evening', '04:20:00', '00:00:20', 4036, 0),
(873, 3, '2016-11-21', 'Evening', '04:40:00', '00:00:20', 4036, 0),
(874, 4, '2016-11-21', 'Evening', '05:00:00', '00:00:20', 4036, 0),
(875, 5, '2016-11-21', 'Evening', '05:20:00', '00:00:20', 4036, 0),
(876, 6, '2016-11-21', 'Evening', '05:40:00', '00:00:20', 4036, 0),
(877, 7, '2016-11-21', 'Evening', '06:00:00', '00:00:20', 4036, 0),
(878, 8, '2016-11-21', 'Evening', '06:20:00', '00:00:20', 4036, 0),
(879, 9, '2016-11-21', 'Evening', '06:40:00', '00:00:20', 4036, 0),
(880, 10, '2016-11-21', 'Evening', '07:00:00', '00:00:20', 4036, 0),
(881, 11, '2016-11-21', 'Evening', '07:20:00', '00:00:20', 4036, 0),
(882, 12, '2016-11-21', 'Evening', '07:40:00', '00:00:20', 4036, 0),
(883, 13, '2016-11-21', 'Evening', '08:00:00', '00:00:20', 4036, 0),
(884, 14, '2016-11-21', 'Evening', '08:20:00', '00:00:20', 4036, 0),
(885, 15, '2016-11-21', 'Evening', '08:40:00', '00:00:20', 4036, 0),
(886, 1, '2016-11-22', 'Evening', '04:00:00', '00:00:20', 4036, 0),
(887, 2, '2016-11-22', 'Evening', '04:20:00', '00:00:20', 4036, 0),
(888, 3, '2016-11-22', 'Evening', '04:40:00', '00:00:20', 4036, 0),
(889, 4, '2016-11-22', 'Evening', '05:00:00', '00:00:20', 4036, 0),
(890, 5, '2016-11-22', 'Evening', '05:20:00', '00:00:20', 4036, 0),
(891, 6, '2016-11-22', 'Evening', '05:40:00', '00:00:20', 4036, 0),
(892, 7, '2016-11-22', 'Evening', '06:00:00', '00:00:20', 4036, 0),
(893, 8, '2016-11-22', 'Evening', '06:20:00', '00:00:20', 4036, 0),
(894, 9, '2016-11-22', 'Evening', '06:40:00', '00:00:20', 4036, 0),
(895, 10, '2016-11-22', 'Evening', '07:00:00', '00:00:20', 4036, 0),
(896, 11, '2016-11-22', 'Evening', '07:20:00', '00:00:20', 4036, 0),
(897, 12, '2016-11-22', 'Evening', '07:40:00', '00:00:20', 4036, 0),
(898, 13, '2016-11-22', 'Evening', '08:00:00', '00:00:20', 4036, 0),
(899, 14, '2016-11-22', 'Evening', '08:20:00', '00:00:20', 4036, 0),
(900, 15, '2016-11-22', 'Evening', '08:40:00', '00:00:20', 4036, 0),
(901, 1, '2016-11-25', 'Evening', '04:00:00', '00:00:25', 4036, 0),
(902, 2, '2016-11-25', 'Evening', '04:25:00', '00:00:25', 4036, 0),
(903, 3, '2016-11-25', 'Evening', '04:50:00', '00:00:25', 4036, 0),
(904, 4, '2016-11-25', 'Evening', '05:15:00', '00:00:25', 4036, 0),
(905, 5, '2016-11-25', 'Evening', '05:40:00', '00:00:25', 4036, 0),
(906, 6, '2016-11-25', 'Evening', '06:05:00', '00:00:25', 4036, 0),
(907, 7, '2016-11-25', 'Evening', '06:30:00', '00:00:25', 4036, 0),
(908, 8, '2016-11-25', 'Evening', '06:55:00', '00:00:25', 4036, 0),
(909, 9, '2016-11-25', 'Evening', '07:20:00', '00:00:25', 4036, 0),
(910, 10, '2016-11-25', 'Evening', '07:45:00', '00:00:25', 4036, 0),
(911, 11, '2016-11-25', 'Evening', '08:10:00', '00:00:25', 4036, 0),
(912, 12, '2016-11-25', 'Evening', '08:35:00', '00:00:25', 4036, 0),
(913, 1, '2016-11-27', 'Evening', '04:00:00', '00:00:20', 4036, 0),
(914, 2, '2016-11-27', 'Evening', '04:20:00', '00:00:20', 4036, 0),
(915, 3, '2016-11-27', 'Evening', '04:40:00', '00:00:20', 4036, 0),
(916, 4, '2016-11-27', 'Evening', '05:00:00', '00:00:20', 4036, 0),
(917, 5, '2016-11-27', 'Evening', '05:20:00', '00:00:20', 4036, 0),
(918, 6, '2016-11-27', 'Evening', '05:40:00', '00:00:20', 4036, 0),
(919, 7, '2016-11-27', 'Evening', '06:00:00', '00:00:20', 4036, 0),
(920, 8, '2016-11-27', 'Evening', '06:20:00', '00:00:20', 4036, 0),
(921, 9, '2016-11-27', 'Evening', '06:40:00', '00:00:20', 4036, 0),
(922, 10, '2016-11-27', 'Evening', '07:00:00', '00:00:20', 4036, 0),
(923, 11, '2016-11-27', 'Evening', '07:20:00', '00:00:20', 4036, 0),
(924, 12, '2016-11-27', 'Evening', '07:40:00', '00:00:20', 4036, 0),
(925, 13, '2016-11-27', 'Evening', '08:00:00', '00:00:20', 4036, 0),
(926, 14, '2016-11-27', 'Evening', '08:20:00', '00:00:20', 4036, 0),
(927, 15, '2016-11-27', 'Evening', '08:40:00', '00:00:20', 4036, 0),
(928, 1, '2016-11-28', 'Evening', '04:00:00', '00:00:25', 4036, 0),
(929, 2, '2016-11-28', 'Evening', '04:25:00', '00:00:25', 4036, 0),
(930, 3, '2016-11-28', 'Evening', '04:50:00', '00:00:25', 4036, 0),
(931, 4, '2016-11-28', 'Evening', '05:15:00', '00:00:25', 4036, 0),
(932, 5, '2016-11-28', 'Evening', '05:40:00', '00:00:25', 4036, 0),
(933, 6, '2016-11-28', 'Evening', '06:05:00', '00:00:25', 4036, 0),
(934, 7, '2016-11-28', 'Evening', '06:30:00', '00:00:25', 4036, 0),
(935, 8, '2016-11-28', 'Evening', '06:55:00', '00:00:25', 4036, 0),
(936, 9, '2016-11-28', 'Evening', '07:20:00', '00:00:25', 4036, 0),
(937, 10, '2016-11-28', 'Evening', '07:45:00', '00:00:25', 4036, 0),
(938, 11, '2016-11-28', 'Evening', '08:10:00', '00:00:25', 4036, 0),
(939, 12, '2016-11-28', 'Evening', '08:35:00', '00:00:25', 4036, 0),
(940, 1, '2016-11-29', 'Evening', '04:00:00', '00:00:25', 4036, 0),
(941, 2, '2016-11-29', 'Evening', '04:25:00', '00:00:25', 4036, 0),
(942, 3, '2016-11-29', 'Evening', '04:50:00', '00:00:25', 4036, 0),
(943, 4, '2016-11-29', 'Evening', '05:15:00', '00:00:25', 4036, 0),
(944, 5, '2016-11-29', 'Evening', '05:40:00', '00:00:25', 4036, 0),
(945, 6, '2016-11-29', 'Evening', '06:05:00', '00:00:25', 4036, 0),
(946, 7, '2016-11-29', 'Evening', '06:30:00', '00:00:25', 4036, 0),
(947, 8, '2016-11-29', 'Evening', '06:55:00', '00:00:25', 4036, 0),
(948, 9, '2016-11-29', 'Evening', '07:20:00', '00:00:25', 4036, 0),
(949, 10, '2016-11-29', 'Evening', '07:45:00', '00:00:25', 4036, 0),
(950, 11, '2016-11-29', 'Evening', '08:10:00', '00:00:25', 4036, 0),
(951, 12, '2016-11-29', 'Evening', '08:35:00', '00:00:25', 4036, 0),
(952, 1, '2016-11-30', 'Evening', '04:00:00', '00:00:20', 4036, 0),
(953, 2, '2016-11-30', 'Evening', '04:20:00', '00:00:20', 4036, 0),
(954, 3, '2016-11-30', 'Evening', '04:40:00', '00:00:20', 4036, 0),
(955, 4, '2016-11-30', 'Evening', '05:00:00', '00:00:20', 4036, 0),
(956, 5, '2016-11-30', 'Evening', '05:20:00', '00:00:20', 4036, 0),
(957, 6, '2016-11-30', 'Evening', '05:40:00', '00:00:20', 4036, 0),
(958, 7, '2016-11-30', 'Evening', '06:00:00', '00:00:20', 4036, 0),
(959, 8, '2016-11-30', 'Evening', '06:20:00', '00:00:20', 4036, 0),
(960, 9, '2016-11-30', 'Evening', '06:40:00', '00:00:20', 4036, 0),
(961, 10, '2016-11-30', 'Evening', '07:00:00', '00:00:20', 4036, 0),
(962, 11, '2016-11-30', 'Evening', '07:20:00', '00:00:20', 4036, 0),
(963, 12, '2016-11-30', 'Evening', '07:40:00', '00:00:20', 4036, 0),
(964, 13, '2016-11-30', 'Evening', '08:00:00', '00:00:20', 4036, 0),
(965, 14, '2016-11-30', 'Evening', '08:20:00', '00:00:20', 4036, 0),
(966, 15, '2016-11-30', 'Evening', '08:40:00', '00:00:20', 4036, 0),
(967, 1, '2016-12-04', 'Morning', '08:00:00', '00:00:16', 4036, 0),
(968, 2, '2016-12-04', 'Morning', '08:16:00', '00:00:16', 4036, 0),
(969, 3, '2016-12-04', 'Morning', '08:32:00', '00:00:16', 4036, 0),
(970, 4, '2016-12-04', 'Morning', '08:48:00', '00:00:16', 4036, 0),
(971, 5, '2016-12-04', 'Morning', '09:04:00', '00:00:16', 4036, 0),
(972, 6, '2016-12-04', 'Morning', '09:20:00', '00:00:16', 4036, 0),
(973, 7, '2016-12-04', 'Morning', '09:36:00', '00:00:16', 4036, 0),
(974, 8, '2016-12-04', 'Morning', '09:52:00', '00:00:16', 4036, 0),
(975, 9, '2016-12-04', 'Morning', '10:08:00', '00:00:16', 4036, 0),
(976, 10, '2016-12-04', 'Morning', '10:24:00', '00:00:16', 4036, 0),
(977, 11, '2016-12-04', 'Morning', '10:40:00', '00:00:16', 4036, 0),
(978, 12, '2016-12-04', 'Morning', '10:56:00', '00:00:16', 4036, 0),
(979, 13, '2016-12-04', 'Morning', '11:12:00', '00:00:16', 4036, 0),
(980, 14, '2016-12-04', 'Morning', '11:28:00', '00:00:16', 4036, 0),
(981, 15, '2016-12-04', 'Morning', '11:44:00', '00:00:16', 4036, 0),
(982, 1, '2016-12-06', 'Morning', '08:00:00', '00:00:16', 4036, 0),
(983, 2, '2016-12-06', 'Morning', '08:16:00', '00:00:16', 4036, 0),
(984, 3, '2016-12-06', 'Morning', '08:32:00', '00:00:16', 4036, 0),
(985, 4, '2016-12-06', 'Morning', '08:48:00', '00:00:16', 4036, 0),
(986, 5, '2016-12-06', 'Morning', '09:04:00', '00:00:16', 4036, 0),
(987, 6, '2016-12-06', 'Morning', '09:20:00', '00:00:16', 4036, 0),
(988, 7, '2016-12-06', 'Morning', '09:36:00', '00:00:16', 4036, 0),
(989, 8, '2016-12-06', 'Morning', '09:52:00', '00:00:16', 4036, 0),
(990, 9, '2016-12-06', 'Morning', '10:08:00', '00:00:16', 4036, 1),
(991, 10, '2016-12-06', 'Morning', '10:24:00', '00:00:16', 4036, 0),
(992, 11, '2016-12-06', 'Morning', '10:40:00', '00:00:16', 4036, 0),
(993, 12, '2016-12-06', 'Morning', '10:56:00', '00:00:16', 4036, 1),
(994, 13, '2016-12-06', 'Morning', '11:12:00', '00:00:16', 4036, 0),
(995, 14, '2016-12-06', 'Morning', '11:28:00', '00:00:16', 4036, 1),
(996, 15, '2016-12-06', 'Morning', '11:44:00', '00:00:16', 4036, 0),
(997, 1, '2016-12-08', 'Morning', '08:00:00', '00:00:16', 4036, 0),
(998, 2, '2016-12-08', 'Morning', '08:16:00', '00:00:16', 4036, 0),
(999, 3, '2016-12-08', 'Morning', '08:32:00', '00:00:16', 4036, 0),
(1000, 4, '2016-12-08', 'Morning', '08:48:00', '00:00:16', 4036, 0),
(1001, 5, '2016-12-08', 'Morning', '09:04:00', '00:00:16', 4036, 1),
(1002, 6, '2016-12-08', 'Morning', '09:20:00', '00:00:16', 4036, 0),
(1003, 7, '2016-12-08', 'Morning', '09:36:00', '00:00:16', 4036, 0),
(1004, 8, '2016-12-08', 'Morning', '09:52:00', '00:00:16', 4036, 0),
(1005, 9, '2016-12-08', 'Morning', '10:08:00', '00:00:16', 4036, 0),
(1006, 10, '2016-12-08', 'Morning', '10:24:00', '00:00:16', 4036, 1),
(1007, 11, '2016-12-08', 'Morning', '10:40:00', '00:00:16', 4036, 0),
(1008, 12, '2016-12-08', 'Morning', '10:56:00', '00:00:16', 4036, 0),
(1009, 13, '2016-12-08', 'Morning', '11:12:00', '00:00:16', 4036, 0),
(1010, 14, '2016-12-08', 'Morning', '11:28:00', '00:00:16', 4036, 0),
(1011, 15, '2016-12-08', 'Morning', '11:44:00', '00:00:16', 4036, 0),
(1012, 1, '2016-12-09', 'Morning', '08:00:00', '00:00:24', 4036, 0),
(1013, 2, '2016-12-09', 'Morning', '08:24:00', '00:00:24', 4036, 0),
(1014, 3, '2016-12-09', 'Morning', '08:48:00', '00:00:24', 4036, 0),
(1015, 4, '2016-12-09', 'Morning', '09:12:00', '00:00:24', 4036, 0),
(1016, 5, '2016-12-09', 'Morning', '09:36:00', '00:00:24', 4036, 1),
(1017, 6, '2016-12-09', 'Morning', '10:00:00', '00:00:24', 4036, 0),
(1018, 7, '2016-12-09', 'Morning', '10:24:00', '00:00:24', 4036, 0),
(1019, 8, '2016-12-09', 'Morning', '10:48:00', '00:00:24', 4036, 0),
(1020, 9, '2016-12-09', 'Morning', '11:12:00', '00:00:24', 4036, 0),
(1021, 10, '2016-12-09', 'Morning', '11:36:00', '00:00:24', 4036, 0),
(1022, 1, '2016-12-12', 'Morning', '08:00:00', '00:00:16', 4036, 0),
(1023, 2, '2016-12-12', 'Morning', '08:16:00', '00:00:16', 4036, 0),
(1024, 3, '2016-12-12', 'Morning', '08:32:00', '00:00:16', 4036, 0),
(1025, 4, '2016-12-12', 'Morning', '08:48:00', '00:00:16', 4036, 0),
(1026, 5, '2016-12-12', 'Morning', '09:04:00', '00:00:16', 4036, 0),
(1027, 6, '2016-12-12', 'Morning', '09:20:00', '00:00:16', 4036, 0),
(1028, 7, '2016-12-12', 'Morning', '09:36:00', '00:00:16', 4036, 1),
(1029, 8, '2016-12-12', 'Morning', '09:52:00', '00:00:16', 4036, 0),
(1030, 9, '2016-12-12', 'Morning', '10:08:00', '00:00:16', 4036, 0),
(1031, 10, '2016-12-12', 'Morning', '10:24:00', '00:00:16', 4036, 1),
(1032, 11, '2016-12-12', 'Morning', '10:40:00', '00:00:16', 4036, 0),
(1033, 12, '2016-12-12', 'Morning', '10:56:00', '00:00:16', 4036, 0),
(1034, 13, '2016-12-12', 'Morning', '11:12:00', '00:00:16', 4036, 0),
(1035, 14, '2016-12-12', 'Morning', '11:28:00', '00:00:16', 4036, 0),
(1036, 15, '2016-12-12', 'Morning', '11:44:00', '00:00:16', 4036, 0),
(1037, 1, '2016-12-13', 'Morning', '08:00:00', '00:00:20', 4036, 0),
(1038, 2, '2016-12-13', 'Morning', '08:20:00', '00:00:20', 4036, 0),
(1039, 3, '2016-12-13', 'Morning', '08:40:00', '00:00:20', 4036, 1),
(1040, 4, '2016-12-13', 'Morning', '09:00:00', '00:00:20', 4036, 0),
(1041, 5, '2016-12-13', 'Morning', '09:20:00', '00:00:20', 4036, 0),
(1042, 6, '2016-12-13', 'Morning', '09:40:00', '00:00:20', 4036, 1),
(1043, 7, '2016-12-13', 'Morning', '10:00:00', '00:00:20', 4036, 0),
(1044, 8, '2016-12-13', 'Morning', '10:20:00', '00:00:20', 4036, 0),
(1045, 9, '2016-12-13', 'Morning', '10:40:00', '00:00:20', 4036, 0),
(1046, 10, '2016-12-13', 'Morning', '11:00:00', '00:00:20', 4036, 0),
(1047, 11, '2016-12-13', 'Morning', '11:20:00', '00:00:20', 4036, 0),
(1048, 12, '2016-12-13', 'Morning', '11:40:00', '00:00:20', 4036, 0),
(1049, 1, '2016-12-16', 'Morning', '08:00:00', '00:00:20', 4036, 0),
(1050, 2, '2016-12-16', 'Morning', '08:20:00', '00:00:20', 4036, 0),
(1051, 3, '2016-12-16', 'Morning', '08:40:00', '00:00:20', 4036, 0),
(1052, 4, '2016-12-16', 'Morning', '09:00:00', '00:00:20', 4036, 0),
(1053, 5, '2016-12-16', 'Morning', '09:20:00', '00:00:20', 4036, 0),
(1054, 6, '2016-12-16', 'Morning', '09:40:00', '00:00:20', 4036, 0),
(1055, 7, '2016-12-16', 'Morning', '10:00:00', '00:00:20', 4036, 0),
(1056, 8, '2016-12-16', 'Morning', '10:20:00', '00:00:20', 4036, 0),
(1057, 9, '2016-12-16', 'Morning', '10:40:00', '00:00:20', 4036, 0),
(1058, 10, '2016-12-16', 'Morning', '11:00:00', '00:00:20', 4036, 0),
(1059, 11, '2016-12-16', 'Morning', '11:20:00', '00:00:20', 4036, 0),
(1060, 12, '2016-12-16', 'Morning', '11:40:00', '00:00:20', 4036, 0),
(1061, 1, '2016-12-18', 'Morning', '08:00:00', '00:00:24', 4036, 0),
(1062, 2, '2016-12-18', 'Morning', '08:24:00', '00:00:24', 4036, 0),
(1063, 3, '2016-12-18', 'Morning', '08:48:00', '00:00:24', 4036, 0),
(1064, 4, '2016-12-18', 'Morning', '09:12:00', '00:00:24', 4036, 0),
(1065, 5, '2016-12-18', 'Morning', '09:36:00', '00:00:24', 4036, 0),
(1066, 6, '2016-12-18', 'Morning', '10:00:00', '00:00:24', 4036, 0),
(1067, 7, '2016-12-18', 'Morning', '10:24:00', '00:00:24', 4036, 0),
(1068, 8, '2016-12-18', 'Morning', '10:48:00', '00:00:24', 4036, 0),
(1069, 9, '2016-12-18', 'Morning', '11:12:00', '00:00:24', 4036, 0),
(1070, 10, '2016-12-18', 'Morning', '11:36:00', '00:00:24', 4036, 0),
(1071, 1, '2016-12-20', 'Morning', '08:00:00', '00:00:16', 4036, 0),
(1072, 2, '2016-12-20', 'Morning', '08:16:00', '00:00:16', 4036, 0),
(1073, 3, '2016-12-20', 'Morning', '08:32:00', '00:00:16', 4036, 0),
(1074, 4, '2016-12-20', 'Morning', '08:48:00', '00:00:16', 4036, 0),
(1075, 5, '2016-12-20', 'Morning', '09:04:00', '00:00:16', 4036, 0),
(1076, 6, '2016-12-20', 'Morning', '09:20:00', '00:00:16', 4036, 0),
(1077, 7, '2016-12-20', 'Morning', '09:36:00', '00:00:16', 4036, 0),
(1078, 8, '2016-12-20', 'Morning', '09:52:00', '00:00:16', 4036, 0),
(1079, 9, '2016-12-20', 'Morning', '10:08:00', '00:00:16', 4036, 0),
(1080, 10, '2016-12-20', 'Morning', '10:24:00', '00:00:16', 4036, 0),
(1081, 11, '2016-12-20', 'Morning', '10:40:00', '00:00:16', 4036, 0),
(1082, 12, '2016-12-20', 'Morning', '10:56:00', '00:00:16', 4036, 0),
(1083, 13, '2016-12-20', 'Morning', '11:12:00', '00:00:16', 4036, 0),
(1084, 14, '2016-12-20', 'Morning', '11:28:00', '00:00:16', 4036, 0),
(1085, 15, '2016-12-20', 'Morning', '11:44:00', '00:00:16', 4036, 0),
(1086, 1, '2016-12-21', 'Morning', '08:00:00', '00:00:24', 4036, 0),
(1087, 2, '2016-12-21', 'Morning', '08:24:00', '00:00:24', 4036, 0),
(1088, 3, '2016-12-21', 'Morning', '08:48:00', '00:00:24', 4036, 0),
(1089, 4, '2016-12-21', 'Morning', '09:12:00', '00:00:24', 4036, 0),
(1090, 5, '2016-12-21', 'Morning', '09:36:00', '00:00:24', 4036, 0),
(1091, 6, '2016-12-21', 'Morning', '10:00:00', '00:00:24', 4036, 0),
(1092, 7, '2016-12-21', 'Morning', '10:24:00', '00:00:24', 4036, 0),
(1093, 8, '2016-12-21', 'Morning', '10:48:00', '00:00:24', 4036, 0),
(1094, 9, '2016-12-21', 'Morning', '11:12:00', '00:00:24', 4036, 0),
(1095, 10, '2016-12-21', 'Morning', '11:36:00', '00:00:24', 4036, 0),
(1096, 1, '2016-12-24', 'Morning', '08:00:00', '00:00:16', 4036, 0),
(1097, 2, '2016-12-24', 'Morning', '08:16:00', '00:00:16', 4036, 0),
(1098, 3, '2016-12-24', 'Morning', '08:32:00', '00:00:16', 4036, 0),
(1099, 4, '2016-12-24', 'Morning', '08:48:00', '00:00:16', 4036, 0),
(1100, 5, '2016-12-24', 'Morning', '09:04:00', '00:00:16', 4036, 0),
(1101, 6, '2016-12-24', 'Morning', '09:20:00', '00:00:16', 4036, 0),
(1102, 7, '2016-12-24', 'Morning', '09:36:00', '00:00:16', 4036, 0),
(1103, 8, '2016-12-24', 'Morning', '09:52:00', '00:00:16', 4036, 0),
(1104, 9, '2016-12-24', 'Morning', '10:08:00', '00:00:16', 4036, 0),
(1105, 10, '2016-12-24', 'Morning', '10:24:00', '00:00:16', 4036, 0),
(1106, 11, '2016-12-24', 'Morning', '10:40:00', '00:00:16', 4036, 0),
(1107, 12, '2016-12-24', 'Morning', '10:56:00', '00:00:16', 4036, 0),
(1108, 13, '2016-12-24', 'Morning', '11:12:00', '00:00:16', 4036, 0),
(1109, 14, '2016-12-24', 'Morning', '11:28:00', '00:00:16', 4036, 0),
(1110, 15, '2016-12-24', 'Morning', '11:44:00', '00:00:16', 4036, 0),
(1111, 1, '2016-12-26', 'Morning', '08:00:00', '00:00:24', 4036, 0),
(1112, 2, '2016-12-26', 'Morning', '08:24:00', '00:00:24', 4036, 0),
(1113, 3, '2016-12-26', 'Morning', '08:48:00', '00:00:24', 4036, 0),
(1114, 4, '2016-12-26', 'Morning', '09:12:00', '00:00:24', 4036, 0),
(1115, 5, '2016-12-26', 'Morning', '09:36:00', '00:00:24', 4036, 0),
(1116, 6, '2016-12-26', 'Morning', '10:00:00', '00:00:24', 4036, 0),
(1117, 7, '2016-12-26', 'Morning', '10:24:00', '00:00:24', 4036, 0),
(1118, 8, '2016-12-26', 'Morning', '10:48:00', '00:00:24', 4036, 0),
(1119, 9, '2016-12-26', 'Morning', '11:12:00', '00:00:24', 4036, 0),
(1120, 10, '2016-12-26', 'Morning', '11:36:00', '00:00:24', 4036, 0),
(1121, 1, '2016-12-27', 'Morning', '08:00:00', '00:00:24', 4036, 0),
(1122, 2, '2016-12-27', 'Morning', '08:24:00', '00:00:24', 4036, 0),
(1123, 3, '2016-12-27', 'Morning', '08:48:00', '00:00:24', 4036, 0),
(1124, 4, '2016-12-27', 'Morning', '09:12:00', '00:00:24', 4036, 0),
(1125, 5, '2016-12-27', 'Morning', '09:36:00', '00:00:24', 4036, 0),
(1126, 6, '2016-12-27', 'Morning', '10:00:00', '00:00:24', 4036, 0),
(1127, 7, '2016-12-27', 'Morning', '10:24:00', '00:00:24', 4036, 0),
(1128, 8, '2016-12-27', 'Morning', '10:48:00', '00:00:24', 4036, 0),
(1129, 9, '2016-12-27', 'Morning', '11:12:00', '00:00:24', 4036, 0),
(1130, 10, '2016-12-27', 'Morning', '11:36:00', '00:00:24', 4036, 0),
(1131, 1, '2016-12-29', 'Morning', '08:00:00', '00:00:24', 4036, 0),
(1132, 2, '2016-12-29', 'Morning', '08:24:00', '00:00:24', 4036, 0),
(1133, 3, '2016-12-29', 'Morning', '08:48:00', '00:00:24', 4036, 0),
(1134, 4, '2016-12-29', 'Morning', '09:12:00', '00:00:24', 4036, 0),
(1135, 5, '2016-12-29', 'Morning', '09:36:00', '00:00:24', 4036, 0),
(1136, 6, '2016-12-29', 'Morning', '10:00:00', '00:00:24', 4036, 0),
(1137, 7, '2016-12-29', 'Morning', '10:24:00', '00:00:24', 4036, 0),
(1138, 8, '2016-12-29', 'Morning', '10:48:00', '00:00:24', 4036, 0),
(1139, 9, '2016-12-29', 'Morning', '11:12:00', '00:00:24', 4036, 0),
(1140, 10, '2016-12-29', 'Morning', '11:36:00', '00:00:24', 4036, 0),
(1141, 1, '2016-12-30', 'Morning', '08:00:00', '00:00:16', 4036, 0),
(1142, 2, '2016-12-30', 'Morning', '08:16:00', '00:00:16', 4036, 0),
(1143, 3, '2016-12-30', 'Morning', '08:32:00', '00:00:16', 4036, 0),
(1144, 4, '2016-12-30', 'Morning', '08:48:00', '00:00:16', 4036, 0),
(1145, 5, '2016-12-30', 'Morning', '09:04:00', '00:00:16', 4036, 0),
(1146, 6, '2016-12-30', 'Morning', '09:20:00', '00:00:16', 4036, 0),
(1147, 7, '2016-12-30', 'Morning', '09:36:00', '00:00:16', 4036, 0),
(1148, 8, '2016-12-30', 'Morning', '09:52:00', '00:00:16', 4036, 0),
(1149, 9, '2016-12-30', 'Morning', '10:08:00', '00:00:16', 4036, 0),
(1150, 10, '2016-12-30', 'Morning', '10:24:00', '00:00:16', 4036, 0),
(1151, 11, '2016-12-30', 'Morning', '10:40:00', '00:00:16', 4036, 0),
(1152, 12, '2016-12-30', 'Morning', '10:56:00', '00:00:16', 4036, 0),
(1153, 13, '2016-12-30', 'Morning', '11:12:00', '00:00:16', 4036, 0),
(1154, 14, '2016-12-30', 'Morning', '11:28:00', '00:00:16', 4036, 0),
(1155, 15, '2016-12-30', 'Morning', '11:44:00', '00:00:16', 4036, 0),
(1156, 1, '2016-12-01', 'Evening', '04:00:00', '00:00:30', 4036, 0),
(1157, 2, '2016-12-01', 'Evening', '04:30:00', '00:00:30', 4036, 0),
(1158, 3, '2016-12-01', 'Evening', '05:00:00', '00:00:30', 4036, 0),
(1159, 4, '2016-12-01', 'Evening', '05:30:00', '00:00:30', 4036, 0),
(1160, 5, '2016-12-01', 'Evening', '06:00:00', '00:00:30', 4036, 0),
(1161, 6, '2016-12-01', 'Evening', '06:30:00', '00:00:30', 4036, 0),
(1162, 7, '2016-12-01', 'Evening', '07:00:00', '00:00:30', 4036, 0),
(1163, 8, '2016-12-01', 'Evening', '07:30:00', '00:00:30', 4036, 0),
(1164, 9, '2016-12-01', 'Evening', '08:00:00', '00:00:30', 4036, 1),
(1165, 10, '2016-12-01', 'Evening', '08:30:00', '00:00:30', 4036, 0),
(1166, 1, '2016-12-03', 'Evening', '04:00:00', '00:00:30', 4036, 0),
(1167, 2, '2016-12-03', 'Evening', '04:30:00', '00:00:30', 4036, 0),
(1168, 3, '2016-12-03', 'Evening', '05:00:00', '00:00:30', 4036, 0),
(1169, 4, '2016-12-03', 'Evening', '05:30:00', '00:00:30', 4036, 0),
(1170, 5, '2016-12-03', 'Evening', '06:00:00', '00:00:30', 4036, 0),
(1171, 6, '2016-12-03', 'Evening', '06:30:00', '00:00:30', 4036, 0),
(1172, 7, '2016-12-03', 'Evening', '07:00:00', '00:00:30', 4036, 0),
(1173, 8, '2016-12-03', 'Evening', '07:30:00', '00:00:30', 4036, 0),
(1174, 9, '2016-12-03', 'Evening', '08:00:00', '00:00:30', 4036, 0),
(1175, 10, '2016-12-03', 'Evening', '08:30:00', '00:00:30', 4036, 0),
(1176, 1, '2016-12-05', 'Evening', '04:00:00', '00:00:30', 4036, 0),
(1177, 2, '2016-12-05', 'Evening', '04:30:00', '00:00:30', 4036, 0),
(1178, 3, '2016-12-05', 'Evening', '05:00:00', '00:00:30', 4036, 0),
(1179, 4, '2016-12-05', 'Evening', '05:30:00', '00:00:30', 4036, 0),
(1180, 5, '2016-12-05', 'Evening', '06:00:00', '00:00:30', 4036, 0),
(1181, 6, '2016-12-05', 'Evening', '06:30:00', '00:00:30', 4036, 0),
(1182, 7, '2016-12-05', 'Evening', '07:00:00', '00:00:30', 4036, 0),
(1183, 8, '2016-12-05', 'Evening', '07:30:00', '00:00:30', 4036, 0),
(1184, 9, '2016-12-05', 'Evening', '08:00:00', '00:00:30', 4036, 0),
(1185, 10, '2016-12-05', 'Evening', '08:30:00', '00:00:30', 4036, 0),
(1186, 1, '2016-12-06', 'Evening', '04:00:00', '00:00:25', 4036, 0),
(1187, 2, '2016-12-06', 'Evening', '04:25:00', '00:00:25', 4036, 0),
(1188, 3, '2016-12-06', 'Evening', '04:50:00', '00:00:25', 4036, 0),
(1189, 4, '2016-12-06', 'Evening', '05:15:00', '00:00:25', 4036, 0),
(1190, 5, '2016-12-06', 'Evening', '05:40:00', '00:00:25', 4036, 0),
(1191, 6, '2016-12-06', 'Evening', '06:05:00', '00:00:25', 4036, 0),
(1192, 7, '2016-12-06', 'Evening', '06:30:00', '00:00:25', 4036, 0),
(1193, 8, '2016-12-06', 'Evening', '06:55:00', '00:00:25', 4036, 0),
(1194, 9, '2016-12-06', 'Evening', '07:20:00', '00:00:25', 4036, 0),
(1195, 10, '2016-12-06', 'Evening', '07:45:00', '00:00:25', 4036, 0),
(1196, 11, '2016-12-06', 'Evening', '08:10:00', '00:00:25', 4036, 0),
(1197, 12, '2016-12-06', 'Evening', '08:35:00', '00:00:25', 4036, 0),
(1198, 1, '2016-12-07', 'Evening', '04:00:00', '00:00:20', 4036, 0),
(1199, 2, '2016-12-07', 'Evening', '04:20:00', '00:00:20', 4036, 0),
(1200, 3, '2016-12-07', 'Evening', '04:40:00', '00:00:20', 4036, 0),
(1201, 4, '2016-12-07', 'Evening', '05:00:00', '00:00:20', 4036, 0),
(1202, 5, '2016-12-07', 'Evening', '05:20:00', '00:00:20', 4036, 0),
(1203, 6, '2016-12-07', 'Evening', '05:40:00', '00:00:20', 4036, 0),
(1204, 7, '2016-12-07', 'Evening', '06:00:00', '00:00:20', 4036, 0),
(1205, 8, '2016-12-07', 'Evening', '06:20:00', '00:00:20', 4036, 0),
(1206, 9, '2016-12-07', 'Evening', '06:40:00', '00:00:20', 4036, 0),
(1207, 10, '2016-12-07', 'Evening', '07:00:00', '00:00:20', 4036, 0),
(1208, 11, '2016-12-07', 'Evening', '07:20:00', '00:00:20', 4036, 0),
(1209, 12, '2016-12-07', 'Evening', '07:40:00', '00:00:20', 4036, 0),
(1210, 13, '2016-12-07', 'Evening', '08:00:00', '00:00:20', 4036, 0),
(1211, 14, '2016-12-07', 'Evening', '08:20:00', '00:00:20', 4036, 0),
(1212, 15, '2016-12-07', 'Evening', '08:40:00', '00:00:20', 4036, 0),
(1213, 1, '2016-12-10', 'Evening', '04:00:00', '00:00:15', 4036, 0),
(1214, 2, '2016-12-10', 'Evening', '04:15:00', '00:00:15', 4036, 0),
(1215, 3, '2016-12-10', 'Evening', '04:30:00', '00:00:15', 4036, 0),
(1216, 4, '2016-12-10', 'Evening', '04:45:00', '00:00:15', 4036, 1),
(1217, 5, '2016-12-10', 'Evening', '05:00:00', '00:00:15', 4036, 0),
(1218, 6, '2016-12-10', 'Evening', '05:15:00', '00:00:15', 4036, 0),
(1219, 7, '2016-12-10', 'Evening', '05:30:00', '00:00:15', 4036, 1),
(1220, 8, '2016-12-10', 'Evening', '05:45:00', '00:00:15', 4036, 0),
(1221, 9, '2016-12-10', 'Evening', '06:00:00', '00:00:15', 4036, 0),
(1222, 10, '2016-12-10', 'Evening', '06:15:00', '00:00:15', 4036, 0),
(1223, 11, '2016-12-10', 'Evening', '06:30:00', '00:00:15', 4036, 0),
(1224, 12, '2016-12-10', 'Evening', '06:45:00', '00:00:15', 4036, 0),
(1225, 13, '2016-12-10', 'Evening', '07:00:00', '00:00:15', 4036, 0),
(1226, 14, '2016-12-10', 'Evening', '07:15:00', '00:00:15', 4036, 0),
(1227, 15, '2016-12-10', 'Evening', '07:30:00', '00:00:15', 4036, 0),
(1228, 16, '2016-12-10', 'Evening', '07:45:00', '00:00:15', 4036, 1),
(1229, 17, '2016-12-10', 'Evening', '08:00:00', '00:00:15', 4036, 0),
(1230, 18, '2016-12-10', 'Evening', '08:15:00', '00:00:15', 4036, 0),
(1231, 19, '2016-12-10', 'Evening', '08:30:00', '00:00:15', 4036, 0),
(1232, 20, '2016-12-10', 'Evening', '08:45:00', '00:00:15', 4036, 0),
(1233, 1, '2016-12-11', 'Evening', '04:00:00', '00:00:30', 4036, 0),
(1234, 2, '2016-12-11', 'Evening', '04:30:00', '00:00:30', 4036, 0),
(1235, 3, '2016-12-11', 'Evening', '05:00:00', '00:00:30', 4036, 0),
(1236, 4, '2016-12-11', 'Evening', '05:30:00', '00:00:30', 4036, 0),
(1237, 5, '2016-12-11', 'Evening', '06:00:00', '00:00:30', 4036, 0),
(1238, 6, '2016-12-11', 'Evening', '06:30:00', '00:00:30', 4036, 0),
(1239, 7, '2016-12-11', 'Evening', '07:00:00', '00:00:30', 4036, 0),
(1240, 8, '2016-12-11', 'Evening', '07:30:00', '00:00:30', 4036, 0),
(1241, 9, '2016-12-11', 'Evening', '08:00:00', '00:00:30', 4036, 0),
(1242, 10, '2016-12-11', 'Evening', '08:30:00', '00:00:30', 4036, 0),
(1243, 1, '2016-12-14', 'Evening', '04:00:00', '00:00:20', 4036, 0),
(1244, 2, '2016-12-14', 'Evening', '04:20:00', '00:00:20', 4036, 0),
(1245, 3, '2016-12-14', 'Evening', '04:40:00', '00:00:20', 4036, 0),
(1246, 4, '2016-12-14', 'Evening', '05:00:00', '00:00:20', 4036, 0),
(1247, 5, '2016-12-14', 'Evening', '05:20:00', '00:00:20', 4036, 0),
(1248, 6, '2016-12-14', 'Evening', '05:40:00', '00:00:20', 4036, 0),
(1249, 7, '2016-12-14', 'Evening', '06:00:00', '00:00:20', 4036, 0),
(1250, 8, '2016-12-14', 'Evening', '06:20:00', '00:00:20', 4036, 0),
(1251, 9, '2016-12-14', 'Evening', '06:40:00', '00:00:20', 4036, 0),
(1252, 10, '2016-12-14', 'Evening', '07:00:00', '00:00:20', 4036, 0),
(1253, 11, '2016-12-14', 'Evening', '07:20:00', '00:00:20', 4036, 0),
(1254, 12, '2016-12-14', 'Evening', '07:40:00', '00:00:20', 4036, 0),
(1255, 13, '2016-12-14', 'Evening', '08:00:00', '00:00:20', 4036, 0),
(1256, 14, '2016-12-14', 'Evening', '08:20:00', '00:00:20', 4036, 0),
(1257, 15, '2016-12-14', 'Evening', '08:40:00', '00:00:20', 4036, 0),
(1258, 1, '2016-12-15', 'Evening', '04:00:00', '00:00:25', 4036, 0),
(1259, 2, '2016-12-15', 'Evening', '04:25:00', '00:00:25', 4036, 0),
(1260, 3, '2016-12-15', 'Evening', '04:50:00', '00:00:25', 4036, 0),
(1261, 4, '2016-12-15', 'Evening', '05:15:00', '00:00:25', 4036, 0),
(1262, 5, '2016-12-15', 'Evening', '05:40:00', '00:00:25', 4036, 0),
(1263, 6, '2016-12-15', 'Evening', '06:05:00', '00:00:25', 4036, 0),
(1264, 7, '2016-12-15', 'Evening', '06:30:00', '00:00:25', 4036, 0),
(1265, 8, '2016-12-15', 'Evening', '06:55:00', '00:00:25', 4036, 0),
(1266, 9, '2016-12-15', 'Evening', '07:20:00', '00:00:25', 4036, 0),
(1267, 10, '2016-12-15', 'Evening', '07:45:00', '00:00:25', 4036, 0),
(1268, 11, '2016-12-15', 'Evening', '08:10:00', '00:00:25', 4036, 0),
(1269, 12, '2016-12-15', 'Evening', '08:35:00', '00:00:25', 4036, 0),
(1270, 1, '2016-12-17', 'Evening', '04:00:00', '00:00:20', 4036, 0),
(1271, 2, '2016-12-17', 'Evening', '04:20:00', '00:00:20', 4036, 0),
(1272, 3, '2016-12-17', 'Evening', '04:40:00', '00:00:20', 4036, 0),
(1273, 4, '2016-12-17', 'Evening', '05:00:00', '00:00:20', 4036, 0),
(1274, 5, '2016-12-17', 'Evening', '05:20:00', '00:00:20', 4036, 0),
(1275, 6, '2016-12-17', 'Evening', '05:40:00', '00:00:20', 4036, 0),
(1276, 7, '2016-12-17', 'Evening', '06:00:00', '00:00:20', 4036, 0),
(1277, 8, '2016-12-17', 'Evening', '06:20:00', '00:00:20', 4036, 0),
(1278, 9, '2016-12-17', 'Evening', '06:40:00', '00:00:20', 4036, 0),
(1279, 10, '2016-12-17', 'Evening', '07:00:00', '00:00:20', 4036, 0),
(1280, 11, '2016-12-17', 'Evening', '07:20:00', '00:00:20', 4036, 0),
(1281, 12, '2016-12-17', 'Evening', '07:40:00', '00:00:20', 4036, 0),
(1282, 13, '2016-12-17', 'Evening', '08:00:00', '00:00:20', 4036, 0),
(1283, 14, '2016-12-17', 'Evening', '08:20:00', '00:00:20', 4036, 0),
(1284, 15, '2016-12-17', 'Evening', '08:40:00', '00:00:20', 4036, 0),
(1285, 1, '2016-12-19', 'Evening', '04:00:00', '00:00:30', 4036, 0),
(1286, 2, '2016-12-19', 'Evening', '04:30:00', '00:00:30', 4036, 0),
(1287, 3, '2016-12-19', 'Evening', '05:00:00', '00:00:30', 4036, 0),
(1288, 4, '2016-12-19', 'Evening', '05:30:00', '00:00:30', 4036, 0),
(1289, 5, '2016-12-19', 'Evening', '06:00:00', '00:00:30', 4036, 0),
(1290, 6, '2016-12-19', 'Evening', '06:30:00', '00:00:30', 4036, 0),
(1291, 7, '2016-12-19', 'Evening', '07:00:00', '00:00:30', 4036, 0),
(1292, 8, '2016-12-19', 'Evening', '07:30:00', '00:00:30', 4036, 0),
(1293, 9, '2016-12-19', 'Evening', '08:00:00', '00:00:30', 4036, 0),
(1294, 10, '2016-12-19', 'Evening', '08:30:00', '00:00:30', 4036, 0),
(1295, 1, '2016-12-22', 'Evening', '04:00:00', '00:00:20', 4036, 0),
(1296, 2, '2016-12-22', 'Evening', '04:20:00', '00:00:20', 4036, 0),
(1297, 3, '2016-12-22', 'Evening', '04:40:00', '00:00:20', 4036, 0),
(1298, 4, '2016-12-22', 'Evening', '05:00:00', '00:00:20', 4036, 0),
(1299, 5, '2016-12-22', 'Evening', '05:20:00', '00:00:20', 4036, 0),
(1300, 6, '2016-12-22', 'Evening', '05:40:00', '00:00:20', 4036, 0),
(1301, 7, '2016-12-22', 'Evening', '06:00:00', '00:00:20', 4036, 0),
(1302, 8, '2016-12-22', 'Evening', '06:20:00', '00:00:20', 4036, 0),
(1303, 9, '2016-12-22', 'Evening', '06:40:00', '00:00:20', 4036, 0),
(1304, 10, '2016-12-22', 'Evening', '07:00:00', '00:00:20', 4036, 0),
(1305, 11, '2016-12-22', 'Evening', '07:20:00', '00:00:20', 4036, 0),
(1306, 12, '2016-12-22', 'Evening', '07:40:00', '00:00:20', 4036, 0),
(1307, 13, '2016-12-22', 'Evening', '08:00:00', '00:00:20', 4036, 0),
(1308, 14, '2016-12-22', 'Evening', '08:20:00', '00:00:20', 4036, 0),
(1309, 15, '2016-12-22', 'Evening', '08:40:00', '00:00:20', 4036, 0),
(1310, 1, '2016-12-23', 'Evening', '04:00:00', '00:00:30', 4036, 0),
(1311, 2, '2016-12-23', 'Evening', '04:30:00', '00:00:30', 4036, 0),
(1312, 3, '2016-12-23', 'Evening', '05:00:00', '00:00:30', 4036, 0),
(1313, 4, '2016-12-23', 'Evening', '05:30:00', '00:00:30', 4036, 0),
(1314, 5, '2016-12-23', 'Evening', '06:00:00', '00:00:30', 4036, 0),
(1315, 6, '2016-12-23', 'Evening', '06:30:00', '00:00:30', 4036, 0),
(1316, 7, '2016-12-23', 'Evening', '07:00:00', '00:00:30', 4036, 0),
(1317, 8, '2016-12-23', 'Evening', '07:30:00', '00:00:30', 4036, 0),
(1318, 9, '2016-12-23', 'Evening', '08:00:00', '00:00:30', 4036, 0),
(1319, 10, '2016-12-23', 'Evening', '08:30:00', '00:00:30', 4036, 0),
(1320, 1, '2016-12-25', 'Evening', '04:00:00', '00:00:20', 4036, 0),
(1321, 2, '2016-12-25', 'Evening', '04:20:00', '00:00:20', 4036, 0),
(1322, 3, '2016-12-25', 'Evening', '04:40:00', '00:00:20', 4036, 0),
(1323, 4, '2016-12-25', 'Evening', '05:00:00', '00:00:20', 4036, 0),
(1324, 5, '2016-12-25', 'Evening', '05:20:00', '00:00:20', 4036, 0),
(1325, 6, '2016-12-25', 'Evening', '05:40:00', '00:00:20', 4036, 0),
(1326, 7, '2016-12-25', 'Evening', '06:00:00', '00:00:20', 4036, 0),
(1327, 8, '2016-12-25', 'Evening', '06:20:00', '00:00:20', 4036, 0),
(1328, 9, '2016-12-25', 'Evening', '06:40:00', '00:00:20', 4036, 0),
(1329, 10, '2016-12-25', 'Evening', '07:00:00', '00:00:20', 4036, 0),
(1330, 11, '2016-12-25', 'Evening', '07:20:00', '00:00:20', 4036, 0),
(1331, 12, '2016-12-25', 'Evening', '07:40:00', '00:00:20', 4036, 0),
(1332, 13, '2016-12-25', 'Evening', '08:00:00', '00:00:20', 4036, 0),
(1333, 14, '2016-12-25', 'Evening', '08:20:00', '00:00:20', 4036, 0),
(1334, 15, '2016-12-25', 'Evening', '08:40:00', '00:00:20', 4036, 0),
(1335, 1, '2016-12-28', 'Evening', '04:00:00', '00:00:20', 4036, 0),
(1336, 2, '2016-12-28', 'Evening', '04:20:00', '00:00:20', 4036, 0),
(1337, 3, '2016-12-28', 'Evening', '04:40:00', '00:00:20', 4036, 0),
(1338, 4, '2016-12-28', 'Evening', '05:00:00', '00:00:20', 4036, 0),
(1339, 5, '2016-12-28', 'Evening', '05:20:00', '00:00:20', 4036, 0),
(1340, 6, '2016-12-28', 'Evening', '05:40:00', '00:00:20', 4036, 0),
(1341, 7, '2016-12-28', 'Evening', '06:00:00', '00:00:20', 4036, 0),
(1342, 8, '2016-12-28', 'Evening', '06:20:00', '00:00:20', 4036, 0),
(1343, 9, '2016-12-28', 'Evening', '06:40:00', '00:00:20', 4036, 0),
(1344, 10, '2016-12-28', 'Evening', '07:00:00', '00:00:20', 4036, 0),
(1345, 11, '2016-12-28', 'Evening', '07:20:00', '00:00:20', 4036, 0),
(1346, 12, '2016-12-28', 'Evening', '07:40:00', '00:00:20', 4036, 0),
(1347, 13, '2016-12-28', 'Evening', '08:00:00', '00:00:20', 4036, 0),
(1348, 14, '2016-12-28', 'Evening', '08:20:00', '00:00:20', 4036, 0),
(1349, 15, '2016-12-28', 'Evening', '08:40:00', '00:00:20', 4036, 0),
(1350, 1, '2016-12-31', 'Evening', '04:00:00', '00:00:20', 4036, 0),
(1351, 2, '2016-12-31', 'Evening', '04:20:00', '00:00:20', 4036, 0),
(1352, 3, '2016-12-31', 'Evening', '04:40:00', '00:00:20', 4036, 0),
(1353, 4, '2016-12-31', 'Evening', '05:00:00', '00:00:20', 4036, 1),
(1354, 5, '2016-12-31', 'Evening', '05:20:00', '00:00:20', 4036, 0),
(1355, 6, '2016-12-31', 'Evening', '05:40:00', '00:00:20', 4036, 0),
(1356, 7, '2016-12-31', 'Evening', '06:00:00', '00:00:20', 4036, 0),
(1357, 8, '2016-12-31', 'Evening', '06:20:00', '00:00:20', 4036, 0),
(1358, 9, '2016-12-31', 'Evening', '06:40:00', '00:00:20', 4036, 0),
(1359, 10, '2016-12-31', 'Evening', '07:00:00', '00:00:20', 4036, 0),
(1360, 11, '2016-12-31', 'Evening', '07:20:00', '00:00:20', 4036, 0),
(1361, 12, '2016-12-31', 'Evening', '07:40:00', '00:00:20', 4036, 0),
(1362, 13, '2016-12-31', 'Evening', '08:00:00', '00:00:20', 4036, 0),
(1363, 14, '2016-12-31', 'Evening', '08:20:00', '00:00:20', 4036, 0),
(1364, 15, '2016-12-31', 'Evening', '08:40:00', '00:00:20', 4036, 0),
(1365, 1, '2016-11-23', 'Morning', '08:00:00', '00:00:24', 4004, 0),
(1366, 2, '2016-11-23', 'Morning', '08:24:00', '00:00:24', 4004, 0),
(1367, 3, '2016-11-23', 'Morning', '08:48:00', '00:00:24', 4004, 0),
(1368, 4, '2016-11-23', 'Morning', '09:12:00', '00:00:24', 4004, 0),
(1369, 5, '2016-11-23', 'Morning', '09:36:00', '00:00:24', 4004, 0),
(1370, 6, '2016-11-23', 'Morning', '10:00:00', '00:00:24', 4004, 0),
(1371, 7, '2016-11-23', 'Morning', '10:24:00', '00:00:24', 4004, 0),
(1372, 8, '2016-11-23', 'Morning', '10:48:00', '00:00:24', 4004, 0),
(1373, 9, '2016-11-23', 'Morning', '11:12:00', '00:00:24', 4004, 0),
(1374, 10, '2016-11-23', 'Morning', '11:36:00', '00:00:24', 4004, 0),
(1375, 1, '2016-11-24', 'Morning', '08:00:00', '00:00:16', 4004, 0),
(1376, 2, '2016-11-24', 'Morning', '08:16:00', '00:00:16', 4004, 0),
(1377, 3, '2016-11-24', 'Morning', '08:32:00', '00:00:16', 4004, 0),
(1378, 4, '2016-11-24', 'Morning', '08:48:00', '00:00:16', 4004, 0),
(1379, 5, '2016-11-24', 'Morning', '09:04:00', '00:00:16', 4004, 0),
(1380, 6, '2016-11-24', 'Morning', '09:20:00', '00:00:16', 4004, 0),
(1381, 7, '2016-11-24', 'Morning', '09:36:00', '00:00:16', 4004, 0),
(1382, 8, '2016-11-24', 'Morning', '09:52:00', '00:00:16', 4004, 0),
(1383, 9, '2016-11-24', 'Morning', '10:08:00', '00:00:16', 4004, 0),
(1384, 10, '2016-11-24', 'Morning', '10:24:00', '00:00:16', 4004, 0),
(1385, 11, '2016-11-24', 'Morning', '10:40:00', '00:00:16', 4004, 0),
(1386, 12, '2016-11-24', 'Morning', '10:56:00', '00:00:16', 4004, 0),
(1387, 13, '2016-11-24', 'Morning', '11:12:00', '00:00:16', 4004, 0),
(1388, 14, '2016-11-24', 'Morning', '11:28:00', '00:00:16', 4004, 0),
(1389, 15, '2016-11-24', 'Morning', '11:44:00', '00:00:16', 4004, 0),
(1390, 1, '2016-11-25', 'Morning', '08:00:00', '00:00:16', 4004, 0),
(1391, 2, '2016-11-25', 'Morning', '08:16:00', '00:00:16', 4004, 0),
(1392, 3, '2016-11-25', 'Morning', '08:32:00', '00:00:16', 4004, 0),
(1393, 4, '2016-11-25', 'Morning', '08:48:00', '00:00:16', 4004, 0),
(1394, 5, '2016-11-25', 'Morning', '09:04:00', '00:00:16', 4004, 0),
(1395, 6, '2016-11-25', 'Morning', '09:20:00', '00:00:16', 4004, 0),
(1396, 7, '2016-11-25', 'Morning', '09:36:00', '00:00:16', 4004, 0),
(1397, 8, '2016-11-25', 'Morning', '09:52:00', '00:00:16', 4004, 0),
(1398, 9, '2016-11-25', 'Morning', '10:08:00', '00:00:16', 4004, 0),
(1399, 10, '2016-11-25', 'Morning', '10:24:00', '00:00:16', 4004, 0),
(1400, 11, '2016-11-25', 'Morning', '10:40:00', '00:00:16', 4004, 0),
(1401, 12, '2016-11-25', 'Morning', '10:56:00', '00:00:16', 4004, 0),
(1402, 13, '2016-11-25', 'Morning', '11:12:00', '00:00:16', 4004, 0),
(1403, 14, '2016-11-25', 'Morning', '11:28:00', '00:00:16', 4004, 0),
(1404, 15, '2016-11-25', 'Morning', '11:44:00', '00:00:16', 4004, 0),
(1405, 1, '2016-11-27', 'Morning', '08:00:00', '00:00:20', 4004, 0),
(1406, 2, '2016-11-27', 'Morning', '08:20:00', '00:00:20', 4004, 0),
(1407, 3, '2016-11-27', 'Morning', '08:40:00', '00:00:20', 4004, 0),
(1408, 4, '2016-11-27', 'Morning', '09:00:00', '00:00:20', 4004, 0),
(1409, 5, '2016-11-27', 'Morning', '09:20:00', '00:00:20', 4004, 0),
(1410, 6, '2016-11-27', 'Morning', '09:40:00', '00:00:20', 4004, 0),
(1411, 7, '2016-11-27', 'Morning', '10:00:00', '00:00:20', 4004, 0),
(1412, 8, '2016-11-27', 'Morning', '10:20:00', '00:00:20', 4004, 0),
(1413, 9, '2016-11-27', 'Morning', '10:40:00', '00:00:20', 4004, 0),
(1414, 10, '2016-11-27', 'Morning', '11:00:00', '00:00:20', 4004, 0),
(1415, 11, '2016-11-27', 'Morning', '11:20:00', '00:00:20', 4004, 0),
(1416, 12, '2016-11-27', 'Morning', '11:40:00', '00:00:20', 4004, 0),
(1417, 1, '2016-11-29', 'Morning', '08:00:00', '00:00:24', 4004, 0),
(1418, 2, '2016-11-29', 'Morning', '08:24:00', '00:00:24', 4004, 0),
(1419, 3, '2016-11-29', 'Morning', '08:48:00', '00:00:24', 4004, 0),
(1420, 4, '2016-11-29', 'Morning', '09:12:00', '00:00:24', 4004, 0),
(1421, 5, '2016-11-29', 'Morning', '09:36:00', '00:00:24', 4004, 0),
(1422, 6, '2016-11-29', 'Morning', '10:00:00', '00:00:24', 4004, 0),
(1423, 7, '2016-11-29', 'Morning', '10:24:00', '00:00:24', 4004, 0),
(1424, 8, '2016-11-29', 'Morning', '10:48:00', '00:00:24', 4004, 0),
(1425, 9, '2016-11-29', 'Morning', '11:12:00', '00:00:24', 4004, 0),
(1426, 10, '2016-11-29', 'Morning', '11:36:00', '00:00:24', 4004, 0),
(1427, 1, '2016-11-21', 'Evening', '04:00:00', '00:00:25', 4004, 0),
(1428, 2, '2016-11-21', 'Evening', '04:25:00', '00:00:25', 4004, 0),
(1429, 3, '2016-11-21', 'Evening', '04:50:00', '00:00:25', 4004, 0),
(1430, 4, '2016-11-21', 'Evening', '05:15:00', '00:00:25', 4004, 0),
(1431, 5, '2016-11-21', 'Evening', '05:40:00', '00:00:25', 4004, 0),
(1432, 6, '2016-11-21', 'Evening', '06:05:00', '00:00:25', 4004, 0),
(1433, 7, '2016-11-21', 'Evening', '06:30:00', '00:00:25', 4004, 0),
(1434, 8, '2016-11-21', 'Evening', '06:55:00', '00:00:25', 4004, 0),
(1435, 9, '2016-11-21', 'Evening', '07:20:00', '00:00:25', 4004, 0),
(1436, 10, '2016-11-21', 'Evening', '07:45:00', '00:00:25', 4004, 0),
(1437, 11, '2016-11-21', 'Evening', '08:10:00', '00:00:25', 4004, 0),
(1438, 12, '2016-11-21', 'Evening', '08:35:00', '00:00:25', 4004, 0),
(1439, 1, '2016-11-22', 'Evening', '04:00:00', '00:00:20', 4004, 0),
(1440, 2, '2016-11-22', 'Evening', '04:20:00', '00:00:20', 4004, 0),
(1441, 3, '2016-11-22', 'Evening', '04:40:00', '00:00:20', 4004, 0),
(1442, 4, '2016-11-22', 'Evening', '05:00:00', '00:00:20', 4004, 0),
(1443, 5, '2016-11-22', 'Evening', '05:20:00', '00:00:20', 4004, 0),
(1444, 6, '2016-11-22', 'Evening', '05:40:00', '00:00:20', 4004, 0),
(1445, 7, '2016-11-22', 'Evening', '06:00:00', '00:00:20', 4004, 0),
(1446, 8, '2016-11-22', 'Evening', '06:20:00', '00:00:20', 4004, 0),
(1447, 9, '2016-11-22', 'Evening', '06:40:00', '00:00:20', 4004, 0),
(1448, 10, '2016-11-22', 'Evening', '07:00:00', '00:00:20', 4004, 0),
(1449, 11, '2016-11-22', 'Evening', '07:20:00', '00:00:20', 4004, 0),
(1450, 12, '2016-11-22', 'Evening', '07:40:00', '00:00:20', 4004, 0),
(1451, 13, '2016-11-22', 'Evening', '08:00:00', '00:00:20', 4004, 0),
(1452, 14, '2016-11-22', 'Evening', '08:20:00', '00:00:20', 4004, 0),
(1453, 15, '2016-11-22', 'Evening', '08:40:00', '00:00:20', 4004, 0),
(1454, 1, '2016-11-23', 'Evening', '04:00:00', '00:00:20', 4004, 0),
(1455, 2, '2016-11-23', 'Evening', '04:20:00', '00:00:20', 4004, 0),
(1456, 3, '2016-11-23', 'Evening', '04:40:00', '00:00:20', 4004, 0),
(1457, 4, '2016-11-23', 'Evening', '05:00:00', '00:00:20', 4004, 0),
(1458, 5, '2016-11-23', 'Evening', '05:20:00', '00:00:20', 4004, 0),
(1459, 6, '2016-11-23', 'Evening', '05:40:00', '00:00:20', 4004, 0),
(1460, 7, '2016-11-23', 'Evening', '06:00:00', '00:00:20', 4004, 0),
(1461, 8, '2016-11-23', 'Evening', '06:20:00', '00:00:20', 4004, 0),
(1462, 9, '2016-11-23', 'Evening', '06:40:00', '00:00:20', 4004, 0),
(1463, 10, '2016-11-23', 'Evening', '07:00:00', '00:00:20', 4004, 0),
(1464, 11, '2016-11-23', 'Evening', '07:20:00', '00:00:20', 4004, 0),
(1465, 12, '2016-11-23', 'Evening', '07:40:00', '00:00:20', 4004, 0),
(1466, 13, '2016-11-23', 'Evening', '08:00:00', '00:00:20', 4004, 0),
(1467, 14, '2016-11-23', 'Evening', '08:20:00', '00:00:20', 4004, 0),
(1468, 15, '2016-11-23', 'Evening', '08:40:00', '00:00:20', 4004, 0),
(1469, 1, '2016-11-26', 'Evening', '04:00:00', '00:00:30', 4004, 0),
(1470, 2, '2016-11-26', 'Evening', '04:30:00', '00:00:30', 4004, 0),
(1471, 3, '2016-11-26', 'Evening', '05:00:00', '00:00:30', 4004, 0),
(1472, 4, '2016-11-26', 'Evening', '05:30:00', '00:00:30', 4004, 0),
(1473, 5, '2016-11-26', 'Evening', '06:00:00', '00:00:30', 4004, 0),
(1474, 6, '2016-11-26', 'Evening', '06:30:00', '00:00:30', 4004, 0),
(1475, 7, '2016-11-26', 'Evening', '07:00:00', '00:00:30', 4004, 0),
(1476, 8, '2016-11-26', 'Evening', '07:30:00', '00:00:30', 4004, 0),
(1477, 9, '2016-11-26', 'Evening', '08:00:00', '00:00:30', 4004, 0),
(1478, 10, '2016-11-26', 'Evening', '08:30:00', '00:00:30', 4004, 0),
(1479, 1, '2016-11-28', 'Evening', '04:00:00', '00:00:20', 4004, 0),
(1480, 2, '2016-11-28', 'Evening', '04:20:00', '00:00:20', 4004, 0),
(1481, 3, '2016-11-28', 'Evening', '04:40:00', '00:00:20', 4004, 0),
(1482, 4, '2016-11-28', 'Evening', '05:00:00', '00:00:20', 4004, 0),
(1483, 5, '2016-11-28', 'Evening', '05:20:00', '00:00:20', 4004, 0),
(1484, 6, '2016-11-28', 'Evening', '05:40:00', '00:00:20', 4004, 0),
(1485, 7, '2016-11-28', 'Evening', '06:00:00', '00:00:20', 4004, 0),
(1486, 8, '2016-11-28', 'Evening', '06:20:00', '00:00:20', 4004, 0),
(1487, 9, '2016-11-28', 'Evening', '06:40:00', '00:00:20', 4004, 0),
(1488, 10, '2016-11-28', 'Evening', '07:00:00', '00:00:20', 4004, 0),
(1489, 11, '2016-11-28', 'Evening', '07:20:00', '00:00:20', 4004, 0),
(1490, 12, '2016-11-28', 'Evening', '07:40:00', '00:00:20', 4004, 0),
(1491, 13, '2016-11-28', 'Evening', '08:00:00', '00:00:20', 4004, 0),
(1492, 14, '2016-11-28', 'Evening', '08:20:00', '00:00:20', 4004, 0),
(1493, 15, '2016-11-28', 'Evening', '08:40:00', '00:00:20', 4004, 0),
(1494, 1, '2016-11-29', 'Evening', '04:00:00', '00:00:25', 4004, 0),
(1495, 2, '2016-11-29', 'Evening', '04:25:00', '00:00:25', 4004, 0),
(1496, 3, '2016-11-29', 'Evening', '04:50:00', '00:00:25', 4004, 0),
(1497, 4, '2016-11-29', 'Evening', '05:15:00', '00:00:25', 4004, 0);
INSERT INTO `tbl_patient_numbers` (`id`, `patient_number`, `date`, `session`, `start_time`, `end_time`, `doctor_id`, `available_status`) VALUES
(1498, 5, '2016-11-29', 'Evening', '05:40:00', '00:00:25', 4004, 0),
(1499, 6, '2016-11-29', 'Evening', '06:05:00', '00:00:25', 4004, 0),
(1500, 7, '2016-11-29', 'Evening', '06:30:00', '00:00:25', 4004, 0),
(1501, 8, '2016-11-29', 'Evening', '06:55:00', '00:00:25', 4004, 0),
(1502, 9, '2016-11-29', 'Evening', '07:20:00', '00:00:25', 4004, 0),
(1503, 10, '2016-11-29', 'Evening', '07:45:00', '00:00:25', 4004, 0),
(1504, 11, '2016-11-29', 'Evening', '08:10:00', '00:00:25', 4004, 0),
(1505, 12, '2016-11-29', 'Evening', '08:35:00', '00:00:25', 4004, 0),
(1506, 1, '2016-11-30', 'Evening', '04:00:00', '00:00:25', 4004, 0),
(1507, 2, '2016-11-30', 'Evening', '04:25:00', '00:00:25', 4004, 0),
(1508, 3, '2016-11-30', 'Evening', '04:50:00', '00:00:25', 4004, 0),
(1509, 4, '2016-11-30', 'Evening', '05:15:00', '00:00:25', 4004, 0),
(1510, 5, '2016-11-30', 'Evening', '05:40:00', '00:00:25', 4004, 0),
(1511, 6, '2016-11-30', 'Evening', '06:05:00', '00:00:25', 4004, 0),
(1512, 7, '2016-11-30', 'Evening', '06:30:00', '00:00:25', 4004, 0),
(1513, 8, '2016-11-30', 'Evening', '06:55:00', '00:00:25', 4004, 0),
(1514, 9, '2016-11-30', 'Evening', '07:20:00', '00:00:25', 4004, 0),
(1515, 10, '2016-11-30', 'Evening', '07:45:00', '00:00:25', 4004, 0),
(1516, 11, '2016-11-30', 'Evening', '08:10:00', '00:00:25', 4004, 0),
(1517, 12, '2016-11-30', 'Evening', '08:35:00', '00:00:25', 4004, 0),
(1518, 1, '2016-12-13', 'Morning', '08:00:00', '00:00:24', 4004, 0),
(1519, 2, '2016-12-13', 'Morning', '08:24:00', '00:00:24', 4004, 0),
(1520, 3, '2016-12-13', 'Morning', '08:48:00', '00:00:24', 4004, 0),
(1521, 4, '2016-12-13', 'Morning', '09:12:00', '00:00:24', 4004, 0),
(1522, 5, '2016-12-13', 'Morning', '09:36:00', '00:00:24', 4004, 1),
(1523, 6, '2016-12-13', 'Morning', '10:00:00', '00:00:24', 4004, 0),
(1524, 7, '2016-12-13', 'Morning', '10:24:00', '00:00:24', 4004, 0),
(1525, 8, '2016-12-13', 'Morning', '10:48:00', '00:00:24', 4004, 0),
(1526, 9, '2016-12-13', 'Morning', '11:12:00', '00:00:24', 4004, 0),
(1527, 10, '2016-12-13', 'Morning', '11:36:00', '00:00:24', 4004, 0),
(1528, 1, '2016-12-14', 'Morning', '08:00:00', '00:00:16', 4004, 0),
(1529, 2, '2016-12-14', 'Morning', '08:16:00', '00:00:16', 4004, 0),
(1530, 3, '2016-12-14', 'Morning', '08:32:00', '00:00:16', 4004, 0),
(1531, 4, '2016-12-14', 'Morning', '08:48:00', '00:00:16', 4004, 0),
(1532, 5, '2016-12-14', 'Morning', '09:04:00', '00:00:16', 4004, 0),
(1533, 6, '2016-12-14', 'Morning', '09:20:00', '00:00:16', 4004, 0),
(1534, 7, '2016-12-14', 'Morning', '09:36:00', '00:00:16', 4004, 0),
(1535, 8, '2016-12-14', 'Morning', '09:52:00', '00:00:16', 4004, 0),
(1536, 9, '2016-12-14', 'Morning', '10:08:00', '00:00:16', 4004, 0),
(1537, 10, '2016-12-14', 'Morning', '10:24:00', '00:00:16', 4004, 0),
(1538, 11, '2016-12-14', 'Morning', '10:40:00', '00:00:16', 4004, 0),
(1539, 12, '2016-12-14', 'Morning', '10:56:00', '00:00:16', 4004, 0),
(1540, 13, '2016-12-14', 'Morning', '11:12:00', '00:00:16', 4004, 0),
(1541, 14, '2016-12-14', 'Morning', '11:28:00', '00:00:16', 4004, 0),
(1542, 15, '2016-12-14', 'Morning', '11:44:00', '00:00:16', 4004, 0),
(1543, 1, '2016-12-16', 'Morning', '08:00:00', '00:00:16', 4004, 0),
(1544, 2, '2016-12-16', 'Morning', '08:16:00', '00:00:16', 4004, 0),
(1545, 3, '2016-12-16', 'Morning', '08:32:00', '00:00:16', 4004, 0),
(1546, 4, '2016-12-16', 'Morning', '08:48:00', '00:00:16', 4004, 0),
(1547, 5, '2016-12-16', 'Morning', '09:04:00', '00:00:16', 4004, 0),
(1548, 6, '2016-12-16', 'Morning', '09:20:00', '00:00:16', 4004, 0),
(1549, 7, '2016-12-16', 'Morning', '09:36:00', '00:00:16', 4004, 0),
(1550, 8, '2016-12-16', 'Morning', '09:52:00', '00:00:16', 4004, 0),
(1551, 9, '2016-12-16', 'Morning', '10:08:00', '00:00:16', 4004, 0),
(1552, 10, '2016-12-16', 'Morning', '10:24:00', '00:00:16', 4004, 0),
(1553, 11, '2016-12-16', 'Morning', '10:40:00', '00:00:16', 4004, 0),
(1554, 12, '2016-12-16', 'Morning', '10:56:00', '00:00:16', 4004, 0),
(1555, 13, '2016-12-16', 'Morning', '11:12:00', '00:00:16', 4004, 0),
(1556, 14, '2016-12-16', 'Morning', '11:28:00', '00:00:16', 4004, 0),
(1557, 15, '2016-12-16', 'Morning', '11:44:00', '00:00:16', 4004, 0),
(1558, 1, '2016-12-17', 'Morning', '08:00:00', '00:00:16', 4004, 0),
(1559, 2, '2016-12-17', 'Morning', '08:16:00', '00:00:16', 4004, 0),
(1560, 3, '2016-12-17', 'Morning', '08:32:00', '00:00:16', 4004, 0),
(1561, 4, '2016-12-17', 'Morning', '08:48:00', '00:00:16', 4004, 0),
(1562, 5, '2016-12-17', 'Morning', '09:04:00', '00:00:16', 4004, 0),
(1563, 6, '2016-12-17', 'Morning', '09:20:00', '00:00:16', 4004, 0),
(1564, 7, '2016-12-17', 'Morning', '09:36:00', '00:00:16', 4004, 0),
(1565, 8, '2016-12-17', 'Morning', '09:52:00', '00:00:16', 4004, 0),
(1566, 9, '2016-12-17', 'Morning', '10:08:00', '00:00:16', 4004, 0),
(1567, 10, '2016-12-17', 'Morning', '10:24:00', '00:00:16', 4004, 0),
(1568, 11, '2016-12-17', 'Morning', '10:40:00', '00:00:16', 4004, 0),
(1569, 12, '2016-12-17', 'Morning', '10:56:00', '00:00:16', 4004, 0),
(1570, 13, '2016-12-17', 'Morning', '11:12:00', '00:00:16', 4004, 0),
(1571, 14, '2016-12-17', 'Morning', '11:28:00', '00:00:16', 4004, 0),
(1572, 15, '2016-12-17', 'Morning', '11:44:00', '00:00:16', 4004, 0),
(1573, 1, '2016-12-20', 'Morning', '08:00:00', '00:00:24', 4004, 0),
(1574, 2, '2016-12-20', 'Morning', '08:24:00', '00:00:24', 4004, 0),
(1575, 3, '2016-12-20', 'Morning', '08:48:00', '00:00:24', 4004, 0),
(1576, 4, '2016-12-20', 'Morning', '09:12:00', '00:00:24', 4004, 0),
(1577, 5, '2016-12-20', 'Morning', '09:36:00', '00:00:24', 4004, 0),
(1578, 6, '2016-12-20', 'Morning', '10:00:00', '00:00:24', 4004, 0),
(1579, 7, '2016-12-20', 'Morning', '10:24:00', '00:00:24', 4004, 0),
(1580, 8, '2016-12-20', 'Morning', '10:48:00', '00:00:24', 4004, 0),
(1581, 9, '2016-12-20', 'Morning', '11:12:00', '00:00:24', 4004, 0),
(1582, 10, '2016-12-20', 'Morning', '11:36:00', '00:00:24', 4004, 0),
(1583, 1, '2016-12-21', 'Morning', '08:00:00', '00:00:16', 4004, 0),
(1584, 2, '2016-12-21', 'Morning', '08:16:00', '00:00:16', 4004, 0),
(1585, 3, '2016-12-21', 'Morning', '08:32:00', '00:00:16', 4004, 0),
(1586, 4, '2016-12-21', 'Morning', '08:48:00', '00:00:16', 4004, 0),
(1587, 5, '2016-12-21', 'Morning', '09:04:00', '00:00:16', 4004, 0),
(1588, 6, '2016-12-21', 'Morning', '09:20:00', '00:00:16', 4004, 0),
(1589, 7, '2016-12-21', 'Morning', '09:36:00', '00:00:16', 4004, 0),
(1590, 8, '2016-12-21', 'Morning', '09:52:00', '00:00:16', 4004, 0),
(1591, 9, '2016-12-21', 'Morning', '10:08:00', '00:00:16', 4004, 0),
(1592, 10, '2016-12-21', 'Morning', '10:24:00', '00:00:16', 4004, 0),
(1593, 11, '2016-12-21', 'Morning', '10:40:00', '00:00:16', 4004, 0),
(1594, 12, '2016-12-21', 'Morning', '10:56:00', '00:00:16', 4004, 0),
(1595, 13, '2016-12-21', 'Morning', '11:12:00', '00:00:16', 4004, 0),
(1596, 14, '2016-12-21', 'Morning', '11:28:00', '00:00:16', 4004, 0),
(1597, 15, '2016-12-21', 'Morning', '11:44:00', '00:00:16', 4004, 0),
(1598, 1, '2016-12-11', 'Evening', '04:00:00', '00:00:20', 4004, 0),
(1599, 2, '2016-12-11', 'Evening', '04:20:00', '00:00:20', 4004, 0),
(1600, 3, '2016-12-11', 'Evening', '04:40:00', '00:00:20', 4004, 0),
(1601, 4, '2016-12-11', 'Evening', '05:00:00', '00:00:20', 4004, 0),
(1602, 5, '2016-12-11', 'Evening', '05:20:00', '00:00:20', 4004, 0),
(1603, 6, '2016-12-11', 'Evening', '05:40:00', '00:00:20', 4004, 0),
(1604, 7, '2016-12-11', 'Evening', '06:00:00', '00:00:20', 4004, 0),
(1605, 8, '2016-12-11', 'Evening', '06:20:00', '00:00:20', 4004, 0),
(1606, 9, '2016-12-11', 'Evening', '06:40:00', '00:00:20', 4004, 0),
(1607, 10, '2016-12-11', 'Evening', '07:00:00', '00:00:20', 4004, 0),
(1608, 11, '2016-12-11', 'Evening', '07:20:00', '00:00:20', 4004, 0),
(1609, 12, '2016-12-11', 'Evening', '07:40:00', '00:00:20', 4004, 0),
(1610, 13, '2016-12-11', 'Evening', '08:00:00', '00:00:20', 4004, 0),
(1611, 14, '2016-12-11', 'Evening', '08:20:00', '00:00:20', 4004, 0),
(1612, 15, '2016-12-11', 'Evening', '08:40:00', '00:00:20', 4004, 0),
(1613, 1, '2016-12-12', 'Evening', '04:00:00', '00:00:30', 4004, 0),
(1614, 2, '2016-12-12', 'Evening', '04:30:00', '00:00:30', 4004, 0),
(1615, 3, '2016-12-12', 'Evening', '05:00:00', '00:00:30', 4004, 0),
(1616, 4, '2016-12-12', 'Evening', '05:30:00', '00:00:30', 4004, 0),
(1617, 5, '2016-12-12', 'Evening', '06:00:00', '00:00:30', 4004, 0),
(1618, 6, '2016-12-12', 'Evening', '06:30:00', '00:00:30', 4004, 0),
(1619, 7, '2016-12-12', 'Evening', '07:00:00', '00:00:30', 4004, 0),
(1620, 8, '2016-12-12', 'Evening', '07:30:00', '00:00:30', 4004, 0),
(1621, 9, '2016-12-12', 'Evening', '08:00:00', '00:00:30', 4004, 0),
(1622, 10, '2016-12-12', 'Evening', '08:30:00', '00:00:30', 4004, 0),
(1623, 1, '2016-12-14', 'Evening', '04:00:00', '00:00:20', 4004, 0),
(1624, 2, '2016-12-14', 'Evening', '04:20:00', '00:00:20', 4004, 0),
(1625, 3, '2016-12-14', 'Evening', '04:40:00', '00:00:20', 4004, 0),
(1626, 4, '2016-12-14', 'Evening', '05:00:00', '00:00:20', 4004, 0),
(1627, 5, '2016-12-14', 'Evening', '05:20:00', '00:00:20', 4004, 0),
(1628, 6, '2016-12-14', 'Evening', '05:40:00', '00:00:20', 4004, 0),
(1629, 7, '2016-12-14', 'Evening', '06:00:00', '00:00:20', 4004, 0),
(1630, 8, '2016-12-14', 'Evening', '06:20:00', '00:00:20', 4004, 0),
(1631, 9, '2016-12-14', 'Evening', '06:40:00', '00:00:20', 4004, 0),
(1632, 10, '2016-12-14', 'Evening', '07:00:00', '00:00:20', 4004, 0),
(1633, 11, '2016-12-14', 'Evening', '07:20:00', '00:00:20', 4004, 0),
(1634, 12, '2016-12-14', 'Evening', '07:40:00', '00:00:20', 4004, 0),
(1635, 13, '2016-12-14', 'Evening', '08:00:00', '00:00:20', 4004, 0),
(1636, 14, '2016-12-14', 'Evening', '08:20:00', '00:00:20', 4004, 0),
(1637, 15, '2016-12-14', 'Evening', '08:40:00', '00:00:20', 4004, 0),
(1638, 1, '2016-12-15', 'Evening', '04:00:00', '00:00:30', 4004, 0),
(1639, 2, '2016-12-15', 'Evening', '04:30:00', '00:00:30', 4004, 0),
(1640, 3, '2016-12-15', 'Evening', '05:00:00', '00:00:30', 4004, 0),
(1641, 4, '2016-12-15', 'Evening', '05:30:00', '00:00:30', 4004, 0),
(1642, 5, '2016-12-15', 'Evening', '06:00:00', '00:00:30', 4004, 0),
(1643, 6, '2016-12-15', 'Evening', '06:30:00', '00:00:30', 4004, 0),
(1644, 7, '2016-12-15', 'Evening', '07:00:00', '00:00:30', 4004, 0),
(1645, 8, '2016-12-15', 'Evening', '07:30:00', '00:00:30', 4004, 0),
(1646, 9, '2016-12-15', 'Evening', '08:00:00', '00:00:30', 4004, 0),
(1647, 10, '2016-12-15', 'Evening', '08:30:00', '00:00:30', 4004, 0),
(1648, 1, '2016-12-18', 'Evening', '04:00:00', '00:00:30', 4004, 0),
(1649, 2, '2016-12-18', 'Evening', '04:30:00', '00:00:30', 4004, 0),
(1650, 3, '2016-12-18', 'Evening', '05:00:00', '00:00:30', 4004, 0),
(1651, 4, '2016-12-18', 'Evening', '05:30:00', '00:00:30', 4004, 0),
(1652, 5, '2016-12-18', 'Evening', '06:00:00', '00:00:30', 4004, 0),
(1653, 6, '2016-12-18', 'Evening', '06:30:00', '00:00:30', 4004, 0),
(1654, 7, '2016-12-18', 'Evening', '07:00:00', '00:00:30', 4004, 0),
(1655, 8, '2016-12-18', 'Evening', '07:30:00', '00:00:30', 4004, 0),
(1656, 9, '2016-12-18', 'Evening', '08:00:00', '00:00:30', 4004, 0),
(1657, 10, '2016-12-18', 'Evening', '08:30:00', '00:00:30', 4004, 0),
(1658, 1, '2016-12-19', 'Evening', '04:00:00', '00:00:20', 4004, 0),
(1659, 2, '2016-12-19', 'Evening', '04:20:00', '00:00:20', 4004, 0),
(1660, 3, '2016-12-19', 'Evening', '04:40:00', '00:00:20', 4004, 0),
(1661, 4, '2016-12-19', 'Evening', '05:00:00', '00:00:20', 4004, 0),
(1662, 5, '2016-12-19', 'Evening', '05:20:00', '00:00:20', 4004, 0),
(1663, 6, '2016-12-19', 'Evening', '05:40:00', '00:00:20', 4004, 0),
(1664, 7, '2016-12-19', 'Evening', '06:00:00', '00:00:20', 4004, 0),
(1665, 8, '2016-12-19', 'Evening', '06:20:00', '00:00:20', 4004, 0),
(1666, 9, '2016-12-19', 'Evening', '06:40:00', '00:00:20', 4004, 0),
(1667, 10, '2016-12-19', 'Evening', '07:00:00', '00:00:20', 4004, 0),
(1668, 11, '2016-12-19', 'Evening', '07:20:00', '00:00:20', 4004, 0),
(1669, 12, '2016-12-19', 'Evening', '07:40:00', '00:00:20', 4004, 0),
(1670, 13, '2016-12-19', 'Evening', '08:00:00', '00:00:20', 4004, 0),
(1671, 14, '2016-12-19', 'Evening', '08:20:00', '00:00:20', 4004, 0),
(1672, 15, '2016-12-19', 'Evening', '08:40:00', '00:00:20', 4004, 0),
(1673, 1, '2016-12-21', 'Evening', '04:00:00', '00:00:20', 4004, 0),
(1674, 2, '2016-12-21', 'Evening', '04:20:00', '00:00:20', 4004, 0),
(1675, 3, '2016-12-21', 'Evening', '04:40:00', '00:00:20', 4004, 0),
(1676, 4, '2016-12-21', 'Evening', '05:00:00', '00:00:20', 4004, 0),
(1677, 5, '2016-12-21', 'Evening', '05:20:00', '00:00:20', 4004, 0),
(1678, 6, '2016-12-21', 'Evening', '05:40:00', '00:00:20', 4004, 0),
(1679, 7, '2016-12-21', 'Evening', '06:00:00', '00:00:20', 4004, 0),
(1680, 8, '2016-12-21', 'Evening', '06:20:00', '00:00:20', 4004, 0),
(1681, 9, '2016-12-21', 'Evening', '06:40:00', '00:00:20', 4004, 0),
(1682, 10, '2016-12-21', 'Evening', '07:00:00', '00:00:20', 4004, 0),
(1683, 11, '2016-12-21', 'Evening', '07:20:00', '00:00:20', 4004, 0),
(1684, 12, '2016-12-21', 'Evening', '07:40:00', '00:00:20', 4004, 0),
(1685, 13, '2016-12-21', 'Evening', '08:00:00', '00:00:20', 4004, 0),
(1686, 14, '2016-12-21', 'Evening', '08:20:00', '00:00:20', 4004, 0),
(1687, 15, '2016-12-21', 'Evening', '08:40:00', '00:00:20', 4004, 0),
(1688, 1, '2016-12-13', 'Morning', '08:00:00', '00:00:24', 4003, 0),
(1689, 2, '2016-12-13', 'Morning', '08:24:00', '00:00:24', 4003, 0),
(1690, 3, '2016-12-13', 'Morning', '08:48:00', '00:00:24', 4003, 0),
(1691, 4, '2016-12-13', 'Morning', '09:12:00', '00:00:24', 4003, 1),
(1692, 5, '2016-12-13', 'Morning', '09:36:00', '00:00:24', 4003, 0),
(1693, 6, '2016-12-13', 'Morning', '10:00:00', '00:00:24', 4003, 0),
(1694, 7, '2016-12-13', 'Morning', '10:24:00', '00:00:24', 4003, 0),
(1695, 8, '2016-12-13', 'Morning', '10:48:00', '00:00:24', 4003, 0),
(1696, 9, '2016-12-13', 'Morning', '11:12:00', '00:00:24', 4003, 0),
(1697, 10, '2016-12-13', 'Morning', '11:36:00', '00:00:24', 4003, 0),
(1698, 1, '2016-12-14', 'Morning', '08:00:00', '00:00:16', 4003, 0),
(1699, 2, '2016-12-14', 'Morning', '08:16:00', '00:00:16', 4003, 0),
(1700, 3, '2016-12-14', 'Morning', '08:32:00', '00:00:16', 4003, 0),
(1701, 4, '2016-12-14', 'Morning', '08:48:00', '00:00:16', 4003, 0),
(1702, 5, '2016-12-14', 'Morning', '09:04:00', '00:00:16', 4003, 0),
(1703, 6, '2016-12-14', 'Morning', '09:20:00', '00:00:16', 4003, 0),
(1704, 7, '2016-12-14', 'Morning', '09:36:00', '00:00:16', 4003, 0),
(1705, 8, '2016-12-14', 'Morning', '09:52:00', '00:00:16', 4003, 0),
(1706, 9, '2016-12-14', 'Morning', '10:08:00', '00:00:16', 4003, 0),
(1707, 10, '2016-12-14', 'Morning', '10:24:00', '00:00:16', 4003, 0),
(1708, 11, '2016-12-14', 'Morning', '10:40:00', '00:00:16', 4003, 0),
(1709, 12, '2016-12-14', 'Morning', '10:56:00', '00:00:16', 4003, 0),
(1710, 13, '2016-12-14', 'Morning', '11:12:00', '00:00:16', 4003, 0),
(1711, 14, '2016-12-14', 'Morning', '11:28:00', '00:00:16', 4003, 0),
(1712, 15, '2016-12-14', 'Morning', '11:44:00', '00:00:16', 4003, 0),
(1713, 1, '2016-12-17', 'Morning', '08:00:00', '00:00:24', 4003, 0),
(1714, 2, '2016-12-17', 'Morning', '08:24:00', '00:00:24', 4003, 0),
(1715, 3, '2016-12-17', 'Morning', '08:48:00', '00:00:24', 4003, 0),
(1716, 4, '2016-12-17', 'Morning', '09:12:00', '00:00:24', 4003, 0),
(1717, 5, '2016-12-17', 'Morning', '09:36:00', '00:00:24', 4003, 0),
(1718, 6, '2016-12-17', 'Morning', '10:00:00', '00:00:24', 4003, 0),
(1719, 7, '2016-12-17', 'Morning', '10:24:00', '00:00:24', 4003, 0),
(1720, 8, '2016-12-17', 'Morning', '10:48:00', '00:00:24', 4003, 0),
(1721, 9, '2016-12-17', 'Morning', '11:12:00', '00:00:24', 4003, 0),
(1722, 10, '2016-12-17', 'Morning', '11:36:00', '00:00:24', 4003, 0),
(1723, 1, '2016-12-18', 'Morning', '08:00:00', '00:00:24', 4003, 0),
(1724, 2, '2016-12-18', 'Morning', '08:24:00', '00:00:24', 4003, 0),
(1725, 3, '2016-12-18', 'Morning', '08:48:00', '00:00:24', 4003, 0),
(1726, 4, '2016-12-18', 'Morning', '09:12:00', '00:00:24', 4003, 0),
(1727, 5, '2016-12-18', 'Morning', '09:36:00', '00:00:24', 4003, 0),
(1728, 6, '2016-12-18', 'Morning', '10:00:00', '00:00:24', 4003, 0),
(1729, 7, '2016-12-18', 'Morning', '10:24:00', '00:00:24', 4003, 0),
(1730, 8, '2016-12-18', 'Morning', '10:48:00', '00:00:24', 4003, 0),
(1731, 9, '2016-12-18', 'Morning', '11:12:00', '00:00:24', 4003, 0),
(1732, 10, '2016-12-18', 'Morning', '11:36:00', '00:00:24', 4003, 0),
(1733, 1, '2016-12-11', 'Evening', '04:00:00', '00:00:20', 4003, 0),
(1734, 2, '2016-12-11', 'Evening', '04:20:00', '00:00:20', 4003, 0),
(1735, 3, '2016-12-11', 'Evening', '04:40:00', '00:00:20', 4003, 0),
(1736, 4, '2016-12-11', 'Evening', '05:00:00', '00:00:20', 4003, 0),
(1737, 5, '2016-12-11', 'Evening', '05:20:00', '00:00:20', 4003, 0),
(1738, 6, '2016-12-11', 'Evening', '05:40:00', '00:00:20', 4003, 0),
(1739, 7, '2016-12-11', 'Evening', '06:00:00', '00:00:20', 4003, 0),
(1740, 8, '2016-12-11', 'Evening', '06:20:00', '00:00:20', 4003, 0),
(1741, 9, '2016-12-11', 'Evening', '06:40:00', '00:00:20', 4003, 0),
(1742, 10, '2016-12-11', 'Evening', '07:00:00', '00:00:20', 4003, 0),
(1743, 11, '2016-12-11', 'Evening', '07:20:00', '00:00:20', 4003, 0),
(1744, 12, '2016-12-11', 'Evening', '07:40:00', '00:00:20', 4003, 0),
(1745, 13, '2016-12-11', 'Evening', '08:00:00', '00:00:20', 4003, 0),
(1746, 14, '2016-12-11', 'Evening', '08:20:00', '00:00:20', 4003, 0),
(1747, 15, '2016-12-11', 'Evening', '08:40:00', '00:00:20', 4003, 0),
(1748, 1, '2016-12-12', 'Evening', '04:00:00', '00:00:20', 4003, 0),
(1749, 2, '2016-12-12', 'Evening', '04:20:00', '00:00:20', 4003, 0),
(1750, 3, '2016-12-12', 'Evening', '04:40:00', '00:00:20', 4003, 0),
(1751, 4, '2016-12-12', 'Evening', '05:00:00', '00:00:20', 4003, 0),
(1752, 5, '2016-12-12', 'Evening', '05:20:00', '00:00:20', 4003, 0),
(1753, 6, '2016-12-12', 'Evening', '05:40:00', '00:00:20', 4003, 0),
(1754, 7, '2016-12-12', 'Evening', '06:00:00', '00:00:20', 4003, 0),
(1755, 8, '2016-12-12', 'Evening', '06:20:00', '00:00:20', 4003, 0),
(1756, 9, '2016-12-12', 'Evening', '06:40:00', '00:00:20', 4003, 0),
(1757, 10, '2016-12-12', 'Evening', '07:00:00', '00:00:20', 4003, 0),
(1758, 11, '2016-12-12', 'Evening', '07:20:00', '00:00:20', 4003, 0),
(1759, 12, '2016-12-12', 'Evening', '07:40:00', '00:00:20', 4003, 0),
(1760, 13, '2016-12-12', 'Evening', '08:00:00', '00:00:20', 4003, 0),
(1761, 14, '2016-12-12', 'Evening', '08:20:00', '00:00:20', 4003, 0),
(1762, 15, '2016-12-12', 'Evening', '08:40:00', '00:00:20', 4003, 0),
(1763, 1, '2016-12-13', 'Evening', '04:00:00', '00:00:30', 4003, 0),
(1764, 2, '2016-12-13', 'Evening', '04:30:00', '00:00:30', 4003, 0),
(1765, 3, '2016-12-13', 'Evening', '05:00:00', '00:00:30', 4003, 0),
(1766, 4, '2016-12-13', 'Evening', '05:30:00', '00:00:30', 4003, 0),
(1767, 5, '2016-12-13', 'Evening', '06:00:00', '00:00:30', 4003, 0),
(1768, 6, '2016-12-13', 'Evening', '06:30:00', '00:00:30', 4003, 0),
(1769, 7, '2016-12-13', 'Evening', '07:00:00', '00:00:30', 4003, 0),
(1770, 8, '2016-12-13', 'Evening', '07:30:00', '00:00:30', 4003, 0),
(1771, 9, '2016-12-13', 'Evening', '08:00:00', '00:00:30', 4003, 0),
(1772, 10, '2016-12-13', 'Evening', '08:30:00', '00:00:30', 4003, 0),
(1773, 1, '2016-12-15', 'Evening', '04:00:00', '00:00:30', 4003, 0),
(1774, 2, '2016-12-15', 'Evening', '04:30:00', '00:00:30', 4003, 0),
(1775, 3, '2016-12-15', 'Evening', '05:00:00', '00:00:30', 4003, 0),
(1776, 4, '2016-12-15', 'Evening', '05:30:00', '00:00:30', 4003, 0),
(1777, 5, '2016-12-15', 'Evening', '06:00:00', '00:00:30', 4003, 0),
(1778, 6, '2016-12-15', 'Evening', '06:30:00', '00:00:30', 4003, 0),
(1779, 7, '2016-12-15', 'Evening', '07:00:00', '00:00:30', 4003, 0),
(1780, 8, '2016-12-15', 'Evening', '07:30:00', '00:00:30', 4003, 0),
(1781, 9, '2016-12-15', 'Evening', '08:00:00', '00:00:30', 4003, 0),
(1782, 10, '2016-12-15', 'Evening', '08:30:00', '00:00:30', 4003, 0),
(1783, 1, '2016-12-16', 'Evening', '04:00:00', '00:00:20', 4003, 0),
(1784, 2, '2016-12-16', 'Evening', '04:20:00', '00:00:20', 4003, 0),
(1785, 3, '2016-12-16', 'Evening', '04:40:00', '00:00:20', 4003, 0),
(1786, 4, '2016-12-16', 'Evening', '05:00:00', '00:00:20', 4003, 0),
(1787, 5, '2016-12-16', 'Evening', '05:20:00', '00:00:20', 4003, 0),
(1788, 6, '2016-12-16', 'Evening', '05:40:00', '00:00:20', 4003, 0),
(1789, 7, '2016-12-16', 'Evening', '06:00:00', '00:00:20', 4003, 0),
(1790, 8, '2016-12-16', 'Evening', '06:20:00', '00:00:20', 4003, 0),
(1791, 9, '2016-12-16', 'Evening', '06:40:00', '00:00:20', 4003, 0),
(1792, 10, '2016-12-16', 'Evening', '07:00:00', '00:00:20', 4003, 0),
(1793, 11, '2016-12-16', 'Evening', '07:20:00', '00:00:20', 4003, 0),
(1794, 12, '2016-12-16', 'Evening', '07:40:00', '00:00:20', 4003, 0),
(1795, 13, '2016-12-16', 'Evening', '08:00:00', '00:00:20', 4003, 0),
(1796, 14, '2016-12-16', 'Evening', '08:20:00', '00:00:20', 4003, 0),
(1797, 15, '2016-12-16', 'Evening', '08:40:00', '00:00:20', 4003, 0),
(1798, 1, '2016-12-18', 'Evening', '04:00:00', '00:00:20', 4003, 0),
(1799, 2, '2016-12-18', 'Evening', '04:20:00', '00:00:20', 4003, 0),
(1800, 3, '2016-12-18', 'Evening', '04:40:00', '00:00:20', 4003, 0),
(1801, 4, '2016-12-18', 'Evening', '05:00:00', '00:00:20', 4003, 0),
(1802, 5, '2016-12-18', 'Evening', '05:20:00', '00:00:20', 4003, 0),
(1803, 6, '2016-12-18', 'Evening', '05:40:00', '00:00:20', 4003, 0),
(1804, 7, '2016-12-18', 'Evening', '06:00:00', '00:00:20', 4003, 0),
(1805, 8, '2016-12-18', 'Evening', '06:20:00', '00:00:20', 4003, 0),
(1806, 9, '2016-12-18', 'Evening', '06:40:00', '00:00:20', 4003, 0),
(1807, 10, '2016-12-18', 'Evening', '07:00:00', '00:00:20', 4003, 0),
(1808, 11, '2016-12-18', 'Evening', '07:20:00', '00:00:20', 4003, 0),
(1809, 12, '2016-12-18', 'Evening', '07:40:00', '00:00:20', 4003, 0),
(1810, 13, '2016-12-18', 'Evening', '08:00:00', '00:00:20', 4003, 0),
(1811, 14, '2016-12-18', 'Evening', '08:20:00', '00:00:20', 4003, 0),
(1812, 15, '2016-12-18', 'Evening', '08:40:00', '00:00:20', 4003, 0),
(1813, 1, '2016-12-13', 'Morning', '08:00:00', '00:00:16', 4035, 0),
(1814, 2, '2016-12-13', 'Morning', '08:16:00', '00:00:16', 4035, 0),
(1815, 3, '2016-12-13', 'Morning', '08:32:00', '00:00:16', 4035, 0),
(1816, 4, '2016-12-13', 'Morning', '08:48:00', '00:00:16', 4035, 0),
(1817, 5, '2016-12-13', 'Morning', '09:04:00', '00:00:16', 4035, 1),
(1818, 6, '2016-12-13', 'Morning', '09:20:00', '00:00:16', 4035, 0),
(1819, 7, '2016-12-13', 'Morning', '09:36:00', '00:00:16', 4035, 0),
(1820, 8, '2016-12-13', 'Morning', '09:52:00', '00:00:16', 4035, 0),
(1821, 9, '2016-12-13', 'Morning', '10:08:00', '00:00:16', 4035, 0),
(1822, 10, '2016-12-13', 'Morning', '10:24:00', '00:00:16', 4035, 0),
(1823, 11, '2016-12-13', 'Morning', '10:40:00', '00:00:16', 4035, 0),
(1824, 12, '2016-12-13', 'Morning', '10:56:00', '00:00:16', 4035, 0),
(1825, 13, '2016-12-13', 'Morning', '11:12:00', '00:00:16', 4035, 0),
(1826, 14, '2016-12-13', 'Morning', '11:28:00', '00:00:16', 4035, 0),
(1827, 15, '2016-12-13', 'Morning', '11:44:00', '00:00:16', 4035, 0),
(1828, 1, '2016-12-15', 'Morning', '08:00:00', '00:00:24', 4035, 0),
(1829, 2, '2016-12-15', 'Morning', '08:24:00', '00:00:24', 4035, 0),
(1830, 3, '2016-12-15', 'Morning', '08:48:00', '00:00:24', 4035, 0),
(1831, 4, '2016-12-15', 'Morning', '09:12:00', '00:00:24', 4035, 0),
(1832, 5, '2016-12-15', 'Morning', '09:36:00', '00:00:24', 4035, 0),
(1833, 6, '2016-12-15', 'Morning', '10:00:00', '00:00:24', 4035, 0),
(1834, 7, '2016-12-15', 'Morning', '10:24:00', '00:00:24', 4035, 0),
(1835, 8, '2016-12-15', 'Morning', '10:48:00', '00:00:24', 4035, 0),
(1836, 9, '2016-12-15', 'Morning', '11:12:00', '00:00:24', 4035, 0),
(1837, 10, '2016-12-15', 'Morning', '11:36:00', '00:00:24', 4035, 0),
(1838, 1, '2016-12-16', 'Morning', '08:00:00', '00:00:16', 4035, 0),
(1839, 2, '2016-12-16', 'Morning', '08:16:00', '00:00:16', 4035, 0),
(1840, 3, '2016-12-16', 'Morning', '08:32:00', '00:00:16', 4035, 0),
(1841, 4, '2016-12-16', 'Morning', '08:48:00', '00:00:16', 4035, 0),
(1842, 5, '2016-12-16', 'Morning', '09:04:00', '00:00:16', 4035, 0),
(1843, 6, '2016-12-16', 'Morning', '09:20:00', '00:00:16', 4035, 0),
(1844, 7, '2016-12-16', 'Morning', '09:36:00', '00:00:16', 4035, 0),
(1845, 8, '2016-12-16', 'Morning', '09:52:00', '00:00:16', 4035, 0),
(1846, 9, '2016-12-16', 'Morning', '10:08:00', '00:00:16', 4035, 0),
(1847, 10, '2016-12-16', 'Morning', '10:24:00', '00:00:16', 4035, 0),
(1848, 11, '2016-12-16', 'Morning', '10:40:00', '00:00:16', 4035, 0),
(1849, 12, '2016-12-16', 'Morning', '10:56:00', '00:00:16', 4035, 0),
(1850, 13, '2016-12-16', 'Morning', '11:12:00', '00:00:16', 4035, 0),
(1851, 14, '2016-12-16', 'Morning', '11:28:00', '00:00:16', 4035, 0),
(1852, 15, '2016-12-16', 'Morning', '11:44:00', '00:00:16', 4035, 0),
(1853, 1, '2016-12-11', 'Evening', '04:00:00', '00:00:30', 4035, 0),
(1854, 2, '2016-12-11', 'Evening', '04:30:00', '00:00:30', 4035, 0),
(1855, 3, '2016-12-11', 'Evening', '05:00:00', '00:00:30', 4035, 0),
(1856, 4, '2016-12-11', 'Evening', '05:30:00', '00:00:30', 4035, 0),
(1857, 5, '2016-12-11', 'Evening', '06:00:00', '00:00:30', 4035, 0),
(1858, 6, '2016-12-11', 'Evening', '06:30:00', '00:00:30', 4035, 0),
(1859, 7, '2016-12-11', 'Evening', '07:00:00', '00:00:30', 4035, 0),
(1860, 8, '2016-12-11', 'Evening', '07:30:00', '00:00:30', 4035, 0),
(1861, 9, '2016-12-11', 'Evening', '08:00:00', '00:00:30', 4035, 0),
(1862, 10, '2016-12-11', 'Evening', '08:30:00', '00:00:30', 4035, 0),
(1863, 1, '2016-12-12', 'Evening', '04:00:00', '00:00:20', 4035, 0),
(1864, 2, '2016-12-12', 'Evening', '04:20:00', '00:00:20', 4035, 0),
(1865, 3, '2016-12-12', 'Evening', '04:40:00', '00:00:20', 4035, 0),
(1866, 4, '2016-12-12', 'Evening', '05:00:00', '00:00:20', 4035, 0),
(1867, 5, '2016-12-12', 'Evening', '05:20:00', '00:00:20', 4035, 0),
(1868, 6, '2016-12-12', 'Evening', '05:40:00', '00:00:20', 4035, 0),
(1869, 7, '2016-12-12', 'Evening', '06:00:00', '00:00:20', 4035, 0),
(1870, 8, '2016-12-12', 'Evening', '06:20:00', '00:00:20', 4035, 0),
(1871, 9, '2016-12-12', 'Evening', '06:40:00', '00:00:20', 4035, 0),
(1872, 10, '2016-12-12', 'Evening', '07:00:00', '00:00:20', 4035, 0),
(1873, 11, '2016-12-12', 'Evening', '07:20:00', '00:00:20', 4035, 0),
(1874, 12, '2016-12-12', 'Evening', '07:40:00', '00:00:20', 4035, 0),
(1875, 13, '2016-12-12', 'Evening', '08:00:00', '00:00:20', 4035, 0),
(1876, 14, '2016-12-12', 'Evening', '08:20:00', '00:00:20', 4035, 0),
(1877, 15, '2016-12-12', 'Evening', '08:40:00', '00:00:20', 4035, 0),
(1878, 1, '2016-12-14', 'Evening', '04:00:00', '00:00:20', 4035, 0),
(1879, 2, '2016-12-14', 'Evening', '04:20:00', '00:00:20', 4035, 0),
(1880, 3, '2016-12-14', 'Evening', '04:40:00', '00:00:20', 4035, 0),
(1881, 4, '2016-12-14', 'Evening', '05:00:00', '00:00:20', 4035, 0),
(1882, 5, '2016-12-14', 'Evening', '05:20:00', '00:00:20', 4035, 0),
(1883, 6, '2016-12-14', 'Evening', '05:40:00', '00:00:20', 4035, 0),
(1884, 7, '2016-12-14', 'Evening', '06:00:00', '00:00:20', 4035, 0),
(1885, 8, '2016-12-14', 'Evening', '06:20:00', '00:00:20', 4035, 0),
(1886, 9, '2016-12-14', 'Evening', '06:40:00', '00:00:20', 4035, 0),
(1887, 10, '2016-12-14', 'Evening', '07:00:00', '00:00:20', 4035, 0),
(1888, 11, '2016-12-14', 'Evening', '07:20:00', '00:00:20', 4035, 0),
(1889, 12, '2016-12-14', 'Evening', '07:40:00', '00:00:20', 4035, 0),
(1890, 13, '2016-12-14', 'Evening', '08:00:00', '00:00:20', 4035, 0),
(1891, 14, '2016-12-14', 'Evening', '08:20:00', '00:00:20', 4035, 0),
(1892, 15, '2016-12-14', 'Evening', '08:40:00', '00:00:20', 4035, 0),
(1893, 1, '2016-12-15', 'Evening', '04:00:00', '00:00:15', 4035, 0),
(1894, 2, '2016-12-15', 'Evening', '04:15:00', '00:00:15', 4035, 0),
(1895, 3, '2016-12-15', 'Evening', '04:30:00', '00:00:15', 4035, 0),
(1896, 4, '2016-12-15', 'Evening', '04:45:00', '00:00:15', 4035, 0),
(1897, 5, '2016-12-15', 'Evening', '05:00:00', '00:00:15', 4035, 0),
(1898, 6, '2016-12-15', 'Evening', '05:15:00', '00:00:15', 4035, 0),
(1899, 7, '2016-12-15', 'Evening', '05:30:00', '00:00:15', 4035, 0),
(1900, 8, '2016-12-15', 'Evening', '05:45:00', '00:00:15', 4035, 0),
(1901, 9, '2016-12-15', 'Evening', '06:00:00', '00:00:15', 4035, 0),
(1902, 10, '2016-12-15', 'Evening', '06:15:00', '00:00:15', 4035, 0),
(1903, 11, '2016-12-15', 'Evening', '06:30:00', '00:00:15', 4035, 0),
(1904, 12, '2016-12-15', 'Evening', '06:45:00', '00:00:15', 4035, 0),
(1905, 13, '2016-12-15', 'Evening', '07:00:00', '00:00:15', 4035, 0),
(1906, 14, '2016-12-15', 'Evening', '07:15:00', '00:00:15', 4035, 0),
(1907, 15, '2016-12-15', 'Evening', '07:30:00', '00:00:15', 4035, 0),
(1908, 16, '2016-12-15', 'Evening', '07:45:00', '00:00:15', 4035, 0),
(1909, 17, '2016-12-15', 'Evening', '08:00:00', '00:00:15', 4035, 0),
(1910, 18, '2016-12-15', 'Evening', '08:15:00', '00:00:15', 4035, 0),
(1911, 19, '2016-12-15', 'Evening', '08:30:00', '00:00:15', 4035, 0),
(1912, 20, '2016-12-15', 'Evening', '08:45:00', '00:00:15', 4035, 0),
(1913, 1, '2016-12-17', 'Evening', '04:00:00', '00:00:20', 4035, 0),
(1914, 2, '2016-12-17', 'Evening', '04:20:00', '00:00:20', 4035, 0),
(1915, 3, '2016-12-17', 'Evening', '04:40:00', '00:00:20', 4035, 0),
(1916, 4, '2016-12-17', 'Evening', '05:00:00', '00:00:20', 4035, 0),
(1917, 5, '2016-12-17', 'Evening', '05:20:00', '00:00:20', 4035, 0),
(1918, 6, '2016-12-17', 'Evening', '05:40:00', '00:00:20', 4035, 0),
(1919, 7, '2016-12-17', 'Evening', '06:00:00', '00:00:20', 4035, 0),
(1920, 8, '2016-12-17', 'Evening', '06:20:00', '00:00:20', 4035, 0),
(1921, 9, '2016-12-17', 'Evening', '06:40:00', '00:00:20', 4035, 0),
(1922, 10, '2016-12-17', 'Evening', '07:00:00', '00:00:20', 4035, 0),
(1923, 11, '2016-12-17', 'Evening', '07:20:00', '00:00:20', 4035, 0),
(1924, 12, '2016-12-17', 'Evening', '07:40:00', '00:00:20', 4035, 0),
(1925, 13, '2016-12-17', 'Evening', '08:00:00', '00:00:20', 4035, 0),
(1926, 14, '2016-12-17', 'Evening', '08:20:00', '00:00:20', 4035, 0),
(1927, 15, '2016-12-17', 'Evening', '08:40:00', '00:00:20', 4035, 0);

-- --------------------------------------------------------

--
-- Table structure for table `tbl_paymentconf_petowner_appointment`
--

CREATE TABLE IF NOT EXISTS `tbl_paymentconf_petowner_appointment` (
  `id` int(11) NOT NULL AUTO_INCREMENT,
  `oa_id` varchar(10) NOT NULL,
  `payment_type` varchar(30) NOT NULL,
  `card` varchar(10) NOT NULL,
  `appointment_fee` varchar(20) NOT NULL,
  `refund_fee` varchar(10) NOT NULL,
  `total_credit_payment` varchar(20) NOT NULL,
  `bank_name` varchar(30) NOT NULL,
  `card_number` int(11) NOT NULL,
  `security_code` int(11) NOT NULL,
  `expiry_date` date NOT NULL,
  `card_holder_name` varchar(50) NOT NULL,
  `reAppoint_status` enum('first_attempt','app_canceled','re_appointed','','') NOT NULL,
  `reAppointed_oa_id` varchar(20) NOT NULL,
  `status` int(1) NOT NULL,
  PRIMARY KEY (`id`)
) ENGINE=InnoDB  DEFAULT CHARSET=latin1 AUTO_INCREMENT=57 ;

--
-- Dumping data for table `tbl_paymentconf_petowner_appointment`
--

INSERT INTO `tbl_paymentconf_petowner_appointment` (`id`, `oa_id`, `payment_type`, `card`, `appointment_fee`, `refund_fee`, `total_credit_payment`, `bank_name`, `card_number`, `security_code`, `expiry_date`, `card_holder_name`, `reAppoint_status`, `reAppointed_oa_id`, `status`) VALUES
(1, 'OA0001', 'credit_payment', 'master', '800.00', '250.00', '1050.00', 'Sampath Bank', 123123, 231231, '2017-04-14', 'Chathushka', 'first_attempt', '', 0),
(2, 'OA0002', 'credit_payment', 'master', '800.00', '250.00', '1050.00', 'HSBC Bank', 8798745, 79846532, '2017-02-17', 'Chathushka', 'first_attempt', '', 0),
(3, 'OA0003', 'credit_payment', 'master', '800.00', '250.00', '1050.00', 'HSBC Bank', 89465, 79846532, '0000-00-00', 'Chathushka', 'first_attempt', '', 0),
(4, 'OA0004', 'credit_payment', 'master', '800.00', '250.00', '1050.00', 'Sampath Bank', 5841, 87541, '0000-00-00', 'Chathushka', 'first_attempt', '', 0),
(5, 'OA0005', 'credit_payment', 'master', '800.00', '250.00', '1050.00', 'HSBC Bank', 123456, 1235456, '0000-00-00', 'Chathushka', 'first_attempt', '', 0),
(6, 'OA0006', 'credit_payment', 'master', '800.00', '250.00', '1050.00', 'Sampath Bank', 12345678, 520147, '0000-00-00', 'Chathushka', 'first_attempt', '', 0),
(7, 'OA0007', 'credit_payment', 'master', '800.00', '250.00', '1050.00', 'HSBC Bank', 12345, 123458, '0000-00-00', 'Chathushka', 'first_attempt', '', 0),
(8, 'OA0008', 'credit_payment', 'master', '800.00', '250.00', '1050.00', 'Commercial Bank', 124578, 231458, '0000-00-00', 'Chathushka ', 'first_attempt', '', 0),
(9, 'OA0009', 'credit_payment', 'master', '800.00', '250.00', '1050.00', 'Commercial Bank', 1234567, 98765421, '0000-00-00', 'Chathushka', 'first_attempt', '', 0),
(10, 'OA0010', 'credit_payment', 'master', '800.00', '250.00', '1050.00', 'Commercial Bank', 12345678, 74185296, '0000-00-00', 'Hansani', 'first_attempt', '', 0),
(11, 'OA0011', 'credit_payment', 'master', '800.00', '250.00', '1050.00', 'HSBC Bank', 9632145, 7894561, '0000-00-00', 'Chathushka', 'first_attempt', '', 0),
(12, 'OA0012', 'credit_payment', 'master', '800.00', '250.00', '1050.00', 'Sampath Bank', 12345678, 12345698, '0000-00-00', 'Chathushka', 'first_attempt', '', 0),
(13, 'OA0013', 'credit_payment', 'master', '800.00', '250.00', '1050.00', 'Commercial Bank', 123458, 23654, '0000-00-00', 'Chathushka', 'first_attempt', '', 0),
(14, 'OA0014', 'credit_payment', 'master', '800.00', '250.00', '1050.00', 'Nations Trust Bank', 635241, 986532, '0000-00-00', 'Chathushka', 'first_attempt', '', 0),
(15, 'OA0015', 'credit_payment', 'master', '800.00', '250.00', '1050.00', 'Sampath Bank', 12354, 741258, '0000-00-00', 'Chathushka', 'first_attempt', '', 0),
(16, 'OA0016', 'credit_payment', 'visa', '800.00', '250.00', '1050.00', 'Commercial Bank', 15852, 756321, '0000-00-00', 'Hansani', 'first_attempt', '', 0),
(17, 'OA0017', 'credit_payment', 'master', '800.00', '250.00', '1050.00', 'Commercial Bank', 12345678, 2565551, '0000-00-00', 'Chathushka', 're_appointed', 'OA0030', 0),
(18, 'OA0018', 'credit_payment', 'master', '800.00', '250.00', '1050.00', 'Sampath Bank', 123457895, 12548763, '0000-00-00', 'Hansani', 'first_attempt', '', 0),
(19, 'OA0019', 'credit_payment', 'master', '800.00', '250.00', '1050.00', 'Sampath Bank', 123212121, 125283, '0000-00-00', 'Chathushka', 'first_attempt', '', 0),
(20, 'OA0020', 'credit_payment', 'master', '800.00', '250.00', '1050.00', 'Sampath Bank', 2015632, 128967, '0000-00-00', 'Hansani', 'first_attempt', '', 0),
(21, 'OA0021', 'credit_payment', 'master', '800.00', '250.00', '1050.00', 'Commercial Bank', 58695, 1234567, '0000-00-00', 'Hansani', 'first_attempt', '', 0),
(22, 'OA0022', 'credit_payment', 'master', '800.00', '250.00', '1050.00', 'Commercial Bank', 245, 7654, '0000-00-00', 'Hansani', 'first_attempt', '', 0),
(23, 'OA0023', 'credit_payment', 'master', '800.00', '250.00', '1050.00', 'Sampath Bank', 4523, 9856, '0000-00-00', 'Chathushka', 'first_attempt', '', 0),
(24, 'OA0024', 'credit_payment', 'master', '800.00', '250.00', '1050.00', 'Commercial Bank', 4512, 795, '0000-00-00', 'Chathushka', 'first_attempt', '', 0),
(25, 'OA0025', 'credit_payment', 'master', '800.00', '250.00', '1050.00', 'Nations Trust Bank', 1215, 854, '0000-00-00', 'Chathushka', 'first_attempt', '', 0),
(26, 'OA0025', 'credit_payment', 'master', '800.00', '250.00', '1050.00', 'Nations Trust Bank', 1215, 854, '0000-00-00', 'Chathushka', 'first_attempt', '', 0),
(27, 'OA0025', 'credit_payment', 'master', '800.00', '250.00', '1050.00', 'Nations Trust Bank', 1215, 854, '0000-00-00', 'Chathushka', 'first_attempt', '', 0),
(28, 'OA0025', 'credit_payment', 'master', '800.00', '250.00', '1050.00', 'Nations Trust Bank', 1215, 854, '0000-00-00', 'Chathushka', 'first_attempt', '', 0),
(29, 'OA0026', 'credit_payment', 'master', '800.00', '250.00', '1050.00', 'Commercial Bank', 8521, 78945, '0000-00-00', 'Chathushka', 'first_attempt', '', 0),
(30, 'OA0027', 'credit_payment', 'amex', '800.00', '250.00', '1050.00', 'HSBC Bank', 1584, 1234, '0000-00-00', 'Chathushka', 'first_attempt', '', 0),
(31, 'OA0028', 'credit_payment', 'master', '800.00', '250.00', '1050.00', 'Commercial Bank', 1452, 7845, '0000-00-00', 'Chathushka', 'first_attempt', '', 0),
(32, 'OA0029', 'credit_payment', 'master', '800.00', '250.00', '1050.00', 'Commercial Bank', 12454852, 1852, '0000-00-00', 'Chathushka', 'first_attempt', '', 0),
(33, 'OA0030', 'credit_payment', 'master', '800.00', '250.00', '1050.00', 'Commercial Bank', 12345678, 2565551, '0000-00-00', 'Chathushka', 're_appointed', 'OA0031', 1),
(34, 'OA0031', 'credit_payment', 'master', '800.00', '250.00', '1050.00', 'Commercial Bank', 12345678, 2565551, '0000-00-00', 'Chathushka', 'first_attempt', '', 0),
(35, 'OA0032', 'credit_payment', 'master', '800.00', '250.00', '1050.00', 'Commercial Bank', 1231548, 26159878, '0000-00-00', 'Chathushka', 're_appointed', 'OA0034', 1),
(36, 'OA0033', 'credit_payment', 'master', '800.00', '250.00', '1050.00', 'Commercial Bank', 145, 852, '0000-00-00', 'Chathushka', 're_appointed', 'OA0036', 1),
(37, 'OA0034', 'credit_payment', 'master', '800.00', '250.00', '1050.00', 'Commercial Bank', 1231548, 26159878, '0000-00-00', 'Chathushka', 'first_attempt', '', 0),
(38, 'OA0035', 'credit_payment', 'master', '800.00', '250.00', '1050.00', 'Commercial Bank', 12545, 12545, '0000-00-00', 'Chathushka', 'first_attempt', '', 0),
(39, 'OA0036', 'credit_payment', 'master', '800.00', '250.00', '1050.00', 'Commercial Bank', 145, 852, '0000-00-00', 'Chathushka', 'first_attempt', '', 0),
(40, 'OA0037', 'credit_payment', 'master', '800.00', '250.00', '1050.00', 'Commercial Bank', 12354, 8985, '0000-00-00', 'Chathushka', 'first_attempt', '', 0),
(41, 'OA0038', 'credit_payment', 'master', '800.00', '250.00', '1050.00', 'Commercial Bank', 123654, 7895462, '0000-00-00', 'Chathushka', 're_appointed', 'OA0040', 1),
(42, 'OA0039', 'credit_payment', 'visa', '800.00', '250.00', '1050.00', 'Commercial Bank', 123121, 45645, '0000-00-00', 'Hansani', 'first_attempt', '', 0),
(43, 'OA0040', 'credit_payment', 'master', '800.00', '250.00', '1050.00', 'Commercial Bank', 123654, 7895462, '0000-00-00', 'Chathushka', 'first_attempt', '', 0),
(44, 'OA0041', 'credit_payment', 'master', '800.00', '250.00', '1050.00', 'Commercial Bank', 1235, 4541, '0000-00-00', 'Chathushka', 'first_attempt', '', 0),
(45, 'OA0042', 'credit_payment', 'master', '800.00', '250.00', '1050.00', 'Commercial Bank', 15222, 452221, '0000-00-00', 'Chathushka', 'first_attempt', '', 0),
(46, 'OA0043', 'credit_payment', 'master', '800.00', '250.00', '1050.00', 'Sampath Bank', 126, 5865, '0000-00-00', 'Chathushka', 're_appointed', 'OA0044', 1),
(47, 'OA0044', 'credit_payment', 'master', '800.00', '250.00', '1050.00', 'Sampath Bank', 126, 5865, '0000-00-00', 'Chathushka', 'first_attempt', '', 0),
(48, 'OA0045', 'credit_payment', 'master', 'NaN', '250.00', 'NaN', 'Commercial Bank', 12345, 1542, '0000-00-00', 'Shalika', 'first_attempt', '', 0),
(49, 'OA0046', 'credit_payment', 'master', 'NaN', '250.00', 'NaN', 'Commercial Bank', 1245454, 14785212, '0000-00-00', 'Shalika', 'first_attempt', '', 0),
(50, 'OA0047', 'credit_payment', 'master', '800.00', '250.00', '1050.00', 'Commercial Bank', 1234578, 12354687, '0000-00-00', 'Chathushka', 'first_attempt', '', 0),
(51, 'OA0048', 'credit_payment', 'master', 'NaN', '250.00', 'NaN', 'Commercial Bank', 12345687, 32223, '0000-00-00', 'Shalika', 'first_attempt', '', 0),
(52, 'OA0049', 'credit_payment', 'master', '900.00', '250.00', '1150.00', 'Commercial Bank', 12345678, 32154, '0000-00-00', 'Shalika', 'first_attempt', '', 0),
(53, 'OA0050', 'credit_payment', 'master', '800.00', '250.00', '1050.00', 'Commercial Bank', 1245, 3265, '0000-00-00', 'Chathushka', 'first_attempt', '', 0),
(54, 'OA0051', 'credit_payment', 'master', '800.00', '250.00', '1050.00', 'Commercial Bank', 1245878, 124548, '0000-00-00', 'Chathushka', 'first_attempt', '', 0),
(55, 'OA0052', 'credit_payment', 'master', '800.00', '250.00', '1050.00', 'Commercial Bank', 1234568, 123458, '0000-00-00', 'Chathushka', 'first_attempt', '', 0),
(56, 'OA0053', 'credit_payment', 'master', '800.00', '250.00', '1050.00', 'Commercial Bank', 12345, 12312, '0000-00-00', 'Chathushka', 'app_canceled', '', 0);

-- --------------------------------------------------------

--
-- Table structure for table `tbl_pet`
--

CREATE TABLE IF NOT EXISTS `tbl_pet` (
  `pet_id` int(11) NOT NULL AUTO_INCREMENT,
  `pet_type_id` int(11) NOT NULL,
  `name` varchar(20) NOT NULL,
  `species` varchar(50) NOT NULL,
  `breed` varchar(100) NOT NULL,
  `color_id` int(11) NOT NULL,
  `dob` date NOT NULL,
  `age` varchar(50) NOT NULL,
  `gender` varchar(10) NOT NULL,
  `pedigree` int(1) NOT NULL,
  `breeding_availability` int(1) NOT NULL,
  `add_breeding_details` int(11) NOT NULL,
  `choose_pet_status` int(1) NOT NULL,
  `image_ext` varchar(15) NOT NULL,
  `pet_status` int(1) NOT NULL,
  PRIMARY KEY (`pet_id`)
) ENGINE=InnoDB  DEFAULT CHARSET=latin1 AUTO_INCREMENT=5037 ;

--
-- Dumping data for table `tbl_pet`
--

INSERT INTO `tbl_pet` (`pet_id`, `pet_type_id`, `name`, `species`, `breed`, `color_id`, `dob`, `age`, `gender`, `pedigree`, `breeding_availability`, `add_breeding_details`, `choose_pet_status`, `image_ext`, `pet_status`) VALUES
(5001, 1, 'Rex', '1', '1', 1, '2016-11-01', '0 year, 0 month, and 29 days old.', 'Male', 1, 1, 0, 0, '5001.jpg', 0),
(5002, 1, 'Grace', '1', '1', 1, '2015-02-11', '1 year, 8 months, and 8 days old.', 'Male', 1, 0, 0, 0, '5002.jpg', 0),
(5003, 1, 'Tommy', '1', '2', 3, '2016-02-02', '0 year, 8 months, and 18 days old.', 'Male', 0, 1, 0, 0, '5003.jpg', 0),
(5004, 1, 'Lucky', '1', '2', 4, '2015-11-11', '0 year, 11 months, and 8 days old.', 'Male', 0, 1, 0, 0, '5004.jpg', 0),
(5005, 1, 'Blacky', '1', '3', 5, '2015-08-19', '3 months', 'Female', 1, 0, 0, 0, '5005.jpg', 0),
(5006, 1, 'Browny', '1', '2', 3, '2015-12-06', '0 year, 11 months, and 29 days old.', 'Male', 0, 1, 1, 1, '5006.jpg', 1),
(5007, 1, 'Luck', '1', '3', 5, '2014-05-03', '2 years, 7 months, and 15 days old.', 'Female', 0, 1, 1, 0, '5007.jpg', 1),
(5008, 1, 'Brown', '1', '8', 6, '2014-10-12', '1 year, 10 months, and 9 days old.', 'Female', 1, 0, 1, 0, '5008.jpg', 0),
(5009, 2, 'kay', '2', '13', 0, '2015-08-11', '2 months', 'Female', 0, 1, 0, 0, '5009.jpg', 0),
(5010, 2, 'Beay', '2', '12', 0, '2016-01-12', '3 months', 'Male', 0, 1, 0, 0, '5010.jpg', 0),
(5011, 2, 'maxy', '2', '12', 0, '2016-06-21', '2 months', 'Male', 1, 1, 0, 0, '5011.jpg', 0),
(5012, 1, 'rexy', '1', '2', 3, '2013-12-09', '3 years, 1 month, and 7 days old.', 'Male', 0, 1, 0, 0, '5012.jpg', 0),
(5013, 1, 'Max', '1', '1', 1, '2015-11-24', '', 'Male', 0, 0, 0, 0, '5013.jpg', 0),
(5014, 5, 'Maxxyy', '1', '5', 6, '2015-08-12', '0 year, 10 months, and 11 days old.', 'Female', 0, 1, 0, 0, '5014.jpg', 0),
(5015, 1, 'Peruu', '1', '1', 1, '2015-08-09', '1 year, 1 month, and 12 days old.', 'Male', 1, 0, 1, 0, '5015.jpg', 0),
(5016, 3, 'oole', '1', '3', 5, '2016-08-10', '0 year, 0 month, and 12 days old.', 'Female', 0, 1, 0, 0, '5016.jpg', 0),
(5017, 12, 'Boo', '2', '12', 0, '2014-12-15', '3', 'Female', 0, 1, 0, 0, '5017.jpg', 0),
(5018, 1, 'Glovy', '1', '1', 2, '2016-08-06', '0 year, 4 months, and 9 days old.', 'Female', 1, 1, 0, 0, '5018.jpg', 0),
(5019, 1, 'Doby', '1', '1', 2, '2016-12-01', '0 year, 9 months, and 6 days old.', 'Male', 0, 0, 1, 1, '5019.jpg', 0),
(5020, 1, 'Dolly', '1', '1', 2, '2016-03-05', '0 year, 5 months, and 17 days old.', 'Female', 0, 0, 0, 0, '5020.png', 0),
(5021, 3, 'Glovy', '1', '3', 5, '2016-06-10', '0 year, 0 month, and 15 days old.', 'Male', 0, 1, 0, 0, '5021.jpg', 0),
(5022, 3, 'mikkyy', '2', '3', 5, '2016-12-07', '0 year, 3 months, and 9 days old.', 'Female', 1, 1, 1, 0, '5022.jpg', 0),
(5023, 2, 'Mxyy', '1', '2', 3, '2014-12-08', '2 years, 2 months, and 19 days old.', 'Female', 0, 0, 1, 0, '5023.jpg', 0),
(5024, 1, 'Blowy', '1', '1', 2, '2015-01-10', '1 year, 0 month, and 30 days old.', 'Male', 1, 0, 0, 0, '5024.jpg', 0),
(5025, 2, 'Picky', '1', '2', 4, '2014-10-06', '2 years, 4 months, and 22 days old.', 'Female', 0, 0, 1, 0, '5025.jpg', 0),
(5026, 1, 'Boby', '1', '1', 2, '2016-07-14', '0 year, 8 months, and 2 days old.', 'Male', 1, 0, 0, 0, '5026.jpg', 0),
(5027, 1, 'Blacky', '1', '1', 2, '2016-04-05', '0 year, 6 months, and 13 days old.', 'Male', 0, 0, 1, 0, '5027.jpg', 0),
(5028, 1, 'Tommy', '1', '1', 2, '2016-09-08', '0 year, 3 months, and 9 days old.', 'Male', 0, 1, 0, 0, '5028.jpg', 1),
(5029, 1, 'Blovy', '1', '1', 2, '2015-11-08', '1 year, 3 months, and 8 days old.', 'Female', 1, 0, 1, 0, '5029.png', 0),
(5030, 1, 'Casey', '1', '1', 2, '2016-01-01', '0 year, 5 months, and 28 days old.', 'Female', 0, 0, 0, 0, '5030.jpg', 0),
(5031, 1, 'Robby', '1', '2', 3, '2016-07-06', '0 year, 6 months, and 3 days old.', 'Male', 1, 0, 1, 0, '5031.jpg', 0),
(5032, 1, 'Dobby', '1', '4', 0, '2016-01-01', '0 year, 10 months, and 20 days old.', 'Female', 1, 0, 0, 0, '5032.jpg', 0),
(5033, 1, 'Rex', '1', '1', 1, '2015-02-12', '1 year, 9 months, and 30 days old.', 'Female', 1, 0, 1, 1, '5033.jpg', 0),
(5034, 1, 'Layla', '1', '1', 2, '2016-04-12', '0 year, 7 months, and 30 days old.', 'Female', 1, 0, 0, 0, '5034.jpg', 0),
(5035, 1, 'Poly', '1', '1', 2, '0000-00-00', '0 year, 5 months, and 20 days old.', 'Female', 0, 0, 1, 1, '5035.jpg', 1),
(5036, 0, 'ray', '1', '', 10, '2016-04-06', '0 year, 8 months, and 24 days old.', 'Female', 1, 0, 0, 0, '5036.jpg', 0);

-- --------------------------------------------------------

--
-- Table structure for table `tbl_petdischarge_cage_charges_payment`
--

CREATE TABLE IF NOT EXISTS `tbl_petdischarge_cage_charges_payment` (
  `discharge_id` varchar(20) NOT NULL,
  `total_days` int(10) NOT NULL,
  `cage_size_id` varchar(20) NOT NULL,
  `cage_price` varchar(20) NOT NULL,
  `sub_total_cages` varchar(20) NOT NULL,
  `doctor_charge` varchar(20) NOT NULL,
  `sub_total_doctor` varchar(20) NOT NULL,
  `hospital_charge` varchar(20) NOT NULL,
  `sub_total_hospital` varchar(20) NOT NULL,
  `nurse_charge` varchar(20) NOT NULL,
  `sub_total_nurse` varchar(20) NOT NULL,
  `status` int(1) NOT NULL,
  PRIMARY KEY (`discharge_id`)
) ENGINE=InnoDB DEFAULT CHARSET=latin1;

--
-- Dumping data for table `tbl_petdischarge_cage_charges_payment`
--

INSERT INTO `tbl_petdischarge_cage_charges_payment` (`discharge_id`, `total_days`, `cage_size_id`, `cage_price`, `sub_total_cages`, `doctor_charge`, `sub_total_doctor`, `hospital_charge`, `sub_total_hospital`, `nurse_charge`, `sub_total_nurse`, `status`) VALUES
('D0001', 0, 'CS0020', '275.00', '0.00', '450.00', '0.00', '300.00', '0.00', '350.00', '0.00', 0),
('D0002', 3, 'CS0014', '200.00', '600.00', '450.00', '1350.00', '300.00', '900.00', '350.00', '1050.00', 0),
('D0003', 4, 'CS0015', '250.00', '1000.00', '450.00', '1800.00', '300.00', '1200.00', '350.00', '1400.00', 0),
('D0004', 2, 'CS0018', '275.00', '550.00', '450.00', '900.00', '300.00', '600.00', '350.00', '700.00', 0),
('D0005', 10, 'CS0021', '300.00', '3000.00', '450.00', '4500.00', '300.00', '3000.00', '350.00', '3500.00', 0),
('D0006', 7, 'CS0020', '275.00', '1925.00', '450.00', '3150.00', '300.00', '2100.00', '350.00', '2450.00', 0),
('D0007', 6, 'CS0022', '300.00', '1800.00', '450.00', '2700.00', '300.00', '1800.00', '350.00', '2100.00', 0),
('D0008', 1, 'CS0021', '300.00', '300.00', '450.00', '450.00', '300.00', '300.00', '350.00', '350.00', 0),
('D0009', 1, 'CS0021', '300.00', '300.00', '450.00', '450.00', '300.00', '300.00', '350.00', '350.00', 0),
('D0010', 1, 'CS0022', '300.00', '300.00', '450.00', '450.00', '300.00', '300.00', '350.00', '350.00', 0),
('D0011', 1, 'CS0021', '300.00', '300.00', '450.00', '450.00', '300.00', '300.00', '350.00', '350.00', 0),
('D0012', 1, 'CS0005', '100.00', '100.00', '450.00', '450.00', '300.00', '300.00', '350.00', '350.00', 0),
('D0013', 1, 'CS0013', '200.00', '200.00', '450.00', '450.00', '300.00', '300.00', '350.00', '350.00', 0),
('D0014', 1, 'CS0011', '175.00', '175.00', '450.00', '450.00', '300.00', '300.00', '350.00', '350.00', 0),
('D0015', 1, 'CS0020', '275.00', '275.00', '450.00', '450.00', '300.00', '300.00', '350.00', '350.00', 0),
('D0016', 1, 'CS0014', '200.00', '200.00', '450.00', '450.00', '300.00', '300.00', '350.00', '350.00', 0),
('D0017', 1, 'CS0003', '165.00', '165.00', '450.00', '450.00', '300.00', '300.00', '350.00', '350.00', 0),
('D0018', 1, 'CS0021', '300.00', '300.00', '450.00', '450.00', '300.00', '300.00', '350.00', '350.00', 0),
('D0019', 1, 'CS0018', '275.00', '275.00', '450.00', '450.00', '300.00', '300.00', '350.00', '350.00', 0);

-- --------------------------------------------------------

--
-- Table structure for table `tbl_petdischarge_othercharges`
--

CREATE TABLE IF NOT EXISTS `tbl_petdischarge_othercharges` (
  `id` int(11) NOT NULL AUTO_INCREMENT,
  `discharge_id` varchar(20) NOT NULL,
  `description` varchar(50) NOT NULL,
  `price` decimal(10,2) NOT NULL,
  `quantity_or_days` varchar(20) NOT NULL,
  `sub_total_other` varchar(20) NOT NULL,
  `status` int(1) NOT NULL,
  PRIMARY KEY (`id`)
) ENGINE=InnoDB  DEFAULT CHARSET=latin1 AUTO_INCREMENT=71 ;

--
-- Dumping data for table `tbl_petdischarge_othercharges`
--

INSERT INTO `tbl_petdischarge_othercharges` (`id`, `discharge_id`, `description`, `price`, `quantity_or_days`, `sub_total_other`, `status`) VALUES
(18, 'D0001', 'Food', '150.00', '1', '150.00', 0),
(27, 'D0002', 'Food', '150.00', '3', '450.00', 0),
(28, 'D0002', 'Cleaning', '50.00', '1', '50.00', 0),
(40, 'D0003', 'Food', '50.00', '6', '300.00', 0),
(41, 'D0004', 'Food', '150.00', '3', '450.00', 0),
(42, 'D0004', 'Cleaning', '50.00', '1', '50.00', 0),
(43, 'D0005', 'Cleaning', '200.00', '3', '600.00', 0),
(44, 'D0006', 'Cleaning', '150.00', '3', '450.00', 0),
(45, 'D0006', 'Food', '50.00', '6', '300.00', 0),
(57, 'D0007', 'Food', '100.00', '2', '200.00', 0),
(58, 'D0007', 'Cleaning', '50.00', '3', '150.00', 0),
(59, 'D0008', 'Food', '150.00', '1', '150.00', 0),
(60, 'D0009', 'Food', '150.00', '1', '150.00', 0),
(61, 'D0010', 'Food', '150.00', '1', '150.00', 0),
(62, 'D0011', 'Food', '150.00', '1', '150.00', 0),
(63, 'D0012', 'Cleaning', '50.00', '1', '50.00', 0),
(64, 'D0013', 'Cleaning', '150.00', '1', '150.00', 0),
(65, 'D0014', 'Cleaning', '50.00', '2', '100.00', 0),
(66, 'D0015', 'Food', '150.00', '3', '450.00', 0),
(67, 'D0016', 'Food', '150.00', '1', '150.00', 0),
(68, 'D0017', 'Food', '150.00', '3', '450.00', 0),
(69, 'D0018', 'Food', '150.00', '1', '150.00', 0),
(70, 'D0019', 'Food', '100.00', '2', '200.00', 0);

-- --------------------------------------------------------

--
-- Table structure for table `tbl_petdischarge_pharmacyitems`
--

CREATE TABLE IF NOT EXISTS `tbl_petdischarge_pharmacyitems` (
  `id` int(11) NOT NULL AUTO_INCREMENT,
  `discharge_id` varchar(20) NOT NULL,
  `item_id` varchar(20) NOT NULL,
  `selling_price` varchar(20) NOT NULL,
  `quantity` int(10) NOT NULL,
  `sub_total_pharmacy` varchar(20) NOT NULL,
  `status` int(1) NOT NULL,
  PRIMARY KEY (`id`)
) ENGINE=InnoDB  DEFAULT CHARSET=latin1 AUTO_INCREMENT=105 ;

--
-- Dumping data for table `tbl_petdischarge_pharmacyitems`
--

INSERT INTO `tbl_petdischarge_pharmacyitems` (`id`, `discharge_id`, `item_id`, `selling_price`, `quantity`, `sub_total_pharmacy`, `status`) VALUES
(25, 'D0001', 'I0002', '20.00', 3, '60.00', 0),
(40, 'D0002', 'I0001', '25.00', 3, '75.00', 0),
(41, 'D0002', 'I0004', '25.00', 10, '250.00', 0),
(58, 'D0003', 'I0002', '20.00', 4, '80.00', 0),
(59, 'D0003', 'I0003', '22.00', 5, '110.00', 0),
(60, 'D0004', 'I0001', '25.00', 10, '250.00', 0),
(61, 'D0004', 'I0003', '22.00', 20, '440.00', 0),
(62, 'D0005', 'I0003', '22.00', 2, '44.00', 0),
(63, 'D0006', 'I0004', '25.00', 5, '125.00', 0),
(64, 'D0006', 'I0003', '22.00', 10, '220.00', 0),
(80, 'D0007', 'I0003', '22.00', 5, '110.00', 0),
(81, 'D0007', 'I0004', '25.00', 2, '50.00', 0),
(82, 'D0007', 'I0002', '20.00', 3, '60.00', 0),
(83, 'D0008', 'I0002', '20.00', 20, '400.00', 0),
(84, 'D0008', 'I0003', '22.00', 10, '220.00', 0),
(85, 'D0009', 'I0002', '20.00', 2, '40.00', 0),
(86, 'D0009', 'I0003', '22.00', 10, '220.00', 0),
(87, 'D0010', 'I0002', '20.00', 1, '20.00', 0),
(88, 'D0010', 'I0007', '20.00', 20, '400.00', 0),
(89, 'D0011', 'I0001', '25.00', 2, '50.00', 0),
(90, 'D0011', 'I0007', '20.00', 10, '200.00', 0),
(91, 'D0012', 'I0001', '25.00', 1, '25.00', 0),
(92, 'D0012', 'I0007', '20.00', 10, '200.00', 0),
(93, 'D0013', 'I0007', '20.00', 10, '200.00', 0),
(94, 'D0013', 'I0003', '22.00', 3, '66.00', 0),
(95, 'D0013', 'I0009', '200.00', 1, '200.00', 0),
(96, 'D0014', 'I0009', '200.00', 1, '200.00', 0),
(97, 'D0015', '', '', 0, '', 0),
(98, 'D0016', 'I0009', '200.00', 1, '200.00', 0),
(99, 'D0016', 'I0004', '25.00', 10, '250.00', 0),
(100, 'D0017', 'I0009', '200.00', 1, '200.00', 0),
(101, 'D0018', 'I0001', '25.00', 10, '250.00', 0),
(102, 'D0018', 'I0008', '20.00', 20, '400.00', 0),
(103, 'D0019', 'I0002', '20.00', 12, '240.00', 0),
(104, 'D0019', 'I0003', '22.00', 23, '506.00', 0);

-- --------------------------------------------------------

--
-- Table structure for table `tbl_pet_cage_assign`
--

CREATE TABLE IF NOT EXISTS `tbl_pet_cage_assign` (
  `assign_id` varchar(10) NOT NULL,
  `nurse_id` int(11) NOT NULL,
  `pres_id` varchar(10) NOT NULL,
  `admit_date` date NOT NULL,
  `cage_size_id` varchar(10) NOT NULL,
  `measurementA` int(11) NOT NULL,
  `measurementB` int(11) NOT NULL,
  `admitted_status` int(1) NOT NULL,
  PRIMARY KEY (`assign_id`,`pres_id`)
) ENGINE=InnoDB DEFAULT CHARSET=latin1;

--
-- Dumping data for table `tbl_pet_cage_assign`
--

INSERT INTO `tbl_pet_cage_assign` (`assign_id`, `nurse_id`, `pres_id`, `admit_date`, `cage_size_id`, `measurementA`, `measurementB`, `admitted_status`) VALUES
('A0001', 6001, 'P0001', '2016-11-09', 'CS0020', 42, 33, 1),
('A0002', 6001, 'P0002', '2016-11-09', 'CS0014', 30, 22, 1),
('A0003', 6001, 'P0003', '2016-11-09', 'CS0015', 36, 25, 1),
('A0004', 6001, 'P0004', '2016-11-16', 'CS0018', 36, 25, 1),
('A0005', 6001, 'P0011', '2016-11-15', 'CS0021', 46, 33, 1),
('A0006', 6001, 'P0005', '2016-11-18', 'CS0020', 36, 25, 1),
('A0007', 6001, 'P0006', '2016-11-19', 'CS0022', 54, 45, 1),
('A0008', 6001, 'P0018', '2016-11-28', 'CS0021', 46, 33, 1),
('A0009', 6001, 'P0028', '2016-11-29', 'CS0021', 23, 20, 1),
('A0010', 6001, 'P0029', '2016-12-01', 'CS0022', 46, 33, 1),
('A0011', 6001, 'P0030', '2016-12-01', 'CS0021', 46, 33, 1),
('A0012', 6001, 'P0031', '2016-12-01', 'CS0005', 20, 20, 1),
('A0013', 6001, 'P0032', '2016-12-09', 'CS0013', 30, 24, 1),
('A0014', 6001, 'P0033', '2016-12-09', 'CS0011', 24, 20, 1),
('A0015', 6001, 'P0037', '2016-12-10', 'CS0020', 21, 33, 1),
('A0016', 6001, 'P0038', '2016-12-10', 'CS0014', 21, 30, 1),
('A0017', 6001, 'P0039', '2016-12-10', 'CS0003', 10, 12, 1),
('A0018', 6001, 'P0040', '2016-12-10', 'CS0002', 18, 14, 0),
('A0019', 6001, 'P0041', '2016-12-10', 'CS0019', 23, 33, 0),
('A0020', 6001, 'P0042', '2016-12-10', 'CS0014', 12, 10, 0),
('A0021', 6001, 'P0044', '2016-12-10', 'CS0021', 32, 20, 1),
('A0022', 6001, 'P0043', '2016-12-11', 'CS0018', 21, 23, 1),
('A0023', 6001, 'P0045', '2016-12-30', 'CS0022', 46, 33, 0);

-- --------------------------------------------------------

--
-- Table structure for table `tbl_pet_discharge`
--

CREATE TABLE IF NOT EXISTS `tbl_pet_discharge` (
  `discharge_id` varchar(10) NOT NULL,
  `discharge_date` date NOT NULL,
  `assign_id` varchar(10) NOT NULL,
  `petOwner_name` varchar(50) NOT NULL,
  `nurse_id` varchar(10) NOT NULL,
  `total_payment` varchar(20) NOT NULL,
  `discount` varchar(10) NOT NULL,
  `vat` varchar(10) NOT NULL,
  `invoiced_total_payment` varchar(10) NOT NULL,
  `payment_type` varchar(20) NOT NULL,
  `cash_payment` varchar(20) NOT NULL,
  `card_type` varchar(10) NOT NULL,
  `credit_payment` varchar(20) NOT NULL,
  `firstLast_4digits` int(8) NOT NULL,
  `bank_name` varchar(20) NOT NULL,
  `status` int(1) NOT NULL,
  PRIMARY KEY (`discharge_id`)
) ENGINE=InnoDB DEFAULT CHARSET=latin1;

--
-- Dumping data for table `tbl_pet_discharge`
--

INSERT INTO `tbl_pet_discharge` (`discharge_id`, `discharge_date`, `assign_id`, `petOwner_name`, `nurse_id`, `total_payment`, `discount`, `vat`, `invoiced_total_payment`, `payment_type`, `cash_payment`, `card_type`, `credit_payment`, `firstLast_4digits`, `bank_name`, `status`) VALUES
('D0001', '2016-11-09', 'A0001', '  G.D.Amali Perera', '6001', '210.00', '0', '8', '226.80', 'cash_payment', '226.80', 'visa', '226.80', 0, '--Select--', 0),
('D0002', '2016-11-12', 'A0002', '  G.D.Amali Perera', '6001', '4725.00', '0', '8', '5103.00', 'credit_payment', '5103.00', 'master', '5103.00', 12345678, 'HSBC Bank', 0),
('D0003', '2016-11-13', 'A0003', '  G.D.Amali Perera', '6001', '5890.00', '0', '8', '6361.20', 'cash_payment', '6361.20', 'visa', '6361.20', 0, '--Select--', 0),
('D0004', '2016-11-18', 'A0004', '  G.D.Amali Perera', '6001', '3940.00', '0', '8', '4255.20', 'cash_payment', '4255.20', 'visa', '4255.20', 0, '--Select--', 0),
('D0005', '2016-11-25', 'A0005', '  G.D.Amali Perera', '6001', '14644.00', '12', '8', '13917.66', 'credit_payment', '13917.66', 'master', '13917.66', 23232323, 'Sampath Bank', 0),
('D0006', '2016-11-25', 'A0006', '  G.D.Amali Perera', '6001', '10720.00', '12', '8', '10188.29', 'cash_payment', '10188.29', 'visa', '10188.29', 0, '', 0),
('D0007', '2016-11-25', 'A0007', '  G.D.Amali Perera', '6001', '8970.00', '16', '8', '8137.58', 'cash_payment', '8137.58', 'visa', '8137.58', 0, '', 0),
('D0008', '2016-11-28', 'A0008', '  G.D.Amali Perera', '6001', '2170.00', '10', '8', '2109.24', 'cash_payment', '2109.24', 'visa', '2109.24', 0, '', 0),
('D0009', '2016-11-29', 'A0009', '  G.D.Amali Perera', '1212', '1810.00', '2', '8', '1915.70', 'cash_payment', '1915.70', 'visa', '1915.70', 0, '', 0),
('D0010', '2016-12-01', 'A0010', '  G.D.Amali Perera', '6001', '1970.00', '10', '8', '1914.84', 'cash_payment', '1914.84', 'visa', '1914.84', 0, '', 0),
('D0011', '2016-12-01', 'A0011', '  G.D.Amali Perera', '6001', '1800.00', '5', '8', '1846.80', 'credit_payment', '1846.80', 'master', '1846.80', 12312112, 'Sampath Bank', 0),
('D0012', '2016-12-01', 'A0012', '  G.D.Amali Perera', '6001', '1475.00', '2', '8', '1561.14', 'cash_payment', '1561.14', 'visa', '1561.14', 0, '', 0),
('D0013', '2016-12-09', 'A0013', 'G.D. Amali Perera', '6001', '1916.00', '5', '8', '1965.82', 'cash_payment', '1965.82', 'visa', '1965.82', 0, '', 0),
('D0014', '2016-12-09', 'A0014', 'G.D. Amali Perera', '6001', '1575.00', '2', '8', '1666.98', 'cash_payment', '1666.98', 'visa', '1666.98', 0, '', 0),
('D0015', '2016-12-10', 'A0015', 'G.D. Amali Perera', '6001', '1825.00', '5', '8', '1872.45', 'cash_payment', '1872.45', 'visa', '1872.45', 0, '', 0),
('D0016', '2016-12-10', 'A0016', 'G.D. Amali Perera', '6001', '1900.00', '5', '8', '1949.40', 'cash_payment', '1949.40', 'visa', '1949.40', 0, '', 0),
('D0017', '2016-12-10', 'A0017', 'H. Amanda Shalika', '6001', '1915.00', '5', '8', '1964.79', 'cash_payment', '1964.79', 'visa', '1964.79', 0, '', 0),
('D0018', '2016-12-10', 'A0021', 'G.D. Amali Perera', '6001', '2200.00', '5', '8', '2257.20', 'cash_payment', '2257.20', 'visa', '2257.20', 0, '', 0),
('D0019', '2016-12-11', 'A0022', 'A.B Nalaka Anand', '6001', '2321.00', '5', '8', '2381.35', 'cash_payment', '2381.35', 'visa', '2381.35', 0, '', 0);

-- --------------------------------------------------------

--
-- Table structure for table `tbl_pet_owner`
--

CREATE TABLE IF NOT EXISTS `tbl_pet_owner` (
  `petOwner_id` int(20) NOT NULL,
  `title` varchar(20) NOT NULL,
  `initials` varchar(20) NOT NULL,
  `first_name` varchar(80) NOT NULL,
  `last_name` varchar(80) NOT NULL,
  `full_name` varchar(100) NOT NULL,
  `email` varchar(80) NOT NULL,
  `nic` varchar(10) NOT NULL,
  `gender` varchar(15) NOT NULL,
  `address` varchar(150) NOT NULL,
  `city` varchar(100) NOT NULL,
  `mobile` varchar(10) NOT NULL,
  `telephone` varchar(10) NOT NULL,
  `petOwner_status` int(1) NOT NULL,
  PRIMARY KEY (`petOwner_id`)
) ENGINE=InnoDB DEFAULT CHARSET=latin1;

--
-- Dumping data for table `tbl_pet_owner`
--

INSERT INTO `tbl_pet_owner` (`petOwner_id`, `title`, `initials`, `first_name`, `last_name`, `full_name`, `email`, `nic`, `gender`, `address`, `city`, `mobile`, `telephone`, `petOwner_status`) VALUES
(3001, 'Mr.', 'B.D', 'Amalika', 'Jayathilaka', 'B.D Amalika Jayathilaka', 'chathushkahansani97@gmail.com', '912304537V', 'Female', 'No.9/A', 'Colombo', '0773130029', '0112345699', 0),
(3002, 'Mr.', 'A.P', 'Maya', 'Rathnayaka', 'A.P Maya Rathnayaka', 'chathushkahansani1@gmail.com', '912304567V', 'Female', 'brssyn5y75', 'Colombo', '0773130029', '0112345678', 1),
(3003, 'Mr.', 'A.P', 'Maya', 'Rathnayaka', 'A.P Maya Rathnayaka', 'chathushkahansani2@gmail.com', '912304567V', 'Female', 'JYKGBFR Iqfbct', 'Colombo', '0773130029', '0112345678', 1),
(3004, 'Mr.', 'A.P', 'Maya', 'Rathnayaka', 'A.P Maya Rathnayaka', 'chathushkahansani3@gmail.com', '912304567V', 'Female', 'likun tgLN W7R', 'Colombo', '0773130029', '0112345678', 1),
(3005, 'Mr.', 'A.P', 'Maya', 'Rathnayaka', 'A.P Maya Rathnayaka', 'chathushkahansani4@gmail.com', '912304567V', 'Female', 'uog np ayfrnc4t', 'Colombo', '0773130029', '0112345678', 1),
(3006, 'Mr.', 'A.P', 'Maya', 'Rathnayaka', 'A.P Maya Rathnayaka', 'chathushkahansani5@gmail.com', '912304567V', 'Female', 'fbtdcbc', 'Colombo', '0773130029', '0112345678', 0),
(3007, 'Mr.', 'A.P', 'Maya', 'Rathnayaka', 'A.P Maya Rathnayaka', 'chathushkahansani6@gmail.com', '912304567V', 'Female', 'fgydrte safdg rhkjui', 'Colombo', '0773130029', '0112345678', 0),
(3008, 'Mr.', 'A.P', 'Maya', 'Rathnayaka', 'A.P Maya Rathnayaka', 'chathushkahansani7@gmail.com', '912304567V', 'Female', 'hyjkbgc fght yukil', 'Colombo', '0773130029', '0112345678', 1),
(3009, 'Mr.', 'A.P', 'Maya', 'Rathnayaka', 'A.P Maya Rathnayaka', 'chathushkahansani8@gmail.com', '912304567V', 'Female', 'hfrty kftfkfy', 'Colombo', '0773130029', '0112345678', 1),
(3010, 'Mr.', 'A.B', 'Samar', 'Anand', 'A.B Samar Anand', 'chathushkahansani9@gmail.com', '921011111V', 'Female', 'N0.50/B', 'Malambe', '0773130029', '0112345678', 1),
(3011, 'Mr.', 'A.B', 'Samar', 'Anand', 'A.B Samar Anand', 'chathushkahansani10@gmail.com', '921011111V', 'Female', 'N0.50/B', 'Malambe', '0773130029', '0112345678', 0),
(3012, 'Mr.', 'A.B', 'Malaka', 'Silva', 'A.B Malaka Silva', 'chathushkahansnai11@gmail.com', '921011111V', 'Female', 'No.23/B', 'Athurugiriya', '0773130029', '0112345678', 0),
(3013, 'Mr.', 'A.B', 'Malaka', 'Silva', 'A.B Malaka Silva', 'chathushkahansnai12@gmail.com', '921011111V', 'Female', 'No.23/B', 'Athurugiriya', '0773130029', '0112345678', 0),
(3014, 'Mr.', 'A.B', 'Nalaka', 'Anand', 'A.B Nalaka Anand', 'chathushkahansani13@gmail.com', '921011111V', 'Male', 'No.3/A', 'Colombo', '0773130029', '0112345678', 1),
(3015, 'Mr.', 'A.B', 'Samar', 'Silva', 'A.B Samar Silva', 'chathushkahansani14@gmail.com', '921011111V', 'Male', 'No. 8/B', 'Malambe', '0773130029', '0112345678', 0),
(3016, 'Mr.', 'A.B', 'Amal', 'Anand', 'A.B Amal Anand', 'chathushkahansani15@gmail.com', '921011111V', 'Female', 'No.09/B', 'Malambe', '0773130020', '0112345678', 0),
(3017, 'Mr.', 'G.D.', 'Amali', 'Perera', 'G.D. Amali Perera', 'chathushkacomm@gmail.com', '927901234V', '0', 'No.02/B, Kaduwela', 'Kaduwela', '0773130029', '0112356987', 0),
(3018, 'Mr.', 'A.B', 'Amal', 'Anand', 'A.B Amal Anand', 'chathushkahansani17@gmail.com', '921011111V', 'Male', 'No.9/B', 'Malambe', '0773130020', '0112345678', 0),
(3019, 'Mr.', 'A.B', 'Amal', 'Anand', 'A.B Amal Anand', 'chathushkahansani18@gmail.com', '921011111V', 'Female', 'N0.9', 'Malambe', '0773130029', '0112345678', 0),
(3020, 'Mr.', 'A.B', 'Malaka', 'Silva', 'A.B Malaka Silva', 'chathushkahansnai19@gmail.com', '921011111V', 'Male', 'No.05', 'Athurugiriya', '0773130020', '0112345678', 0),
(3021, 'Mrs.', 'A.p', 'Amanda', 'Jayathilaka', 'A.p Amanda Jayathilaka', 'chathushkahansani20@gmail.com', '921011111V', 'Male', 'No.05,\r\n', 'Malambe', '0773130029', '0112345678', 0),
(3022, 'Mrs.', 'A.p', 'Amanda', 'Jayathilaka', 'A.p Amanda Jayathilaka', 'chathushkahansani21@gmail.com', '921011111V', 'Male', 'No.05,\r\n', 'Malambe', '0773130029', '0112345678', 0),
(3023, 'Mrs.', 'A.D', 'Sakuni', 'Perera', 'A.D Sakuni Perera', 'chathushkahansani22@gmail.com', '121212212V', 'Female', 'No. 05 ', 'Athurugiriya', '0773130029', '0112345678', 0),
(3024, 'Mrs.', 'G.D', 'Chathu', 'Hansani', 'G.D Chathu Hansani', 'chathushkahansani23@gmail.com', '927901234V', 'Female', 'No.05', 'Colombo', '0773130029', '0112345678', 0),
(3025, 'Mrs.', 'A.B', 'Amal', 'Hansani', 'A.B Amal Hansani', 'chathushkahansani24@gmail.com', '121212212V', 'Female', 'tgtggtrg', 'Malambe', '0773130029', '0112345678', 0),
(3026, 'Mr.', 'A.p', 'Amanda', 'Hansani', 'A.p Amanda Hansani', 'chathushkahansani25@gmail.com', '121212212V', 'Female', 'fdefe', 'Malambe', '0773130029', '0112345678', 0),
(3027, 'Mr.', 'A.p', 'Amal', 'Perera', 'A.p Amal Perera', 'ggggggg@yy.lk', '927901254V', 'Male', 'no.05', 'Malambe', '0773130029', '0112345678', 0),
(3028, 'Mr.', 'A.B', 'Chathushka', 'Hansani', 'A.B Chathushka Hansani', 'shalikacomm@gmail.com', '927901264V', 'Female', 'No.05', 'Colombo', '0773130029', '0112345678', 0),
(3029, 'Mrs.', 'H.A', 'Hema', 'Perera', 'H.A Hema Perera', 'vpintoj@gmail.com', '912323232V', 'Female', 'No:05/B', 'Malambe', '0773130029', '0112323233', 0),
(3030, 'Mr.', 'A', 'Thilan', 'Udalagama', 'A Thilan Udalagama', 'abc@gmail.com', '123123123V', 'Male', 'erwerew', 'Kandy', '1231231231', '1231231231', 0),
(3031, 'Miss.', 'H.K', 'Chathushi', 'Perera', 'H.K Chathushi Perera', 'shalikaedu@gmail.com', '912547898V', 'Female', 'No:05/L', 'Kadulewa', '0713623596', '0112323233', 0),
(3032, 'Miss.', 'K.P.', 'Naynatha', 'Sumanasekara', 'K.P. Naynatha Sumanasekara', 'nayanatharanadeeshani3@gmail.com', '', 'Female', 'No:05/B', 'Arangala', '0773130029', '0112323233', 0),
(3033, 'Mrs.', 'A.P', 'Malki', 'Subasinghe', 'A.P Malki Subasinghe', 'chathushkacommm@gmail.com', '927901299V', 'Female', 'No:05/A', 'Nawagamuwa', '0773130029', '0112323233', 0),
(3034, 'Mr.', 'G.D', 'Ravishka', 'Iroshana', 'G.D Ravishka Iroshana', 'ravi@gmail.com', '956232156V', 'Male', 'No:05/B,Jayasinghe Mawatha,Malmbe', 'Malambe', '0773130029', '0112345678', 0),
(3035, 'Miss.', 'A.M.', 'Chathushi', 'Hansani', 'A.M. Chathushi Hansani', 'chathushkahansani963@gmail.com', '956235156V', 'Female', 'No:05/C', 'Athurugiriya', '0773130029', '0112345678', 0),
(3036, 'Miss.', 'A.M.', 'Amaya', 'Perera', 'A.M. Amaya Perera', 'chathushkahansani963@gmail.com', '956256156V', 'Female', 'No:05/C, Rose avenue, Malambe', 'Malambe', '0773130029', '0112345678', 0),
(3037, 'Miss.', 'H.', 'Amanda', 'Shalika', 'H. Amanda Shalika', 'shalikaedu@gmail.com', '956235856V', 'Male', 'No:05/B, \r\nKaduwela', 'Ihalabomiriya', '0773130029', '0112345678', 0),
(3038, 'Miss.', 'S.L', 'Jayani', 'Athukorala', 'S.L Jayani Athukorala', 'chathushkahansani@gmail.com', '912304597V', 'Female', 'No:10/C,\r\nRose Avenue,\r\nMalambe', 'Malambe', '0773130029', '0112345678', 0),
(3039, 'Mrs.', 'H.', 'Amanda', 'Shalika', 'H. Amanda Shalika', 'ravishka123iroshana@gmail.com', '927901894V', 'Male', 'No:05/B, Malabe', 'Malabe', '0773130029', '0112365478', 0),
(3040, 'Mr.', 'A.L', 'Janaka', 'Silva', 'A.L Janaka Silva', 'ravisara123madduma@gmail.com', '927561234V', 'Male', 'No:05/B, Malabe', 'Malabe', '0773130029', '0112365478', 0);

-- --------------------------------------------------------

--
-- Table structure for table `tbl_pet_petowner_relationship`
--

CREATE TABLE IF NOT EXISTS `tbl_pet_petowner_relationship` (
  `petOwner_id` int(10) NOT NULL,
  `pet_id` int(10) NOT NULL,
  `pet_pOwner_status` int(1) NOT NULL,
  PRIMARY KEY (`petOwner_id`,`pet_id`)
) ENGINE=InnoDB DEFAULT CHARSET=latin1;

--
-- Dumping data for table `tbl_pet_petowner_relationship`
--

INSERT INTO `tbl_pet_petowner_relationship` (`petOwner_id`, `pet_id`, `pet_pOwner_status`) VALUES
(3014, 5005, 0),
(3017, 5001, 0),
(3017, 5002, 0),
(3017, 5003, 0),
(3017, 5004, 0),
(3017, 5006, 1),
(3017, 5007, 1),
(3017, 5008, 0),
(3017, 5009, 0),
(3017, 5010, 0),
(3017, 5011, 0),
(3017, 5012, 0),
(3017, 5014, 0),
(3017, 5015, 0),
(3017, 5016, 0),
(3017, 5017, 0),
(3017, 5018, 0),
(3017, 5019, 0),
(3017, 5020, 0),
(3017, 5021, 0),
(3017, 5022, 0),
(3017, 5026, 0),
(3017, 5028, 1),
(3017, 5029, 0),
(3017, 5034, 0),
(3017, 5035, 1),
(3017, 5036, 0),
(3035, 5023, 0),
(3035, 5024, 0),
(3036, 5025, 0),
(3038, 5027, 0),
(3039, 5030, 0),
(3039, 5031, 0),
(3039, 5032, 0),
(3039, 5033, 0);

-- --------------------------------------------------------

--
-- Table structure for table `tbl_pet_treatment_notes`
--

CREATE TABLE IF NOT EXISTS `tbl_pet_treatment_notes` (
  `note_id` varchar(10) NOT NULL,
  `nurse_id` int(10) NOT NULL,
  `assign_id` varchar(10) NOT NULL,
  `created_date` date NOT NULL,
  `current_status_pet` varchar(50) NOT NULL,
  `current_status_value` int(11) NOT NULL,
  `note` varchar(500) NOT NULL,
  `status` int(1) NOT NULL,
  PRIMARY KEY (`note_id`)
) ENGINE=InnoDB DEFAULT CHARSET=latin1;

--
-- Dumping data for table `tbl_pet_treatment_notes`
--

INSERT INTO `tbl_pet_treatment_notes` (`note_id`, `nurse_id`, `assign_id`, `created_date`, `current_status_pet`, `current_status_value`, `note`, `status`) VALUES
('N0001', 6001, 'A0001', '2016-11-09', 'Average', 25, 'vaccines given 7.30 PM', 1),
('N0002', 6001, 'A0008', '2016-11-09', 'Good', 50, 'drugs given at 8.30PM.', 1),
('N0003', 6001, 'A0002', '2016-11-09', 'Low', 10, 'Drugs given at 7.30PM', 1),
('N0004', 6001, 'A0003', '2016-11-09', 'Average', 25, 'Drugs and vaccines given at 6.30PM', 1),
('N0005', 6001, 'A0007', '2016-11-09', 'Average', 25, 'Vaccine given ', 1),
('N0006', 6001, 'A0004', '2016-11-18', 'Low', 10, 'drugs given\r\nvaccines give at 4.30PM', 1),
('N0007', 6001, 'A0006', '2016-11-18', 'Average', 25, 'drugs given 4.30PM', 1),
('N0008', 6001, 'A0005', '2016-11-19', 'Better', 75, 'vaccines given 3.30PM', 1),
('N0009', 0, 'A0009', '2016-11-28', 'Average', 25, 'vaccines given 4.30PM', 1),
('N0010', 6001, 'A0013', '2016-12-09', 'Average', 25, 'Drug given', 1),
('N0011', 6001, 'A0018', '2016-12-10', 'Good', 50, 'Medications given \r\nvaccines given', 0),
('N0012', 6001, 'A0019', '2016-12-10', 'Average', 25, 'Medication Given at 6.30AM', 0),
('N0013', 6001, 'A0020', '2016-12-10', 'Low', 10, 'Vaccines given', 0);

-- --------------------------------------------------------

--
-- Table structure for table `tbl_pharmacist`
--

CREATE TABLE IF NOT EXISTS `tbl_pharmacist` (
  `pharmacist_id` varchar(20) NOT NULL,
  `reg_number` varchar(20) NOT NULL,
  `title` varchar(5) NOT NULL,
  `initials` varchar(10) NOT NULL,
  `first_name` varchar(50) NOT NULL,
  `last_name` varchar(50) NOT NULL,
  `full_name` varchar(100) NOT NULL,
  `dob` date NOT NULL,
  `email` varchar(100) NOT NULL,
  `nic` varchar(10) NOT NULL,
  `gender` varchar(10) NOT NULL,
  `address` varchar(100) NOT NULL,
  `mobile` varchar(10) NOT NULL,
  `telephone` varchar(10) NOT NULL,
  `image_ext` varchar(10) NOT NULL,
  `pharmacist_status` int(1) NOT NULL,
  PRIMARY KEY (`pharmacist_id`)
) ENGINE=InnoDB DEFAULT CHARSET=latin1;

--
-- Dumping data for table `tbl_pharmacist`
--

INSERT INTO `tbl_pharmacist` (`pharmacist_id`, `reg_number`, `title`, `initials`, `first_name`, `last_name`, `full_name`, `dob`, `email`, `nic`, `gender`, `address`, `mobile`, `telephone`, `image_ext`, `pharmacist_status`) VALUES
('1212', '', 'Admin', 'G.D.', 'Chathushka', 'Hansani', 'G.D.Chathushka Hansani', '1992-10-16', 'chathushkahansani@gmail.com', '927901234V', 'Female', 'No:318/8, \r\nhokandara East,\r\nHokandara.', '0773130029', '0112365478', '', 0),
('PH0001', 'P1236', 'Miss.', 'K.P', 'Jayani', 'De Silva', 'K.P Jayani De Silva', '1999-06-26', 'chathushkahansani@gmail.com', '927901234V', 'Female', 'No:05/B', '0773130025', '0112456728', 'PH0001.png', 0),
('PH0002', 'P0032', 'Mr.', 'P.L', 'Amanda', 'Shalika', 'P.L Amanda Shalika', '2000-09-01', 'chathushkahansani@gmail.com', '927901236V', 'Male', 'no:02', '0773130030', '0112345678', 'PH0002.jpg', 1),
('PH0003', 'P0038', 'Mr.', 'A.L.', 'Amal', 'Jayarathne', 'A.L. Amal Jayarathne', '2000-02-16', 'shalikacomm@gmail.com', '927901254V', 'Male', 'No:05/M,\r\nUdawatta road,\r\nKaduwela.', '0773130029', '0112365478', 'PH0003.jpg', 0);

-- --------------------------------------------------------

--
-- Table structure for table `tbl_pharmacy_items`
--

CREATE TABLE IF NOT EXISTS `tbl_pharmacy_items` (
  `item_id` varchar(10) NOT NULL,
  `generic_name` varchar(50) NOT NULL,
  `brand_name` varchar(50) NOT NULL,
  `strength` varchar(20) NOT NULL,
  `selling_price` decimal(10,2) NOT NULL,
  `category_id` varchar(50) NOT NULL,
  `measuring_unit_id` varchar(10) NOT NULL,
  `re_order_level` int(11) NOT NULL,
  `stock` int(11) NOT NULL,
  `item_status` int(1) NOT NULL,
  PRIMARY KEY (`item_id`)
) ENGINE=InnoDB DEFAULT CHARSET=latin1;

--
-- Dumping data for table `tbl_pharmacy_items`
--

INSERT INTO `tbl_pharmacy_items` (`item_id`, `generic_name`, `brand_name`, `strength`, `selling_price`, `category_id`, `measuring_unit_id`, `re_order_level`, `stock`, `item_status`) VALUES
('I0001', 'Heartgard Plus', 'Iverhart Plus', '150', '25.00', 'PC0002', 'MU0001', 100, 199, 0),
('I0002', 'Rimadyl', 'Novox Caplets (carprofen)', '100', '20.00', 'PC0003', 'MU0001', 100, 176, 0),
('I0003', 'Soloxine', 'Thyro-Tabs (L-Thyroxine)', '200', '22.00', 'PC0002', 'MU0001', 100, 490, 0),
('I0004', 'Enacard', 'Enalapril', '200', '25.00', 'PC0002', 'MU0001', 100, 200, 0),
('I0005', 'Salix', 'Furosemide', '150', '25.00', 'PC0003', 'MU0001', 100, 200, 0),
('I0006', ' Atopica', 'Cyclosporine', '200', '25.00', 'PC0004', 'MU0003', 100, 0, 0),
('I0007', 'Frontline Plus', 'NexGard', '200', '20.00', 'PC0002', 'MU0001', 100, 0, 0),
('I0008', 'Sentinel', 'Seresto', '150', '20.00', 'PC0002', 'MU0001', 100, 280, 0),
('I0009', 'Revolution', 'Bravecto', '200', '200.00', 'PC0003', 'MU0003', 20, 14, 0);

-- --------------------------------------------------------

--
-- Table structure for table `tbl_pharmacy_stock`
--

CREATE TABLE IF NOT EXISTS `tbl_pharmacy_stock` (
  `id` int(11) NOT NULL AUTO_INCREMENT,
  `stock_id` varchar(10) NOT NULL,
  `item_id` varchar(10) NOT NULL,
  `batch_id` varchar(10) NOT NULL,
  `expire_date` date NOT NULL,
  `quantity` int(10) NOT NULL,
  `date_added` date NOT NULL,
  `stock_status` int(1) NOT NULL,
  PRIMARY KEY (`id`)
) ENGINE=InnoDB  DEFAULT CHARSET=latin1 AUTO_INCREMENT=30 ;

--
-- Dumping data for table `tbl_pharmacy_stock`
--

INSERT INTO `tbl_pharmacy_stock` (`id`, `stock_id`, `item_id`, `batch_id`, `expire_date`, `quantity`, `date_added`, `stock_status`) VALUES
(1, 'S0001', 'I0001', 'B0001', '2017-01-06', 0, '2016-09-18', 1),
(2, 'S0001', 'I0002', 'B0001', '2017-02-17', 0, '2016-09-18', 1),
(3, 'S0001', 'I0003', 'B0001', '2017-04-14', 0, '2016-09-18', 1),
(4, 'S0002', 'I0001', 'B0002', '2017-06-24', 0, '2016-09-18', 1),
(5, 'S0002', 'I0002', 'B0002', '2017-08-25', 0, '2016-09-18', 1),
(6, 'S0002', 'I0003', 'B0002', '2017-09-07', 0, '2016-09-18', 1),
(7, 'S0003', 'I0005', 'B0001', '2017-08-05', 0, '2016-09-26', 0),
(8, 'S0003', 'I0002', 'B0003', '2017-02-23', 0, '2016-09-26', 1),
(9, 'S0004', 'I0007', 'B0001', '2017-02-14', 9, '2016-10-23', 1),
(10, 'S0005', 'I0001', 'B0003', '2017-07-12', 0, '2016-10-24', 1),
(11, 'S0006', 'I0002', 'B0004', '2017-04-16', 0, '2016-11-18', 1),
(12, 'S0006', 'I0001', 'B0004', '2017-04-06', 0, '2016-11-18', 1),
(13, 'S0007', 'I0001', 'B0005', '2017-05-10', 0, '2016-11-18', 1),
(14, 'S0008', 'I0003', 'B0003', '2017-04-19', 0, '2016-11-18', 1),
(15, 'S0009', 'I0001', 'B0006', '2017-02-11', 0, '2016-11-26', 1),
(16, 'S0010', 'I0001', 'B0007', '2016-12-16', 0, '2016-11-26', 1),
(17, 'S0011', 'I0002', 'B0005', '2016-12-16', 0, '2016-11-28', 1),
(18, 'S0011', 'I0003', 'B0004', '2016-12-02', 0, '2016-11-28', 1),
(19, 'S0011', 'I0004', 'B0001', '2016-11-30', 0, '2016-11-28', 1),
(20, 'S0012', 'I0009', 'B0001', '2017-06-16', 14, '2016-11-28', 0),
(21, 'S0012', 'I0002', 'B0006', '2017-02-23', 0, '2016-11-28', 1),
(22, 'S0013', 'I0001', 'B0008', '2017-07-14', 199, '2016-12-10', 0),
(23, 'S0013', 'I0005', 'B0002', '2017-06-24', 200, '2016-12-10', 0),
(24, 'S0014', 'I0004', 'B0003', '2017-07-13', 200, '2016-12-10', 0),
(25, 'S0014', 'I0007', 'B0002', '2017-07-16', 200, '2016-12-10', 1),
(26, 'S0014', 'I0008', 'B0001', '2017-09-14', 280, '2016-12-10', 0),
(27, 'S0014', 'I0003', 'B0005', '2017-06-16', 190, '2016-12-10', 0),
(28, 'S0015', 'I0002', 'B0007', '2017-09-20', 176, '2016-12-30', 0),
(29, 'S0015', 'I0003', 'B0006', '2017-05-11', 300, '2016-12-30', 0);

-- --------------------------------------------------------

--
-- Table structure for table `tbl_prescription`
--

CREATE TABLE IF NOT EXISTS `tbl_prescription` (
  `pres_id` varchar(20) NOT NULL,
  `doctor_id` int(10) NOT NULL,
  `date` date NOT NULL,
  `appointment_no` varchar(10) NOT NULL,
  `petOwner_id` varchar(20) NOT NULL,
  `petOwner_name` varchar(50) NOT NULL,
  `pet_id` varchar(20) NOT NULL,
  `weight` varchar(20) NOT NULL,
  `height` varchar(20) NOT NULL,
  `diagnose` varchar(60) NOT NULL,
  `description` varchar(100) NOT NULL,
  `payment_type` varchar(50) NOT NULL,
  `vaccine_fee` decimal(10,2) NOT NULL,
  `doctor_fee` decimal(10,2) NOT NULL,
  `hospital_fee` decimal(10,2) NOT NULL,
  `total_cash_payment` decimal(10,2) NOT NULL,
  `card` varchar(20) NOT NULL,
  `first_4digits_last_4digits` int(8) NOT NULL,
  `bank_name` varchar(50) NOT NULL,
  `total_credit_payment` decimal(10,2) NOT NULL,
  `invoiced_total_payment` decimal(10,2) NOT NULL,
  `admit_pet_status` int(1) NOT NULL,
  `status` int(1) NOT NULL,
  PRIMARY KEY (`pres_id`)
) ENGINE=InnoDB DEFAULT CHARSET=latin1;

--
-- Dumping data for table `tbl_prescription`
--

INSERT INTO `tbl_prescription` (`pres_id`, `doctor_id`, `date`, `appointment_no`, `petOwner_id`, `petOwner_name`, `pet_id`, `weight`, `height`, `diagnose`, `description`, `payment_type`, `vaccine_fee`, `doctor_fee`, `hospital_fee`, `total_cash_payment`, `card`, `first_4digits_last_4digits`, `bank_name`, `total_credit_payment`, `invoiced_total_payment`, `admit_pet_status`, `status`) VALUES
('P0001', 4036, '2016-11-03', '2', '3017', '  G.D.Amali Perera', '5003', '50', '21', 'skin rash', 'frdghjkl;''./P', 'cash_payment', '750.00', '0.00', '0.00', '750.00', '', 0, '', '750.00', '750.00', 1, 0),
('P0002', 4036, '2016-11-04', '2', '3017', '  G.D.Amali Perera', '5003', '20', '14', 'Skin Rash', 'asdfghjkl.\r\ndfbgfnhmj,kl.o;p', 'credit_payment', '750.00', '0.00', '0.00', '750.00', 'visa', 12345678, 'Sampath Bank', '750.00', '750.00', 1, 0),
('P0003', 4036, '2016-11-08', '2', '3017', '  G.D.Amali Perera', '5001', '30', '21', 'skin rash', 'dfgthyjk', 'credit_payment', '750.00', '0.00', '0.00', '750.00', 'visa', 12345678, 'Sampath Bank', '750.00', '750.00', 1, 0),
('P0004', 4036, '2016-11-10', '3', '3017', '  G.D.Amali Perera', '5006', '30', '20', 'Skin rash', 'vaccines given\r\n red dots in skin', 'cash_payment', '750.00', '0.00', '0.00', '750.00', '', 0, '', '750.00', '750.00', 1, 0),
('P0005', 4036, '2016-11-13', '', '3017', '  G.D.Amali Perera', '5003', '27', '15', 'Skin rash', 'red dots in skin', 'credit_payment', '700.00', '500.00', '300.00', '1500.00', 'master', 12345678, 'HSBC Bank', '1500.00', '1500.00', 1, 0),
('P0006', 4036, '2016-11-13', '', '3017', '  G.D.Amali Perera', '5002', '50', '21', 'Blood Parasites', 'qwdefgtyumn ', 'cash_payment', '750.00', '500.00', '300.00', '1550.00', 'visa', 0, 'Select an Option', '1550.00', '1550.00', 1, 0),
('P0007', 4036, '2016-11-13', '3', '3017', '  G.D.Amali Perera', '5004', '25', '21', 'Blood Parasites', 'wder4t5y6u78ik,m', 'credit_payment', '750.00', '0.00', '0.00', '750.00', 'master', 12345678, 'Sampath Bank', '750.00', '750.00', 1, 0),
('P0008', 4036, '2016-11-13', '', '3017', '  G.D.Amali Perera', '5002', '50', '21', 'Blood Parasites', 'qwertgyuio', 'cash_payment', '750.00', '500.00', '300.00', '1550.00', 'visa', 0, 'Select an Option', '1550.00', '1550.00', 1, 0),
('P0009', 4036, '2016-11-13', '2', '3017', '  G.D.Amali Perera', '5002', '20', '20', '', 'dfghjk,l.;/''\r\n', 'cash_payment', '750.00', '0.00', '0.00', '750.00', 'visa', 0, 'Select an Option', '750.00', '750.00', 1, 0),
('P0010', 4036, '2016-11-13', '', '3017', '  G.D.Amali Perera', '5011', '20', '21', '', 'sdfgtyhujkl', 'cash_payment', '350.00', '500.00', '300.00', '1150.00', 'visa', 0, 'Select an Option', '1150.00', '1150.00', 1, 0),
('P0011', 4036, '2016-11-13', '', '3017', '  G.D.Amali Perera', '5006', '50', '21', 'Skin rash', 'dfcghbjklm;', 'cash_payment', '700.00', '500.00', '300.00', '1500.00', 'visa', 0, 'Select an Option', '1500.00', '1500.00', 1, 0),
('P0012', 4036, '2016-11-13', '3', '3017', '  G.D.Amali Perera', '5010', '23', '12', '', 'vaccines given', 'credit_payment', '350.00', '0.00', '0.00', '350.00', 'master', 23456789, 'Sampath Bank', '350.00', '350.00', 1, 0),
('P0013', 4036, '2016-11-13', '', '3017', '  G.D.Amali Perera', '5006', '35', '21', 'Blood Parasites', 'early symptoms ', 'cash_payment', '400.00', '500.00', '300.00', '1200.00', 'visa', 0, 'Select an Option', '1200.00', '1200.00', 1, 0),
('P0014', 4036, '2016-11-13', '2', '3017', '  G.D.Amali Perera', '5007', '30', '21', '', 'nothing special', 'cash_payment', '350.00', '0.00', '0.00', '350.00', 'visa', 0, 'Select an Option', '350.00', '350.00', 1, 0),
('P0015', 4036, '2016-11-13', '', '3017', '  G.D.Amali Perera', '5010', '8', '12', 'Fever', 'light fever', 'credit_payment', '350.00', '500.00', '300.00', '1150.00', 'master', 12345678, 'Sampath Bank', '1150.00', '1150.00', 1, 0),
('P0016', 4036, '2016-11-13', '6', '3017', '  G.D.Amali Perera', '5008', '50', '31', '', 'anti rabies vaccine given', 'credit_payment', '400.00', '0.00', '0.00', '400.00', 'master', 12345678, 'Nations Trust Bank', '400.00', '400.00', 1, 0),
('P0017', 4036, '2016-11-13', '', '3017', '  G.D.Amali Perera', '5006', '30', '21', 'Skin Rash', 'red dots in skin', 'cash_payment', '400.00', '500.00', '300.00', '1200.00', 'visa', 0, 'Select an Option', '1200.00', '1200.00', 1, 0),
('P0018', 4036, '2016-11-15', '', '3017', '  G.D.Amali Perera', '5012', '50', '31', 'Skin rash', 'red dots in skin', 'credit_payment', '400.00', '500.00', '300.00', '1200.00', 'master', 12345678, 'Sampath Bank', '1200.00', '1200.00', 1, 0),
('P0019', 4036, '2016-11-15', '9', '3017', '  G.D.Amali Perera', '5001', '42', '25', '', 'vaccine given', 'cash_payment', '400.00', '0.00', '0.00', '400.00', 'visa', 0, 'Select an Option', '400.00', '400.00', 1, 0),
('P0020', 4036, '2016-11-15', '', '3017', '  G.D.Amali Perera', '5016', '30', '21', 'Fever', 'fgvhjkll.', 'cash_payment', '0.00', '500.00', '300.00', '800.00', 'visa', 0, 'Select an Option', '800.00', '800.00', 1, 0),
('P0021', 4036, '2016-11-15', '', '3017', '  G.D.Amali Perera', '5014', '50', '', 'Skin Rash', 'skin rash', 'cash_payment', '0.00', '500.00', '300.00', '800.00', 'visa', 0, 'Select an Option', '800.00', '800.00', 1, 0),
('P0022', 4036, '2016-11-15', '3', '3017', '  G.D.Amali Perera', '5011', '12', '', '', '1st vaccine given', 'cash_payment', '350.00', '0.00', '0.00', '350.00', 'visa', 0, 'Select an Option', '350.00', '350.00', 1, 0),
('P0023', 4036, '2016-11-15', '9', '3017', '  G.D.Amali Perera', '5008', '53', '21', 'Skin Rash', 'skin rash', 'cash_payment', '0.00', '0.00', '0.00', '0.00', 'visa', 0, 'Select an Option', '0.00', '0.00', 1, 0),
('P0024', 4036, '2016-11-15', '3', '3017', '  G.D.Amali Perera', '5011', '14', '', '', 'dfgbhnm,./', 'cash_payment', '350.00', '0.00', '0.00', '350.00', 'visa', 0, 'Select an Option', '350.00', '350.00', 1, 0),
('P0025', 4036, '2016-11-18', '3', '3017', '  G.D.Amali Perera', '5006', '50', '31', 'Skin rash', 'red dots in skin', 'credit_payment', '400.00', '0.00', '0.00', '400.00', 'master', 12345678, 'Commercial Bank', '400.00', '400.00', 1, 0),
('P0026', 4036, '2016-11-18', '', '3017', '  G.D.Amali Perera', '5007', '50', '31', '', 'vaccine given', 'cash_payment', '400.00', '500.00', '300.00', '1200.00', 'visa', 0, 'Select an Option', '1200.00', '1200.00', 1, 1),
('P0027', 4036, '2016-11-18', '', '3017', '  G.D.Amali Perera', '5010', '42', '15', '', 'vaccine given', 'cash_payment', '350.00', '500.00', '300.00', '1150.00', 'visa', 0, 'Select an Option', '1150.00', '1150.00', 1, 0),
('P0028', 4036, '2016-11-24', '', '3017', '  G.D.Amali Perera', '5002', '50', '30', 'Blood Parasites', 'vaccine given', 'cash_payment', '400.00', '500.00', '300.00', '1200.00', 'visa', 0, '', '1200.00', '1200.00', 1, 0),
('P0029', 4036, '2016-11-30', '', '3017', '  G.D.Amali Perera', '5014', '45', '23', 'Fever', '', 'cash_payment', '0.00', '500.00', '300.00', '800.00', 'visa', 0, '', '800.00', '800.00', 1, 0),
('P0030', 4036, '2016-11-30', '', '3017', '  G.D.Amali Perera', '5004', '50', '21', '', '', 'credit_payment', '750.00', '500.00', '300.00', '1550.00', 'master', 123546, 'HSBC Bank', '1550.00', '1550.00', 1, 0),
('P0031', 4036, '2016-11-30', '', '3017', '  G.D.Amali Perera', '5010', '12', '11', '', '', 'cash_payment', '350.00', '500.00', '300.00', '1150.00', 'visa', 0, '', '1150.00', '1150.00', 1, 0),
('P0032', 4036, '2016-11-30', '', '3017', '  G.D.Amali Perera', '5004', '30', '21', '', '', 'cash_payment', '400.00', '500.00', '300.00', '1200.00', 'visa', 0, '', '1200.00', '1200.00', 1, 0),
('P0033', 4036, '2016-11-30', '', '3017', '  G.D.Amali Perera', '5011', '15', '12', '', '', 'cash_payment', '0.00', '500.00', '300.00', '800.00', 'visa', 0, '', '800.00', '800.00', 1, 0),
('P0034', 4036, '2016-12-01', '', '3017', '  G.D.Amali Perera', '5006', '55', '32', '', '', 'cash_payment', '400.00', '500.00', '300.00', '1200.00', 'visa', 0, '', '1200.00', '1200.00', 1, 0),
('P0035', 4036, '2016-12-01', '', '3017', '  G.D.Amali Perera', '5007', '50', '32', '', '', 'cash_payment', '400.00', '500.00', '300.00', '1200.00', 'visa', 0, '', '1200.00', '1200.00', 1, 0),
('P0036', 4036, '2016-12-01', '', '3017', '  G.D.Amali Perera', '5008', '50', '36', '', '', 'cash_payment', '400.00', '500.00', '300.00', '1200.00', 'visa', 0, '', '1200.00', '1200.00', 1, 0),
('P0037', 4036, '2016-12-09', '', '3017', 'G.D. Amali Perera', '5011', '0.5', '10', '', 'vaccines given', 'cash_payment', '350.00', '500.00', '300.00', '1150.00', 'visa', 0, '', '1150.00', '1150.00', 1, 0),
('P0038', 4036, '2016-12-09', '', '3017', 'G.D. Amali Perera', '5012', '50', '21', '', 'Vaccines given', 'cash_payment', '400.00', '500.00', '300.00', '1200.00', 'visa', 0, '', '1200.00', '1200.00', 1, 0),
('P0039', 4036, '2016-12-10', '6', '3039', 'H. Amanda Shalika', '5030', '10', '16', 'Skin rash', 'vaccine given', 'cash_payment', '350.00', '0.00', '0.00', '350.00', 'visa', 0, '', '350.00', '350.00', 1, 0),
('P0040', 4036, '2016-12-10', '', '3039', 'H. Amanda Shalika', '5031', '10', '14', 'Skin Rash', '', 'cash_payment', '350.00', '500.00', '300.00', '1150.00', 'visa', 0, '', '1150.00', '1150.00', 1, 0),
('P0041', 4036, '2016-12-10', '', '3017', 'G.D. Amali Perera', '5019', '8', '13', 'Blood Parasites', '', 'cash_payment', '0.00', '500.00', '300.00', '800.00', 'visa', 0, '', '800.00', '800.00', 1, 0),
('P0042', 4036, '2016-12-10', '3', '3017', 'G.D. Amali Perera', '5003', '25', '21', '', '', 'cash_payment', '350.00', '0.00', '0.00', '350.00', 'visa', 0, '', '350.00', '350.00', 1, 0),
('P0043', 4036, '2016-12-10', '', '3014', 'A.B Nalaka Anand', '5005', '42', '33', '', '', 'cash_payment', '400.00', '500.00', '300.00', '1200.00', 'visa', 0, '', '1200.00', '1200.00', 1, 0),
('P0044', 4036, '2016-12-10', '6', '3017', 'G.D. Amali Perera', '5007', '50', '33', '', '', 'cash_payment', '400.00', '0.00', '0.00', '400.00', 'visa', 0, '', '400.00', '400.00', 1, 0),
('P0045', 4036, '2016-12-11', '', '3017', 'G.D. Amali Perera', '5003', '50', '21', '', '', 'cash_payment', '350.00', '500.00', '300.00', '1150.00', 'visa', 0, '', '1150.00', '1150.00', 1, 0),
('P0046', 4036, '2016-12-30', '', '3017', 'G.D. Amali Perera', '5003', '12', '23', 'skin rash', '', 'cash_payment', '350.00', '500.00', '300.00', '1150.00', 'visa', 0, '', '1150.00', '1150.00', 0, 1);

-- --------------------------------------------------------

--
-- Table structure for table `tbl_services`
--

CREATE TABLE IF NOT EXISTS `tbl_services` (
  `vaccine_id` varchar(10) NOT NULL,
  `pet_type_id` varchar(11) NOT NULL,
  `vaccine_name` varchar(50) NOT NULL,
  `vaccine_period` varchar(100) NOT NULL,
  `duration_unit` varchar(10) NOT NULL,
  `repeat_vaccine` int(1) NOT NULL,
  `vaccine_charge` decimal(10,2) NOT NULL,
  `image_ext` varchar(10) NOT NULL,
  `service_status` int(1) NOT NULL,
  PRIMARY KEY (`vaccine_id`)
) ENGINE=InnoDB DEFAULT CHARSET=latin1;

--
-- Dumping data for table `tbl_services`
--

INSERT INTO `tbl_services` (`vaccine_id`, `pet_type_id`, `vaccine_name`, `vaccine_period`, `duration_unit`, `repeat_vaccine`, `vaccine_charge`, `image_ext`, `service_status`) VALUES
('V0001', 'Dog', 'Parvo', '6', 'weeks', 1, '350.00', 'Parvo.jpg', 0),
('V0002', 'Dog', 'DHL', '8', 'weeks', 1, '350.00', 'DHL.jpg', 0),
('V0003', 'Dog', 'Antirabies', '10', 'weeks', 1, '400.00', 'rabies.jpg', 0),
('V0004', 'Dog', 'Parvo II', '12', 'weeks', 0, '400.00', 'Parvo.jpg', 0),
('V0005', 'Dog', 'DHL II', '14', 'weeks', 0, '400.00', 'DHL.jpg', 0),
('V0006', 'Dog', 'Antirabies (ARV) II', '16', 'weeks', 0, '400.00', 'rabies.jpg', 0),
('V0007', 'Cat', 'Antirabies', '10', 'weeks', 0, '350.00', 'rabies.jpg', 0),
('V0008', 'Cat', 'Tricat', '12', 'weeks', 0, '350.00', 'tricat.jpg', 0),
('V0009', 'Cat', 'Antirabies II (ARV)', '16', 'weeks', 0, '350.00', 'rabies.jpg', 0);

-- --------------------------------------------------------

--
-- Table structure for table `tbl_stock_history`
--

CREATE TABLE IF NOT EXISTS `tbl_stock_history` (
  `history_id` int(11) NOT NULL AUTO_INCREMENT,
  `item_id` varchar(10) NOT NULL,
  `generic_name` varchar(200) NOT NULL,
  `brand_name` varchar(100) NOT NULL,
  `batch_id` varchar(10) NOT NULL,
  `date` date NOT NULL,
  `quantity` int(11) NOT NULL,
  `price` decimal(10,2) NOT NULL,
  `status` enum('stock_in','stock_out','','') NOT NULL,
  PRIMARY KEY (`history_id`)
) ENGINE=InnoDB  DEFAULT CHARSET=latin1 AUTO_INCREMENT=157 ;

--
-- Dumping data for table `tbl_stock_history`
--

INSERT INTO `tbl_stock_history` (`history_id`, `item_id`, `generic_name`, `brand_name`, `batch_id`, `date`, `quantity`, `price`, `status`) VALUES
(1, 'I0001', 'Heartgard Plus', 'Iverhart Plus', 'B0001', '2016-09-06', 100, '23.00', 'stock_in'),
(2, 'I0002', 'Rimadyl', 'brand name2', 'B0001', '2016-08-16', 150, '25.00', 'stock_in'),
(3, 'I0001', 'Heartgard Plus', 'Iverhart Plus', 'B0001', '2016-11-01', 50, '23.00', 'stock_out'),
(4, 'I0002', 'Rimadyl', 'brand name2', 'B0001', '2016-11-07', 70, '25.00', 'stock_out'),
(8, 'I0002', 'Rimadyl', 'brand name2', 'B0005', '2016-11-28', 20, '20.00', 'stock_in'),
(9, 'I0003', 'generic name3', 'brand name3', 'B0004', '2016-11-28', 10, '22.00', 'stock_in'),
(10, 'I0004', 'generic name4', 'brand name4', 'B0001', '2016-11-28', 2, '25.00', 'stock_in'),
(11, 'I0003', 'generic name3', 'brand name3', 'B0002', '2016-11-28', 15, '22.00', 'stock_out'),
(12, 'I0002', 'Rimadyl', 'brand name2', 'B0002', '2016-11-28', 30, '20.00', 'stock_out'),
(13, 'I0002', 'Rimadyl', 'brand name2', 'B0003', '2016-11-28', 20, '20.00', 'stock_out'),
(14, 'I0005', 'generic name5', 'brand name5', 'B0001', '2016-11-28', 6, '25.00', 'stock_out'),
(15, 'I0002', 'Rimadyl', 'brand name2', 'B0003', '2016-11-28', 6, '20.00', 'stock_out'),
(16, 'I0003', 'generic name3', 'brand name3', 'B0002', '2016-11-28', 15, '22.00', 'stock_out'),
(17, 'I0005', 'generic name5', 'brand name5', 'B0001', '2016-11-28', 8, '25.00', 'stock_out'),
(18, 'I0002', 'Rimadyl', 'brand name2', 'B0003', '2016-11-28', 6, '20.00', 'stock_out'),
(19, 'I0003', 'generic name3', 'brand name3', 'B0003', '2016-11-28', 30, '22.00', 'stock_out'),
(20, 'I0002', 'Rimadyl', 'brand name2', 'B0003', '2016-11-28', 9, '20.00', 'stock_out'),
(21, 'I0003', 'generic name3', 'brand name3', 'B0003', '2016-11-28', 6, '22.00', 'stock_out'),
(22, 'I0002', 'Rimadyl', 'brand name2', 'B0003', '2016-11-28', 15, '20.00', 'stock_out'),
(23, 'I0003', 'generic name3', 'brand name3', 'B0003', '2016-11-28', 18, '22.00', 'stock_out'),
(24, 'I0009', 'generic name8', 'brand name8', 'B0001', '2016-11-28', 30, '200.00', 'stock_in'),
(25, 'I0002', 'Rimadyl', 'brand name2', 'B0006', '2016-11-28', 100, '20.00', 'stock_in'),
(26, 'I0009', 'generic name8', 'brand name8', 'B0001', '2016-11-28', 1, '200.00', 'stock_out'),
(27, 'I0003', 'generic name3', 'brand name3', 'B0003', '2016-11-28', 10, '22.00', 'stock_out'),
(28, 'I0002', 'Rimadyl', 'brand name2', 'B0004', '2016-11-28', 20, '20.00', 'stock_out'),
(29, 'I0003', 'generic name3', 'brand name3', 'B0003', '2016-11-28', 10, '22.00', 'stock_out'),
(30, 'I0002', 'Rimadyl', 'brand name2', 'B0004', '2016-11-29', 10, '20.00', 'stock_out'),
(31, 'I0003', 'generic name3', 'brand name3', 'B0003', '2016-11-29', 12, '22.00', 'stock_out'),
(32, 'I0002', 'Rimadyl', 'brand name2', 'B0004', '2016-11-29', 9, '20.00', 'stock_out'),
(33, 'I0003', 'generic name3', 'brand name3', 'B0003', '2016-11-29', 4, '22.00', 'stock_out'),
(34, 'I0003', 'generic name3', 'brand name3', 'B0003', '2016-11-29', 4, '22.00', 'stock_out'),
(35, 'I0002', 'Rimadyl', 'brand name2', 'B0004', '2016-11-29', 12, '20.00', 'stock_out'),
(36, 'I0002', 'Rimadyl', 'brand name2', 'B0004', '2016-11-29', 8, '20.00', 'stock_out'),
(37, 'I0003', 'generic name3', 'brand name3', 'B0003', '2016-11-29', 2, '22.00', 'stock_out'),
(38, 'I0002', 'Rimadyl', 'brand name2', 'B0004', '2016-11-29', 6, '20.00', 'stock_out'),
(39, 'I0001', 'Heartgard Plus', 'Iverhart Plus', 'B0004', '2016-11-29', 14, '25.00', 'stock_out'),
(40, 'I0002', 'Rimadyl', 'brand name2', 'B0004', '2016-11-29', 10, '20.00', 'stock_out'),
(41, 'I0001', 'Heartgard Plus', 'Iverhart Plus', 'B0004', '2016-11-29', 6, '25.00', 'stock_out'),
(42, 'I0002', 'Rimadyl', 'brand name2', 'B0004', '2016-11-29', 2, '20.00', 'stock_out'),
(43, 'I0003', 'generic name3', 'brand name3', 'B0003', '2016-11-29', 10, '22.00', 'stock_out'),
(44, 'I0003', 'generic name3', 'brand name3', 'B0003', '2016-11-29', 4, '22.00', 'stock_out'),
(45, 'I0001', 'Heartgard Plus', 'Iverhart Plus', 'B0004', '2016-11-29', 4, '25.00', 'stock_out'),
(46, 'I0002', 'Rimadyl', 'brand name2', 'B0004', '2016-11-29', 6, '20.00', 'stock_out'),
(47, 'I0003', 'generic name3', 'brand name3', 'B0003', '2016-11-29', 4, '22.00', 'stock_out'),
(48, 'I0002', 'Rimadyl', 'brand name2', 'B0004', '2016-11-29', 10, '20.00', 'stock_out'),
(49, 'I0003', 'generic name3', 'brand name3', 'B0003', '2016-11-29', 5, '22.00', 'stock_out'),
(50, 'I0002', 'Rimadyl', 'brand name2', 'B0005', '2016-11-29', 12, '20.00', 'stock_out'),
(51, 'I0003', 'generic name3', 'brand name3', 'B0003', '2016-11-29', 1, '22.00', 'stock_out'),
(52, 'I0003', 'generic name3', 'brand name3', 'B0003', '2016-11-29', 8, '22.00', 'stock_out'),
(53, 'I0001', 'Heartgard Plus', 'brand Iverhart Plusname1', 'B0004', '2016-11-29', 7, '25.00', 'stock_out'),
(54, 'I0002', 'Rimadyl', 'brand name2', 'B0005', '2016-11-29', 16, '20.00', 'stock_out'),
(55, 'I0003', 'generic name3', 'brand name3', 'B0003', '2016-11-29', 5, '22.00', 'stock_out'),
(56, 'I0001', 'Heartgard Plus', 'Iverhart Plus', 'B0004', '2016-11-30', 11, '25.00', 'stock_out'),
(57, 'I0003', 'generic name3', 'brand name3', 'B0003', '2016-11-30', 6, '22.00', 'stock_out'),
(58, 'I0002', 'Rimadyl', 'brand name2', 'B0006', '2016-11-30', 12, '20.00', 'stock_out'),
(59, 'I0009', 'generic name8', 'brand name8', 'B0001', '2016-11-30', 1, '200.00', 'stock_out'),
(60, 'I0002', 'Rimadyl', 'brand name2', 'B0006', '2016-11-30', 10, '20.00', 'stock_out'),
(61, 'I0001', 'Heartgard Plus', 'Iverhart Plus', 'B0004', '2016-11-30', 11, '25.00', 'stock_out'),
(62, 'I0003', 'generic name3', 'brand name3', 'B0003', '2016-11-30', 5, '22.00', 'stock_out'),
(63, 'I0007', 'generic_name7', 'brand_name7', 'B0001', '2016-11-30', 15, '20.00', 'stock_out'),
(64, 'I0009', 'generic name8', 'brand name8', 'B0001', '2016-11-30', 1, '200.00', 'stock_out'),
(65, 'I0001', 'Heartgard Plus', 'Iverhart Plus', 'B0004', '2016-11-30', 6, '25.00', 'stock_out'),
(66, 'I0003', 'generic name3', 'brand name3', 'B0003', '2016-11-30', 15, '22.00', 'stock_out'),
(67, 'I0002', 'Rimadyl', 'brand name2', 'B0006', '2016-11-30', 8, '20.00', 'stock_out'),
(68, 'I0007', 'generic_name7', 'brand_name7', 'B0001', '2016-11-30', 15, '20.00', 'stock_out'),
(69, 'I0001', 'Heartgard Plus', 'Iverhart Plus', 'B0004', '2016-11-30', 8, '25.00', 'stock_out'),
(70, 'I0002', 'Rimadyl', 'brand name2', 'B0006', '2016-11-30', 4, '20.00', 'stock_out'),
(71, 'I0003', 'generic name3', 'brand name3', 'B0003', '2016-11-30', 1, '22.00', 'stock_out'),
(72, 'I0007', 'generic_name7', 'brand_name7', 'B0001', '2016-11-30', 6, '20.00', 'stock_out'),
(73, 'I0007', 'generic_name7', 'brand_name7', 'B0001', '2016-11-30', 10, '20.00', 'stock_out'),
(74, 'I0001', 'Heartgard Plus', 'Iverhart Plus', 'B0004', '2016-11-30', 7, '25.00', 'stock_out'),
(75, 'I0001', 'Heartgard Plus', 'Iverhart Plus', 'B0004', '2016-11-30', 4, '25.00', 'stock_out'),
(76, 'I0007', 'generic_name7', 'brand_name7', 'B0001', '2016-11-30', 2, '20.00', 'stock_out'),
(77, 'I0007', 'generic_name7', 'brand_name7', 'B0001', '2016-11-30', 2, '20.00', 'stock_out'),
(78, 'I0001', 'Heartgard Plus', 'Iverhart Plus', 'B0004', '2016-11-30', 4, '25.00', 'stock_out'),
(79, 'I0001', 'Heartgard Plus', 'Iverhart Plus', 'B0004', '2016-11-30', 6, '25.00', 'stock_out'),
(80, 'I0002', 'Rimadyl', 'brand name2', 'B0006', '2016-11-30', 6, '20.00', 'stock_out'),
(81, 'I0003', 'generic name3', 'brand name3', 'B0004', '2016-11-30', 6, '22.00', 'stock_out'),
(82, 'I0007', 'generic_name7', 'brand_name7', 'B0001', '2016-11-30', 6, '20.00', 'stock_out'),
(83, 'I0001', 'Heartgard Plus', 'Iverhart Plus', 'B0005', '2016-11-30', 4, '25.00', 'stock_out'),
(84, 'I0003', 'generic name3', 'brand name3', 'B0004', '2016-11-30', 6, '22.00', 'stock_out'),
(85, 'I0002', 'Rimadyl', 'brand name2', 'B0006', '2016-11-30', 6, '20.00', 'stock_out'),
(86, 'I0007', 'generic_name7', 'brand_name7', 'B0001', '2016-11-30', 1, '20.00', 'stock_out'),
(87, 'I0001', 'Heartgard Plus', 'Iverhart Plus', 'B0005', '2016-11-30', 4, '25.00', 'stock_out'),
(88, 'I0002', 'Rimadyl', 'brand name2', 'B0006', '2016-11-30', 4, '20.00', 'stock_out'),
(89, 'I0003', 'generic name3', 'brand name3', 'B0004', '2016-11-30', 2, '22.00', 'stock_out'),
(90, 'I0002', 'Rimadyl', 'brand name2', 'B0006', '2016-11-30', 4, '20.00', 'stock_out'),
(91, 'I0001', 'Heartgard Plus', 'Iverhart Plus', 'B0005', '2016-11-30', 2, '25.00', 'stock_out'),
(92, 'I0007', 'generic_name7', 'brand_name7', 'B0001', '2016-11-30', 10, '20.00', 'stock_out'),
(93, 'I0001', 'Heartgard Plus', 'Iverhart Plus', 'B0005', '2016-11-30', 3, '25.00', 'stock_out'),
(94, 'I0002', 'Rimadyl', 'brand name2', 'B0006', '2016-11-30', 8, '20.00', 'stock_out'),
(95, 'I0007', 'generic_name7', 'brand_name7', 'B0001', '2016-11-30', 4, '20.00', 'stock_out'),
(96, 'I0002', 'Rimadyl', 'brand name2', 'B0006', '2016-11-30', 4, '20.00', 'stock_out'),
(97, 'I0001', 'Heartgard Plus', 'Iverhart Plus', 'B0005', '2016-11-30', 4, '25.00', 'stock_out'),
(98, 'I0007', 'generic_name7', 'brand_name7', 'B0001', '2016-11-30', 4, '20.00', 'stock_out'),
(99, 'I0001', 'Heartgard Plus', 'Iverhart Plus', 'B0005', '2016-11-30', 4, '25.00', 'stock_out'),
(100, 'I0002', 'Rimadyl', 'brand name2', 'B0006', '2016-11-30', 4, '20.00', 'stock_out'),
(101, 'I0007', 'generic_name7', 'brand_name7', 'B0001', '2016-11-30', 2, '20.00', 'stock_out'),
(102, 'I0009', 'generic name8', 'brand name8', 'B0001', '2016-11-30', 1, '200.00', 'stock_out'),
(103, 'I0001', 'Heartgard Plus', 'Iverhart Plus', 'B0005', '2016-11-30', 4, '25.00', 'stock_out'),
(104, 'I0002', 'Rimadyl', 'brand name2', 'B0006', '2016-11-30', 4, '20.00', 'stock_out'),
(105, 'I0007', 'generic_name7', 'brand_name7', 'B0001', '2016-11-30', 4, '20.00', 'stock_out'),
(106, 'I0009', 'generic name8', 'brand name8', 'B0001', '2016-11-30', 1, '200.00', 'stock_out'),
(107, 'I0001', 'Heartgard Plus', 'Iverhart Plus', 'B0005', '2016-11-30', 2, '25.00', 'stock_out'),
(108, 'I0002', 'Rimadyl', 'brand name2', 'B0006', '2016-11-30', 4, '20.00', 'stock_out'),
(109, 'I0007', 'generic_name7', 'brand_name7', 'B0001', '2016-11-30', 4, '20.00', 'stock_out'),
(110, 'I0009', 'generic name8', 'brand name8', 'B0001', '2016-11-30', 4, '200.00', 'stock_out'),
(111, 'I0002', 'Rimadyl', 'brand name2', 'B0006', '2016-12-01', 1, '20.00', 'stock_out'),
(112, 'I0007', 'generic_name7', 'brand_name7', 'B0001', '2016-12-01', 20, '20.00', 'stock_out'),
(113, 'I0001', 'Heartgard Plus', 'Iverhart Plus', 'B0005', '2016-12-01', 2, '25.00', 'stock_out'),
(114, 'I0007', 'generic_name7', 'brand_name7', 'B0001', '2016-12-01', 10, '20.00', 'stock_out'),
(115, 'I0001', 'Heartgard Plus', 'Iverhart Plus', 'B0005', '2016-12-01', 1, '25.00', 'stock_out'),
(116, 'I0007', 'generic_name7', 'brand_name7', 'B0001', '2016-12-01', 10, '20.00', 'stock_out'),
(117, 'I0001', 'Heartgard Plus', 'Iverhart Plus', 'B0005', '2016-12-01', 2, '25.00', 'stock_out'),
(118, 'I0007', 'generic_name7', 'brand_name7', 'B0001', '2016-12-01', 3, '20.00', 'stock_out'),
(119, 'I0002', 'Rimadyl', 'brand name2', 'B0006', '2016-12-01', 2, '20.00', 'stock_out'),
(120, 'I0001', 'Heartgard Plus', 'Iverhart Plus', 'B0005', '2016-12-01', 2, '25.00', 'stock_out'),
(121, 'I0002', 'Rimadyl', 'brand name2', 'B0006', '2016-12-01', 4, '20.00', 'stock_out'),
(122, 'I0007', 'generic_name7', 'brand_name7', 'B0001', '2016-12-01', 8, '20.00', 'stock_out'),
(123, 'I0001', 'Heartgard Plus', 'Iverhart Plus', 'B0005', '2016-12-01', 2, '25.00', 'stock_out'),
(124, 'I0002', 'Rimadyl', 'brand name2', 'B0006', '2016-12-01', 9, '20.00', 'stock_out'),
(125, 'I0007', 'generic_name7', 'brand_name7', 'B0001', '2016-12-01', 2, '20.00', 'stock_out'),
(126, 'I0002', 'Rimadyl', 'brand name2', 'B0006', '2016-12-01', 2, '20.00', 'stock_out'),
(127, 'I0001', 'Heartgard Plus', 'Iverhart Plus', 'B0005', '2016-12-01', 8, '25.00', 'stock_out'),
(128, 'I0007', 'generic_name7', 'brand_name7', 'B0001', '2016-12-01', 8, '20.00', 'stock_out'),
(129, 'I0001', 'Heartgard Plus', 'Iverhart Plus', 'B0005', '2016-12-01', 4, '25.00', 'stock_out'),
(130, 'I0007', 'generic_name7', 'brand_name7', 'B0001', '2016-12-01', 8, '20.00', 'stock_out'),
(131, 'I0009', 'generic name8', 'brand name8', 'B0001', '2016-12-01', 1, '200.00', 'stock_out'),
(132, 'I0001', 'Heartgard Plus', 'Iverhart Plus', 'B0006', '2016-12-01', 6, '25.00', 'stock_out'),
(133, 'I0007', 'generic_name7', 'brand_name7', 'B0001', '2016-12-01', 8, '20.00', 'stock_out'),
(134, 'I0009', 'generic name8', 'brand name8', 'B0001', '2016-12-01', 1, '200.00', 'stock_out'),
(135, 'I0007', 'generic_name7', 'brand_name7', 'B0001', '2016-12-09', 10, '20.00', 'stock_out'),
(136, 'I0009', 'generic name8', 'brand name8', 'B0001', '2016-12-09', 1, '200.00', 'stock_out'),
(137, 'I0001', 'Heartgard Plus', 'Iverhart Plus', 'B0007', '2016-12-09', 10, '25.00', 'stock_out'),
(138, 'I0007', 'generic_name7', 'brand_name7', 'B0001', '2016-12-09', 4, '20.00', 'stock_out'),
(139, 'I0009', 'generic name8', 'brand name8', 'B0001', '2016-12-09', 1, '200.00', 'stock_out'),
(140, 'I0002', 'Rimadyl', 'brand name2', 'B0006', '2016-12-10', 3, '20.00', 'stock_out'),
(141, 'I0009', 'generic name8', 'brand name8', 'B0001', '2016-12-10', 1, '200.00', 'stock_out'),
(142, 'I0007', 'generic_name7', 'brand_name7', 'B0001', '2016-12-10', 15, '20.00', 'stock_out'),
(143, 'I0009', 'generic name8', 'brand name8', 'B0001', '2016-12-10', 1, '200.00', 'stock_out'),
(144, 'I0009', 'generic name8', 'brand name8', 'B0001', '2016-12-10', 1, '200.00', 'stock_out'),
(145, 'I0001', 'Heartgard Plus', 'Iverhart Plus', 'B0008', '2016-12-10', 200, '25.00', 'stock_in'),
(146, 'I0005', 'generic name5', 'brand name5', 'B0002', '2016-12-10', 200, '25.00', 'stock_in'),
(147, 'I0004', 'Enacard', 'Enalapril', 'B0003', '2016-12-10', 200, '25.00', 'stock_in'),
(148, 'I0007', 'Frontline Plus', 'NexGard', 'B0002', '2016-12-10', 200, '20.00', 'stock_in'),
(149, 'I0008', 'Sentinel', 'Seresto', 'B0001', '2016-12-10', 300, '20.00', 'stock_in'),
(150, 'I0003', 'Soloxine', 'Thyro-Tabs (L-Thyroxine)', 'B0005', '2016-12-10', 200, '22.00', 'stock_in'),
(151, 'I0001', 'Heartgard Plus', 'Iverhart Plus', 'B0008', '2016-12-10', 10, '25.00', 'stock_out'),
(152, 'I0008', 'Sentinel', 'Seresto', 'B0001', '2016-12-10', 20, '20.00', 'stock_out'),
(153, 'I0002', 'Rimadyl', 'Novox Caplets (carprofen)', 'B0007', '2016-12-30', 200, '20.00', 'stock_in'),
(154, 'I0003', 'Soloxine', 'Thyro-Tabs (L-Thyroxine)', 'B0006', '2016-12-30', 300, '22.00', 'stock_in'),
(155, 'I0002', 'Rimadyl', 'Novox Caplets (carprofen)', 'B0007', '2016-12-30', 24, '20.00', 'stock_out'),
(156, 'I0003', 'Soloxine', 'Thyro-Tabs (L-Thyroxine)', 'B0005', '2016-12-30', 10, '22.00', 'stock_out');

-- --------------------------------------------------------

--
-- Table structure for table `tbl_user_login`
--

CREATE TABLE IF NOT EXISTS `tbl_user_login` (
  `user_id` varchar(11) NOT NULL,
  `role_id` int(11) NOT NULL,
  `user_name` varchar(50) NOT NULL,
  `password` varchar(60) NOT NULL,
  `reset_status` enum('new','reset','normal','','') NOT NULL,
  `status` int(1) NOT NULL,
  PRIMARY KEY (`user_id`,`role_id`,`password`)
) ENGINE=InnoDB DEFAULT CHARSET=latin1;

--
-- Dumping data for table `tbl_user_login`
--

INSERT INTO `tbl_user_login` (`user_id`, `role_id`, `user_name`, `password`, `reset_status`, `status`) VALUES
('1212', 1, 'chathushkahansani@gmail.com', '1ebe069f86298605183157808d48331d5d3582c9', 'normal', 0),
('3001', 4, 'chathushkahansani@gmail.com', '062d1659e6790ce3cbcf207c732d2971b1cf3f66', '', 0),
('3002', 4, 'chathushkahansani@gmail.com', '328e8df32d97f3247755bce338117ddc7873aa93', '', 0),
('3003', 4, 'chathushkahansani@gmail.com', '063dad62b6f2d051fa5834bb85943dd4043b052a', '', 0),
('3004', 4, 'chathushkahansani@gmail.com', '5fcb97d5742c9f2defcb184d9f7c14c5d41a2105', '', 0),
('3005', 4, 'chathushkahansani@gmail.com', 'dff90b2b3289f12c76103d5feb260f62193a06c7', '', 0),
('3006', 4, 'chathushkahansani@gmail.com', 'e8df431be4953fb3a17bf46f1e06e2e136edd02a', '', 0),
('3007', 4, 'chathushkahansani@gmail.com', '2aed0948cc1162dbaafe73d9c0c97cb9d0a7e27e', '', 0),
('3008', 4, 'chathushkahansani@gmail.com', 'c4846c91bf18636919eaac00bef2930be59585f9', '', 0),
('3009', 4, 'chathushkahansani@gmail.com', 'fcfda8fc44e07616ca2dff31d8b6874f6f2b3e33', '', 0),
('3010', 4, 'chathushkahansani@gmail.com', 'a18d0312a99db389231b4fc0960dec6cec391ae3', '', 0),
('3011', 4, 'chathushkahansani@gmail.com', 'f55034c768b60fa3cd18478e2d4a94f532e7555e', '', 0),
('3012', 4, 'chathushkahansnai@gmail.com', 'd1a7b89c9372941923283a7acee83e75db5d4646', '', 0),
('3013', 4, 'chathushkahansnai@gmail.com', '74dcbd25f934fe9828db54ecfb5a493c14d3c3d4', '', 0),
('3014', 4, 'chathushkahansani@gmail.com', 'e5c60ae0946deb02f82474e0c7c46c299923abfc', '', 0),
('3015', 4, 'chathushkahansani@gmail.com', '31b3540268731fecf18af999ab1edf076f954567', '', 0),
('3016', 4, 'chathushkahansani@gmail.com', '69e7ef34f128e6d1b8612bde8917526ca4bdb768', '', 0),
('3017', 4, 'chathushkahansani@gmail.com', '63b8385c84ecd530f3fc39522a5f42fbc5d63c3f', 'normal', 0),
('3018', 4, 'chathushkahansani@gmail.com', '959934bbe01e2778cecd0524c696623b9d4fc554', '', 0),
('3019', 4, 'chathushkahansani@gmail.com', '5b661bb63b5c2cffe67fc309626ddb7fce65c012', '', 0),
('3020', 4, 'chathushkahansnai@gmail.com', 'f18b7d6b4d9b957d3a6edf3f951af7b44c7fe5df', '', 0),
('3021', 4, 'chathushkahansani@gmail.com', 'bf26c6af272a80b369ed836c62ffba6c50efcdeb', '', 0),
('3022', 4, 'chathushkahansani@gmail.com', '80f1713b027a7a052ebb5cee2f75976589156481', '', 0),
('3023', 4, 'chathushkahansani@gmail.com', '09e5af76dd5a6dade20c58eaf486ecf15909f1cc', '', 0),
('3024', 4, 'chathushkahansani@gmail.com', '83fe25d2b9bce38ec3c24f174224922e5905b7f9', '', 0),
('3025', 4, 'chathushkahansani@gmail.com', '2ace3a4ee3d7a6c886577dc0ede331dac5ffdcbb', '', 0),
('3026', 4, 'chathushkahansani@gmail.com', '45264f5ce42c90b5e49cd8ace47ff6788752073d', '', 0),
('3027', 4, 'ggggggg@yy.lk', '0bbbbbdae5aa7415dba2584a014484338b90e209', '', 0),
('3028', 4, 'ggggggg@yy.lk', 'e1695391ce77b5aa8880e55a4d2d0462ff136079', '', 0),
('3029', 4, 'vpintoj@gmail.com', 'ec68f63c65a5a4adee4bd31e94e60bfb12304e56', '', 0),
('3030', 4, 'ggggggg@yy.lk', 'f5a668a7f6b882350b75c2da0e6d84fe6556e8a2', '', 0),
('3031', 4, 'shalikaedu@gmail.com', '7bb9cafb57577cdfe181d3fb1e32b036ad5034a9', 'reset', 0),
('3032', 4, 'nayanatharanadeeshani3@gmail.com', '7c3930d14f6a478a7d648852d1878ff18847fb7f', '', 0),
('3033', 4, 'chathushkacommm@gmail.com', 'e53db4e01a1fb5b7c5211b090a5fbbb7e9359299', '', 0),
('3034', 4, 'ravi@gmail.com', '7bcdcbf48923eac0d91f7101a23e6c7bdef2cc1c', '', 0),
('3035', 4, 'chathushkahansani@gmail.com', 'e68bbf62deed56cffdac88b764232d514dbb5424', '', 0),
('3036', 4, 'chathushkahansani@gmail.com', '3f242359db54498cfdeb59f8ade155a8f0e62b1d', '', 0),
('3037', 4, 'shalikaedu@gmail.com', 'fce92bf930c7f5a7c29abc8672f3c391a1257e08', '', 0),
('3038', 4, 'chathushkahansani@gmail.com', 'ffd981615af766be2051a408ae5c6a3582080823', '', 0),
('3039', 4, 'ravishka123iroshana@gmail.com', 'e472f6010115315588e12cdc5ca1b62dc179af96', 'normal', 0),
('3040', 4, 'ravisara123madduma@gmail.com', '3f5312c96f9a1c50495f9b7f4cb562f126029795', 'new', 0),
('4001', 2, 'kudagama@gmail.com', '7110eda4d09e062aa5e4a390b0a572ac0d2c0220', '', 0),
('4002', 2, 'anura@gmail.com', '13d891260fe56f342d5df18823c3616e51000cfd', '', 0),
('4003', 2, 'chathushkahansani@gmail.com', '83725262b1400688274c24d6d60a7ca247040ba5', 'reset', 0),
('4004', 2, 'chathushkahansani@gmail.com', '67d87aec19fa699b23849a92b33f37dfe9be57d5', '', 0),
('4005', 2, 'chathushkahansani@gmail.com', 'db629be631648be641e89dc8f476c4d956633c07', 'normal', 0),
('4006', 2, 'chathushkacomm@gmail.com', 'ac8b94f67bedd78f575fc34218754bf9fa15ed38', '', 0),
('4007', 2, 'azam4636@gmail.com', '84af1ce021a8c3ddd5d3b791f3ef8411ebf6f6b4', '', 0),
('4008', 2, 'chathushkahansani@gmail.com', '18e300f92601866b187fb3d9eb3f893422512921', '', 0),
('4009', 2, 'azam4636@gmail.com', 'a5c45f004c30641eb9a4c50645c7b52ee2cf5d42', '', 0),
('4010', 2, 'azam4636@gmail.com', '95e5e4aee4720ac3f6dd4f71ea7321068fc80a36', '', 0),
('4011', 2, 'azam4636@gmail.com', '5409704f9801355d3e0a000e6a561a56c1a9f837', '', 0),
('4012', 2, 'azam4636@gmail.com', '5324300257db60bf14315f01f7dbeb6768608222', '', 0),
('4023', 2, 'ravishka123iroshana@gmail.com', '55b78054197fc439213c4b0dae1a8061e15d6f67', '', 0),
('4034', 2, 'shalikacomm0@gmail.com', '158eec1661949045ddc7a30113f27621888219e8', '', 0),
('4035', 2, 'chathushkahansani@gmail.com', '92b789e6ef41b17efc0fd041b04c474ffeb00ece', '', 0),
('4036', 2, 'chathushkahansani@gmail.com', '580177229be38006fbca56fe880a966ac379a1ca', 'normal', 0),
('4037', 2, 'chathushkahansani@gmail.com', '55d5d245950ec020611702c55ad6c2c697a5100a', '', 0),
('4037', 2, 'chathushkacomm@gmail.com', 'c6e7ae1bdc97843e1d798e92644031f0001eaa4f', 'new', 0),
('4038', 2, 'chathushkahansani@gmail.com', 'def7b51d50fd677415faf42ab29f4b9d82c656fd', '', 0),
('4039', 2, 'chathushkahansani@gmail.com', 'f9f7b530bb99e733b8dfd333ac4a41a517a80b49', '', 0),
('4040', 2, 'chathushkahansani@gmail.com', 'c6bb41c7a3ec1aa7a64a9e19c8b7e8cd22861aa2', '', 0),
('4041', 2, 'chathushkahansani@gmail.com', '0edc9b8d3fdca9d111e1a6b93d6f43ac282ad644', '', 0),
('4042', 2, 'chathushkahansani@gmail.com', '360d38124f9884b70e5965b492e35e366f312ed4', '', 0),
('4043', 2, '', 'cf49bd3492cb09662491c618ac48bedc38606781', '', 0),
('4044', 2, '', 'f555d574cc0ded52fd6944cff529de4c458a28d2', '', 0),
('4045', 2, '', '70c479753ed3e4f6f5798a4d54632141aa78df83', '', 0),
('4046', 2, '', 'a5b4917705135475ce84cd9d5c554bf3c0a94b8f', '', 0),
('4047', 2, 'chathushkahansani@gmail.com', '4fe5b30a48a69aab1c75f1dc3365e9000e5c941f', '', 0),
('4048', 2, 'student06amali@gmail.com', '88723775efeb4a2d716563ad0884f42f94c4cf66', '', 0),
('4049', 2, 'student06kamali@gmail.com', 'e8053a91784c8c8555287e27a018536f2522cc94', '', 0),
('4050', 2, 'chathushkahansaniamanda1@gmail.com', 'be7ef5b758ad383be7307e3a57514e13c2cc2963', '', 0),
('4051', 2, 'chathushkahansaniamanda2@gmail.com', '6565f936f7fe9cd7782dd7083ac34633061a4e27', '', 0),
('4052', 2, 'chathushkahansaniamanda3@gmail.com', '7c0e094b0ab196e8084a6d19800f759d18661025', '', 0),
('4053', 2, 'chathushkahansaniamanda4@gmail.com', 'f59dbceebf53e7351811ae2ae15a3f226e68a2f1', '', 0),
('4054', 2, 'chathushkahansaniamanda5@gmail.com', '94cd9fc10b1353e591f769c808227cde8a5a39b3', '', 0),
('4055', 2, 'chathushkahansaniamanda9@gmail.com', 'c5eb6ff7d694aa2c1624c90f9971b64570b17d82', '', 0),
('4056', 2, 'chathushkahansanimanda1@gmail.com', 'f518ecc61b0f4fe1af768d91577d429bfa7a093d', '', 0),
('4057', 2, 'chathushkahansaniamanda7@gmail.com', '4a6b712366c9d32db5cb4c0c303f5453557a3bd4', '', 0),
('4058', 2, 'chathushkahansaniamanda05@gmail.com', '7bdd83eed8bff816eae06839938e28ac8b5f0609', '', 0),
('4059', 2, 'chathushkahansaniamanda99@gmail.com', '00ee910c84260f79e766ef0cb9fb46f82987fbb9', '', 0),
('4060', 2, 'agalawatta2@gmail.com', 'e3763980d02b3f4d413549a45c780d3c49a4cb0a', '', 0),
('4061', 2, 'chathushkahansani2@gmail.com', '8efb1edcbaf27bf3c3a1429dc0ad85b4a110cc4a', '', 0),
('4062', 2, 'markerajithdccsms@gmail.com', 'ae75567de6b215a8e55a55bcd337ed4cd8a8efe5', '', 0),
('4063', 2, 'amanthent@live.com', 'b0d81b36d9b969963d0e52da12f7ec8e346967cd', '', 0),
('4064', 2, 'chathushkahansani6@gmail.com', '25fc467173d576e9a602b4c678eb3977fec8eb83', '', 0),
('4065', 2, 'chathushkahansani0@gmail.com', '394db78bb61e38a389da9ee2ced61647dc4254a1', '', 0),
('4066', 2, 'amanthent12@live.com', '2aa1519bd6b2e3432d2de45a2ada9ed341f3b980', '', 0),
('4067', 2, 'chathushkahansani20@gmail.com', '23cf017dd03a7d060bd700aa5104e29c21dc6d1e', '', 0),
('4068', 2, 'chathushkahansani9@gmail.com', 'c51ea89458ff5adf15b87555a223a7e6909887c0', '', 0),
('4069', 2, 'chathushkacomm@gmail.com', 'e04311dec36e5052eaf7054bb640d7059429847e', '', 0),
('4070', 2, 'shalikaedu@gmail.com', 'd6dc71f21538b65c1402de787ef19b98bbefe30d', '', 0),
('6001', 3, 'chathushkahansani@gmail.com', 'f95067e6113f408d22bb94ed0181f389f94b31bc', 'normal', 0),
('6002', 3, 'chathushkahansani@gmail.com', '406fc05566c7ea0875993a224c896a642169b57b', 'reset', 0),
('6003', 3, 'chathushkacomm@gmail.com', 'd5d021bb333135a366a864e9f08fa3fd3eb068ad', '', 0),
('6004', 3, 'chathushkahansani@gmail.com', '882f24cbc774345d20621267e9e872ea2d891bbc', '', 0),
('6005', 3, 'chathushkahansani@gmail.com', 'fe14acee2b373bfd355207bb34dd8b7efa78eb34', '', 0),
('6006', 3, 'chathushkahansani@gmail.com', 'f41f7300a445de97956088eaf7f4b0d27eaa13cc', '', 0),
('6007', 3, 'chathushkahansani@gmail.com', '1b61f58a21e8af98a574a8b2a67b8ee64e4ac43c', '', 0),
('6008', 3, 'chathushkahansani@gmail.com', 'f1d18caf27b191283422a06efa7e248ad0ecbdb8', '', 0),
('6009', 3, 'amali@gmail.com', 'b4886cbe53277298650f951ad604c74a18bcd4d5', '', 0),
('6010', 3, 'chathushkahansani@gmail.com', '98f8e731d718d65e337ac6cbf53d35733f341d11', '', 0),
('6011', 3, 'chathushkahansani@gmail.com', '92067cf7738efa47bb89922618296050d69586cb', '', 0),
('6012', 3, 'chathushkahansani@gmail.com', '60e25b8cd16494e6475aea757eed4082d5d366af', '', 0),
('6013', 3, 'chathushkahansani@gmail.com', '4ee9056ca261412b1cebe672ce6a5076a5a9ed7b', '', 0),
('6014', 3, 'chathushkahansani@gmail.com', '7d5c0fc9373d62a79fd0e4f1ed12bcc8b2f95787', '', 0),
('6015', 3, 'chathushkahansani@gmail.com', 'd63d729d4a4a66908ad45a89d9e9ced03cac01cf', '', 0),
('6016', 3, 'chathushkahansani@gmail.com', '54470079fd569db70dbc58f53c23150d86d18b33', '', 0),
('6017', 3, 'chathushkahansani@gmail.com', 'a2699355a1c965a9dea70064d33162bc87d58a2c', '', 0),
('6018', 3, 'chathushkahansani@gmail.com', '20c64cb4a0ddd80ecf0da99b19551e9b94bbf850', '', 0),
('6019', 3, 'chathushkahansani@gmail.com', 'e216e5b8019cebd2257b3a6ee9caa17be796482b', '', 0),
('6020', 3, '', '4492efb970a0ae9d41ec047097c5956c1e6588dc', '', 0),
('6021', 3, 'shalikacomm0@gmail.com', '78d7b3a0b925183f7da181b4dd970fb87f15fffd', '', 0),
('6022', 3, 'amali@gmail.com', 'be4bb487d088c9bbeddf2178137accf12f518b20', '', 0),
('6023', 3, 'chathushkahansani@gmail.com', '919371f2dfc1fc2410e23637273486a049ef4f2b', '', 0),
('6024', 3, 'chathushkahansani@gmail.com', '63875720bdc230cbdb4ac3ff5a03731617f1033f', '', 0),
('6025', 3, 'chathushkahansani@gmail.com', 'e97d187f0ff443d289eb49eafdbf578343dc230b', '', 0),
('6026', 3, 'chathushkahansani@gmail.com', '0b002209e4d1ba85e356fa0e1a6d2b816656a0af', '', 0),
('6027', 3, 'chathushkahansani@gmail.com', '927d27c0559aac1fc1fdae664924f4dab40b7d62', '', 0),
('6028', 3, 'chathushkahansani@gmail.com', '271bb4d443868251198fee99dad1c448e271c446', '', 0),
('6029', 3, 'chathushkahansani@gmail.com', '728b4c284f0cc4b3c48a1c9e8d5e220bc2daba17', '', 0),
('6030', 3, 'chathushkahansani@gmail.com', '33668bd3f35bc5940a6082f9b78f80a91f7a7fb7', '', 0),
('6031', 3, 'chathushkahansani@gmail.com', '9dff149446bdc1de6060309a453a30f30abdb1ce', '', 0),
('6032', 3, 'chathushkahansani@gmail.com', '0304604165dd43dfb8a727ac400d1f603fc85667', '', 0),
('6033', 3, 'chathushkahansani@gmail.com', '9a2c052f18d488a91ebd02b07d461a0e1d56fc2f', '', 0),
('6034', 3, 'chathushkahansani@gmail.com', 'ac956ff1b39312876ea926d67d8274d0910366d3', '', 0),
('6035', 3, 'chathushkahansani@gmail.com', 'b6be096ad04e07aace628b8fe38e297f8fcba8b2', '', 0),
('6036', 3, 'chathushkahansani@gmail.com', '3e564f304af375ea43679381e2534af70d155cca', '', 0),
('6037', 3, 'chathushkahansani@gmail.com', '5bf0a7ccde31842324ed302ca3292ae25b313e4d', '', 0),
('PH0001', 5, 'chathushkahansani@gmail.com', 'e2a6fc48facfac579e9b20ed572b215cada3d122', 'normal', 0),
('PH0002', 5, 'chathushkahansani@gmail.com', 'e9e6405e4bd5dabdf769b9f5efd4b9f7e6322a93', 'reset', 0),
('PH0003', 5, 'shalikacomm@gmail.com', 'e9e6405e4bd5dabdf769b9f5efd4b9f7e6322a93', 'reset', 0);

-- --------------------------------------------------------

--
-- Table structure for table `tbl_user_roles`
--

CREATE TABLE IF NOT EXISTS `tbl_user_roles` (
  `role_id` int(11) NOT NULL AUTO_INCREMENT,
  `role_name` varchar(20) NOT NULL,
  `role_status` int(1) NOT NULL,
  PRIMARY KEY (`role_id`)
) ENGINE=InnoDB  DEFAULT CHARSET=latin1 AUTO_INCREMENT=6 ;

--
-- Dumping data for table `tbl_user_roles`
--

INSERT INTO `tbl_user_roles` (`role_id`, `role_name`, `role_status`) VALUES
(1, 'Admin', 0),
(2, 'Doctor', 0),
(3, 'Nurse', 0),
(4, 'Pet_Owner', 0),
(5, 'pharmacist', 0);

-- --------------------------------------------------------

--
-- Table structure for table `tbl_vaccine_prescription`
--

CREATE TABLE IF NOT EXISTS `tbl_vaccine_prescription` (
  `id` int(11) NOT NULL AUTO_INCREMENT,
  `pres_id` varchar(20) NOT NULL,
  `vaccination` varchar(20) NOT NULL,
  `vaccine_charge` decimal(10,2) NOT NULL,
  `description` varchar(150) NOT NULL,
  `due_date` date NOT NULL,
  `petOwner_email` varchar(150) NOT NULL,
  `petOwner_name` varchar(100) NOT NULL,
  `status` int(1) NOT NULL,
  PRIMARY KEY (`id`)
) ENGINE=InnoDB  DEFAULT CHARSET=latin1 AUTO_INCREMENT=60 ;

--
-- Dumping data for table `tbl_vaccine_prescription`
--

INSERT INTO `tbl_vaccine_prescription` (`id`, `pres_id`, `vaccination`, `vaccine_charge`, `description`, `due_date`, `petOwner_email`, `petOwner_name`, `status`) VALUES
(6, 'P0001', 'V0004', '400.00', 'Vaccine for Fever', '2016-11-09', 'chathushkacomm@gmail.com', 'G.D.Amali Perera', 0),
(8, 'P0002', 'V0002', '350.00', 'Vaccine for Blood parasites', '2016-11-15', 'chathushkahansani@gmail.com', '  G.D.Amali Perera', 0),
(9, 'P0003', 'V0002', '350.00', 'Vaccine for Fever', '2017-03-17', 'chathushkacomm@gmail.com', '  G.D.Amali Perera', 0),
(14, 'P0004', 'V0001', '350.00', 'vaccine for fever', '2016-11-18', 'chathushkacomm@gmail.com', '  G.D.Amali Perera', 0),
(15, 'P0004', 'V0003', '400.00', 'vaccine for rabies', '2016-11-12', 'chathushkacomm@gmail.com', '  G.D.Amali Perera', 0),
(16, 'P0005', 'V0001', '350.00', 'vaccine for fever', '2017-04-13', 'chathushkacomm@gmail.com', '  G.D.Amali Perera', 0),
(17, 'P0005', 'V0002', '350.00', 'vaccine for blood parasites', '2017-06-07', 'chathushkacomm@gmail.com', '  G.D.Amali Perera', 0),
(18, 'P0006', 'V0004', '400.00', 'Vaccine for Fever', '2017-04-06', 'chathushkacomm@gmail.com', '  G.D.Amali Perera', 0),
(19, 'P0006', 'V0001', '350.00', 'Vaccine for Fever', '2017-03-16', 'chathushkacomm@gmail.com', '  G.D.Amali Perera', 0),
(20, 'P0007', 'V0002', '350.00', 'Vaccine for Rabies', '2017-03-23', 'chathushkacomm@gmail.com', '  G.D.Amali Perera', 0),
(21, 'P0007', 'V0004', '400.00', 'Vaccine for Blood Parasites', '2017-02-16', 'chathushkacomm@gmail.com', '  G.D.Amali Perera', 0),
(22, 'P0008', 'V0003', '400.00', 'Vaccine for Fever', '2017-02-15', 'chathushkacomm@gmail.com', '  G.D.Amali Perera', 0),
(23, 'P0008', 'V0002', '350.00', 'Vaccine for Blood Parasites', '2016-12-22', 'chathushkacomm@gmail.com', '  G.D.Amali Perera', 0),
(24, 'P0009', 'V0003', '400.00', 'Vaccine for Fever', '2017-02-16', 'chathushkacomm@gmail.com', '  G.D.Amali Perera', 0),
(25, 'P0009', 'V0002', '350.00', 'Vaccine for Blood Parasites', '2017-02-16', 'chathushkacomm@gmail.com', '  G.D.Amali Perera', 0),
(26, 'P0010', 'V0007', '350.00', 'Vaccine for Rabies', '2016-11-24', 'chathushkacomm@gmail.com', '  G.D.Amali Perera', 0),
(27, 'P0011', 'V0001', '350.00', 'vaccine for fever', '2016-11-18', 'chathushkacomm@gmail.com', '  G.D.Amali Perera', 0),
(28, 'P0011', 'V0002', '350.00', 'vaccine for blood parasites', '2016-11-23', 'chathushkacomm@gmail.com', '  G.D.Amali Perera', 0),
(29, 'P0012', 'V0007', '350.00', 'vaccine for rabies', '2017-02-17', 'chathushkacomm@gmail.com', '  G.D.Amali Perera', 0),
(30, 'P0013', 'V0003', '400.00', 'vaccine for rabies', '2017-02-15', 'chathushkacomm@gmail.com', '  G.D.Amali Perera', 0),
(31, 'P0014', 'V0002', '350.00', 'vaccine for fever', '2016-11-20', 'chathushkacomm@gmail.com', '  G.D.Amali Perera', 0),
(32, 'P0015', 'V0007', '350.00', 'vaccine for rabies', '2016-11-15', 'chathushkacomm@gmail.com', '  G.D.Amali Perera', 0),
(33, 'P0016', 'V0006', '400.00', 'vaccine for rabies', '2017-01-12', 'chathushkacomm@gmail.com', '  G.D.Amali Perera', 0),
(34, 'P0017', 'V0003', '400.00', 'vaccine for rabies', '2016-11-25', 'chathushkacomm@gmail.com', '  G.D.Amali Perera', 0),
(35, 'P0018', 'V0004', '400.00', 'vaccine for fever', '2017-03-17', 'chathushkacomm@gmail.com', '  G.D.Amali Perera', 0),
(36, 'P0019', 'V0006', '400.00', 'vaccine for rabies', '2016-11-19', 'chathushkacomm@gmail.com', '  G.D.Amali Perera', 0),
(37, 'P0022', 'V0007', '350.00', 'vaccine for rabies', '2017-04-07', 'chathushkacomm@gmail.com', '  G.D.Amali Perera', 0),
(38, 'P0024', 'V0008', '350.00', 'vaccine for fever', '2016-11-25', 'chathushkacomm@gmail.com', '  G.D.Amali Perera', 0),
(39, 'P0025', 'V0005', '400.00', 'Vaccine for fever', '2016-11-19', 'chathushkacomm@gmail.com', '  G.D.Amali Perera', 0),
(40, 'P0025', 'V0005', '400.00', 'Vaccine for fever', '2016-11-19', 'chathushkacomm@gmail.com', '  G.D.Amali Perera', 0),
(41, 'P0026', 'V0006', '400.00', 'vaccine for rabies', '2016-11-25', 'chathushkacomm@gmail.com', '  G.D.Amali Perera', 0),
(42, 'P0027', 'V0008', '350.00', 'vaccine for fever', '2016-12-11', 'chathushkacomm@gmail.com', '  G.D.Amali Perera', 0),
(43, 'P0028', 'V0003', '400.00', 'Vaccine for rabies', '2017-10-19', 'chathushkacomm@gmail.com', '  G.D.Amali Perera', 0),
(44, 'P0030', 'V0002', '350.00', 'vaccine for fever', '2017-05-11', 'chathushkacomm@gmail.com', '  G.D.Amali Perera', 0),
(45, 'P0030', 'V0005', '400.00', 'vaccine for fever', '2016-12-12', 'chathushkacomm@gmail.com', '  G.D.Amali Perera', 0),
(46, 'P0031', 'V0008', '350.00', 'vaccine for Fever', '2016-12-18', 'chathushkacomm@gmail.com', '  G.D.Amali Perera', 0),
(47, 'P0032', 'V0003', '400.00', 'vaccine for rabies', '2017-04-14', 'chathushkacomm@gmail.com', '  G.D.Amali Perera', 0),
(48, 'P0034', 'V0006', '400.00', 'vaccine for rabies', '2017-06-22', 'chathushkacomm@gmail.com', '  G.D.Amali Perera', 0),
(49, 'P0035', 'V0005', '400.00', 'Vaccine for Fever', '2017-04-28', 'chathushkacomm@gmail.com', '  G.D.Amali Perera', 0),
(50, 'P0036', 'V0005', '400.00', 'Vaccine for Fever', '2016-12-05', 'chathushkacomm@gmail.com', '  G.D.Amali Perera', 0),
(51, 'P0037', 'V0007', '350.00', 'vaccine for rabies', '2017-05-13', 'chathushkacomm@gmail.com', 'G.D. Amali Perera', 0),
(52, 'P0038', 'V0006', '400.00', 'vaccine for rabies', '2017-05-19', 'chathushkacomm@gmail.com', 'G.D. Amali Perera', 0),
(53, 'P0039', 'V0001', '350.00', 'vaccinr for fever', '2016-12-18', 'ravishka123iroshana@gmail.com', 'H. Amanda Shalika', 0),
(54, 'P0040', 'V0002', '350.00', 'vaccine for fever', '2017-07-21', 'ravishka123iroshana@gmail.com', 'H. Amanda Shalika', 0),
(55, 'P0042', 'V0002', '350.00', 'Vaccine for Fever', '2017-05-12', 'chathushkacomm@gmail.com', 'G.D. Amali Perera', 0),
(56, 'P0043', 'V0006', '400.00', 'vaccine for Rabies', '2017-07-21', 'chathushkahansani13@gmail.com', 'A.B Nalaka Anand', 0),
(57, 'P0044', 'V0005', '400.00', 'vaccine for Fever', '2016-12-18', 'chathushkacomm@gmail.com', 'G.D. Amali Perera', 0),
(58, 'P0045', 'V0002', '350.00', 'Vaccine for fever', '2017-04-23', 'chathushkacomm@gmail.com', 'G.D. Amali Perera', 0),
(59, 'P0046', 'V0002', '350.00', 'fever', '2017-03-08', 'chathushkacomm@gmail.com', 'G.D. Amali Perera', 0);

-- --------------------------------------------------------

--
-- Table structure for table `tbl_working_hours`
--

CREATE TABLE IF NOT EXISTS `tbl_working_hours` (
  `id` int(11) NOT NULL AUTO_INCREMENT,
  `wh_id` varchar(20) NOT NULL,
  `doctor_id` int(10) NOT NULL,
  `date` date NOT NULL,
  `session` varchar(50) NOT NULL,
  `day` varchar(20) NOT NULL,
  `start_time` varchar(20) NOT NULL,
  `end_time` varchar(20) NOT NULL,
  `appNumberCount` int(10) NOT NULL,
  `status` int(1) NOT NULL,
  PRIMARY KEY (`id`)
) ENGINE=InnoDB  DEFAULT CHARSET=latin1 AUTO_INCREMENT=371 ;

--
-- Dumping data for table `tbl_working_hours`
--

INSERT INTO `tbl_working_hours` (`id`, `wh_id`, `doctor_id`, `date`, `session`, `day`, `start_time`, `end_time`, `appNumberCount`, `status`) VALUES
(1, 'WH0001', 4036, '2016-10-01', 'Morning', 'Sat', '08:00 AM', '12:00 PM', 0, 1),
(2, 'WH0001', 4036, '2016-10-02', 'Morning', 'Sun', '08:00 AM', '12:00 PM', 0, 1),
(3, 'WH0001', 4036, '2016-10-03', 'Morning', 'Mon', '08:00 AM', '12:00 PM', 0, 1),
(4, 'WH0001', 4036, '2016-10-04', 'Morning', 'Tue', '08:00 AM', '12:00 PM', 0, 1),
(5, 'WH0001', 4036, '2016-10-05', 'Morning', 'Wed', '08:00 AM', '12:00 PM', 0, 1),
(6, 'WH0001', 4036, '2016-10-06', 'Morning', 'Thu', '08:00 AM', '12:00 PM', 0, 1),
(7, 'WH0001', 4036, '2016-10-07', 'Morning', 'Fri', '08:00 AM', '12:00 PM', 0, 1),
(8, 'WH0001', 4036, '2016-10-08', 'Morning', 'Sat', '08:00 AM', '12:00 PM', 0, 1),
(9, 'WH0001', 4036, '2016-10-09', 'Morning', 'Sun', '08:00 AM', '12:00 PM', 0, 1),
(10, 'WH0001', 4036, '2016-10-10', 'Morning', 'Mon', '08:00 AM', '12:00 PM', 0, 1),
(11, 'WH0001', 4036, '2016-10-11', 'Morning', 'Tue', '08:00 AM', '12:00 PM', 0, 1),
(12, 'WH0001', 4036, '2016-10-12', 'Morning', 'Wed', '08:00 AM', '12:00 PM', 0, 1),
(13, 'WH0001', 4036, '2016-10-13', 'Morning', 'Thu', '08:00 AM', '12:00 PM', 0, 1),
(14, 'WH0001', 4036, '2016-10-14', 'Morning', 'Fri', '08:00 AM', '12:00 PM', 0, 1),
(15, 'WH0001', 4036, '2016-10-15', 'Morning', 'Sat', '08:00 AM', '12:00 PM', 0, 1),
(16, 'WH0001', 4036, '2016-10-16', 'Morning', 'Sun', '08:00 AM', '12:00 PM', 0, 1),
(17, 'WH0001', 4036, '2016-10-17', 'Morning', 'Mon', '08:00 AM', '12:00 PM', 0, 1),
(18, 'WH0001', 4036, '2016-10-18', 'Morning', 'Tue', '08:00 AM', '12:00 PM', 0, 1),
(19, 'WH0001', 4036, '2016-10-19', 'Morning', 'Wed', '08:00 AM', '12:00 PM', 0, 1),
(20, 'WH0001', 4036, '2016-10-20', 'Morning', 'Thu', '08:00 AM', '12:00 PM', 0, 1),
(21, 'WH0001', 4036, '2016-10-21', 'Morning', 'Fri', '08:00 AM', '12:00 PM', 0, 1),
(22, 'WH0001', 4036, '2016-10-22', 'Morning', 'Sat', '08:00 AM', '12:00 PM', 0, 1),
(23, 'WH0001', 4036, '2016-10-23', 'Morning', 'Sun', '08:00 AM', '12:00 PM', 0, 1),
(24, 'WH0001', 4036, '2016-10-24', 'Morning', 'Mon', '08:00 AM', '12:00 PM', 0, 1),
(25, 'WH0001', 4036, '2016-10-25', 'Morning', 'Tue', '08:00 AM', '12:00 PM', 15, 0),
(26, 'WH0001', 4036, '2016-10-26', 'Morning', 'Wed', '08:00 AM', '12:00 PM', 0, 1),
(27, 'WH0001', 4036, '2016-10-27', 'Morning', 'Thu', '08:00 AM', '12:00 PM', 15, 0),
(28, 'WH0001', 4036, '2016-10-28', 'Morning', 'Fri', '08:00 AM', '12:00 PM', 10, 0),
(29, 'WH0001', 4036, '2016-10-29', 'Morning', 'Sat', '08:00 AM', '12:00 PM', 0, 1),
(30, 'WH0001', 4036, '2016-10-30', 'Morning', 'Sun', '08:00 AM', '12:00 PM', 0, 1),
(31, 'WH0001', 4036, '2016-10-31', 'Morning', 'Mon', '08:00 AM', '12:00 PM', 15, 0),
(32, 'WH0001', 4036, '2016-10-01', 'Evening', 'Sat', '04:00 PM', '09:00 PM', 0, 1),
(33, 'WH0001', 4036, '2016-10-02', 'Evening', 'Sun', '04:00 PM', '09:00 PM', 0, 1),
(34, 'WH0001', 4036, '2016-10-03', 'Evening', 'Mon', '04:00 PM', '09:00 PM', 0, 1),
(35, 'WH0001', 4036, '2016-10-04', 'Evening', 'Tue', '04:00 PM', '09:00 PM', 0, 1),
(36, 'WH0001', 4036, '2016-10-05', 'Evening', 'Wed', '04:00 PM', '09:00 PM', 0, 1),
(37, 'WH0001', 4036, '2016-10-06', 'Evening', 'Thu', '04:00 PM', '09:00 PM', 0, 1),
(38, 'WH0001', 4036, '2016-10-07', 'Evening', 'Fri', '04:00 PM', '09:00 PM', 0, 1),
(39, 'WH0001', 4036, '2016-10-08', 'Evening', 'Sat', '04:00 PM', '09:00 PM', 0, 1),
(40, 'WH0001', 4036, '2016-10-09', 'Evening', 'Sun', '04:00 PM', '09:00 PM', 0, 1),
(41, 'WH0001', 4036, '2016-10-10', 'Evening', 'Mon', '04:00 PM', '09:00 PM', 0, 1),
(42, 'WH0001', 4036, '2016-10-11', 'Evening', 'Tue', '04:00 PM', '09:00 PM', 0, 1),
(43, 'WH0001', 4036, '2016-10-12', 'Evening', 'Wed', '04:00 PM', '09:00 PM', 0, 1),
(44, 'WH0001', 4036, '2016-10-13', 'Evening', 'Thu', '04:00 PM', '09:00 PM', 0, 1),
(45, 'WH0001', 4036, '2016-10-14', 'Evening', 'Fri', '04:00 PM', '09:00 PM', 0, 1),
(46, 'WH0001', 4036, '2016-10-15', 'Evening', 'Sat', '04:00 PM', '09:00 PM', 0, 1),
(47, 'WH0001', 4036, '2016-10-16', 'Evening', 'Sun', '04:00 PM', '09:00 PM', 0, 1),
(48, 'WH0001', 4036, '2016-10-17', 'Evening', 'Mon', '04:00 PM', '09:00 PM', 0, 1),
(49, 'WH0001', 4036, '2016-10-18', 'Evening', 'Tue', '04:00 PM', '09:00 PM', 0, 1),
(50, 'WH0001', 4036, '2016-10-19', 'Evening', 'Wed', '04:00 PM', '09:00 PM', 0, 1),
(51, 'WH0001', 4036, '2016-10-20', 'Evening', 'Thu', '04:00 PM', '09:00 PM', 0, 1),
(52, 'WH0001', 4036, '2016-10-21', 'Evening', 'Fri', '04:00 PM', '09:00 PM', 0, 1),
(53, 'WH0001', 4036, '2016-10-22', 'Evening', 'Sat', '04:00 PM', '09:00 PM', 0, 1),
(54, 'WH0001', 4036, '2016-10-23', 'Evening', 'Sun', '04:00 PM', '09:00 PM', 0, 1),
(55, 'WH0001', 4036, '2016-10-24', 'Evening', 'Mon', '04:00 PM', '09:00 PM', 0, 1),
(56, 'WH0001', 4036, '2016-10-25', 'Evening', 'Tue', '04:00 PM', '09:00 PM', 10, 0),
(57, 'WH0001', 4036, '2016-10-26', 'Evening', 'Wed', '04:00 PM', '09:00 PM', 10, 0),
(58, 'WH0001', 4036, '2016-10-27', 'Evening', 'Thu', '04:00 PM', '09:00 PM', 0, 1),
(59, 'WH0001', 4036, '2016-10-28', 'Evening', 'Fri', '04:00 PM', '09:00 PM', 0, 1),
(60, 'WH0001', 4036, '2016-10-29', 'Evening', 'Sat', '04:00 PM', '09:00 PM', 15, 0),
(61, 'WH0001', 4036, '2016-10-30', 'Evening', 'Sun', '04:00 PM', '09:00 PM', 10, 0),
(62, 'WH0001', 4036, '2016-10-31', 'Evening', 'Mon', '04:00 PM', '09:00 PM', 15, 0),
(63, 'WH0002', 4036, '2016-11-01', 'Morning', 'Tue', '08:00 AM', '12:00 PM', 0, 1),
(64, 'WH0002', 4036, '2016-11-02', 'Morning', 'Wed', '08:00 AM', '12:00 PM', 0, 1),
(65, 'WH0002', 4036, '2016-11-03', 'Morning', 'Thu', '08:00 AM', '12:00 PM', 0, 1),
(66, 'WH0002', 4036, '2016-11-04', 'Morning', 'Fri', '08:00 AM', '12:00 PM', 0, 1),
(67, 'WH0002', 4036, '2016-11-05', 'Morning', 'Sat', '08:00 AM', '12:00 PM', 0, 1),
(68, 'WH0002', 4036, '2016-11-06', 'Morning', 'Sun', '08:00 AM', '12:00 PM', 0, 1),
(69, 'WH0002', 4036, '2016-11-07', 'Morning', 'Mon', '08:00 AM', '12:00 PM', 0, 1),
(70, 'WH0002', 4036, '2016-11-08', 'Morning', 'Tue', '08:00 AM', '12:00 PM', 0, 1),
(71, 'WH0002', 4036, '2016-11-09', 'Morning', 'Wed', '08:00 AM', '12:00 PM', 0, 1),
(72, 'WH0002', 4036, '2016-11-10', 'Morning', 'Thu', '08:00 AM', '12:00 PM', 0, 1),
(73, 'WH0002', 4036, '2016-11-11', 'Morning', 'Fri', '08:00 AM', '12:00 PM', 0, 1),
(74, 'WH0002', 4036, '2016-11-12', 'Morning', 'Sat', '08:00 AM', '12:00 PM', 0, 1),
(75, 'WH0002', 4036, '2016-11-13', 'Morning', 'Sun', '08:00 AM', '12:00 PM', 0, 1),
(76, 'WH0002', 4036, '2016-11-14', 'Morning', 'Mon', '08:00 AM', '12:00 PM', 0, 1),
(77, 'WH0002', 4036, '2016-11-15', 'Morning', 'Tue', '08:00 AM', '12:00 PM', 0, 1),
(78, 'WH0002', 4036, '2016-11-16', 'Morning', 'Wed', '08:00 AM', '12:00 PM', 0, 1),
(79, 'WH0002', 4036, '2016-11-17', 'Morning', 'Thu', '08:00 AM', '12:00 PM', 15, 0),
(80, 'WH0002', 4036, '2016-11-18', 'Morning', 'Fri', '08:00 AM', '12:00 PM', 0, 1),
(81, 'WH0002', 4036, '2016-11-19', 'Morning', 'Sat', '08:00 AM', '12:00 PM', 10, 0),
(82, 'WH0002', 4036, '2016-11-20', 'Morning', 'Sun', '08:00 AM', '12:00 PM', 0, 1),
(83, 'WH0002', 4036, '2016-11-21', 'Morning', 'Mon', '08:00 AM', '12:00 PM', 12, 0),
(84, 'WH0002', 4036, '2016-11-22', 'Morning', 'Tue', '08:00 AM', '12:00 PM', 0, 1),
(85, 'WH0002', 4036, '2016-11-23', 'Morning', 'Wed', '08:00 AM', '12:00 PM', 15, 0),
(86, 'WH0002', 4036, '2016-11-24', 'Morning', 'Thu', '08:00 AM', '12:00 PM', 10, 0),
(87, 'WH0002', 4036, '2016-11-25', 'Morning', 'Fri', '08:00 AM', '12:00 PM', 0, 1),
(88, 'WH0002', 4036, '2016-11-26', 'Morning', 'Sat', '08:00 AM', '12:00 PM', 12, 0),
(89, 'WH0002', 4036, '2016-11-27', 'Morning', 'Sun', '08:00 AM', '12:00 PM', 10, 0),
(90, 'WH0002', 4036, '2016-11-28', 'Morning', 'Mon', '08:00 AM', '12:00 PM', 0, 1),
(91, 'WH0002', 4036, '2016-11-29', 'Morning', 'Tue', '08:00 AM', '12:00 PM', 0, 1),
(92, 'WH0002', 4036, '2016-11-30', 'Morning', 'Wed', '08:00 AM', '12:00 PM', 12, 0),
(93, 'WH0002', 4036, '2016-11-01', 'Evening', 'Tue', '04:00 PM', '09:00 PM', 0, 1),
(94, 'WH0002', 4036, '2016-11-02', 'Evening', 'Wed', '04:00 PM', '09:00 PM', 0, 1),
(95, 'WH0002', 4036, '2016-11-03', 'Evening', 'Thu', '04:00 PM', '09:00 PM', 0, 1),
(96, 'WH0002', 4036, '2016-11-04', 'Evening', 'Fri', '04:00 PM', '09:00 PM', 0, 1),
(97, 'WH0002', 4036, '2016-11-05', 'Evening', 'Sat', '04:00 PM', '09:00 PM', 0, 1),
(98, 'WH0002', 4036, '2016-11-06', 'Evening', 'Sun', '04:00 PM', '09:00 PM', 0, 1),
(99, 'WH0002', 4036, '2016-11-07', 'Evening', 'Mon', '04:00 PM', '09:00 PM', 0, 1),
(100, 'WH0002', 4036, '2016-11-08', 'Evening', 'Tue', '04:00 PM', '09:00 PM', 0, 1),
(101, 'WH0002', 4036, '2016-11-09', 'Evening', 'Wed', '04:00 PM', '09:00 PM', 0, 1),
(102, 'WH0002', 4036, '2016-11-10', 'Evening', 'Thu', '04:00 PM', '09:00 PM', 0, 1),
(103, 'WH0002', 4036, '2016-11-11', 'Evening', 'Fri', '04:00 PM', '09:00 PM', 0, 1),
(104, 'WH0002', 4036, '2016-11-12', 'Evening', 'Sat', '04:00 PM', '09:00 PM', 0, 1),
(105, 'WH0002', 4036, '2016-11-13', 'Evening', 'Sun', '04:00 PM', '09:00 PM', 0, 1),
(106, 'WH0002', 4036, '2016-11-14', 'Evening', 'Mon', '04:00 PM', '09:00 PM', 0, 1),
(107, 'WH0002', 4036, '2016-11-15', 'Evening', 'Tue', '04:00 PM', '09:00 PM', 0, 1),
(108, 'WH0002', 4036, '2016-11-16', 'Evening', 'Wed', '04:00 PM', '09:00 PM', 0, 1),
(109, 'WH0002', 4036, '2016-11-17', 'Evening', 'Thu', '04:00 PM', '09:00 PM', 12, 0),
(110, 'WH0002', 4036, '2016-11-18', 'Evening', 'Fri', '04:00 PM', '09:00 PM', 15, 0),
(111, 'WH0002', 4036, '2016-11-19', 'Evening', 'Sat', '04:00 PM', '09:00 PM', 0, 1),
(112, 'WH0002', 4036, '2016-11-20', 'Evening', 'Sun', '04:00 PM', '09:00 PM', 15, 0),
(113, 'WH0002', 4036, '2016-11-21', 'Evening', 'Mon', '04:00 PM', '09:00 PM', 15, 0),
(114, 'WH0002', 4036, '2016-11-22', 'Evening', 'Tue', '04:00 PM', '09:00 PM', 15, 0),
(115, 'WH0002', 4036, '2016-11-23', 'Evening', 'Wed', '04:00 PM', '09:00 PM', 0, 1),
(116, 'WH0002', 4036, '2016-11-24', 'Evening', 'Thu', '04:00 PM', '09:00 PM', 0, 1),
(117, 'WH0002', 4036, '2016-11-25', 'Evening', 'Fri', '04:00 PM', '09:00 PM', 12, 0),
(118, 'WH0002', 4036, '2016-11-26', 'Evening', 'Sat', '04:00 PM', '09:00 PM', 0, 1),
(119, 'WH0002', 4036, '2016-11-27', 'Evening', 'Sun', '04:00 PM', '09:00 PM', 15, 0),
(120, 'WH0002', 4036, '2016-11-28', 'Evening', 'Mon', '04:00 PM', '09:00 PM', 12, 0),
(121, 'WH0002', 4036, '2016-11-29', 'Evening', 'Tue', '04:00 PM', '09:00 PM', 12, 0),
(122, 'WH0002', 4036, '2016-11-30', 'Evening', 'Wed', '04:00 PM', '09:00 PM', 15, 0),
(123, 'WH0003', 4004, '2016-11-01', 'Morning', 'Tue', '08:00 AM', '12:00 PM', 0, 1),
(124, 'WH0003', 4004, '2016-11-02', 'Morning', 'Wed', '08:00 AM', '12:00 PM', 0, 1),
(125, 'WH0003', 4004, '2016-11-03', 'Morning', 'Thu', '08:00 AM', '12:00 PM', 0, 1),
(126, 'WH0003', 4004, '2016-11-04', 'Morning', 'Fri', '08:00 AM', '12:00 PM', 0, 1),
(127, 'WH0003', 4004, '2016-11-05', 'Morning', 'Sat', '08:00 AM', '12:00 PM', 0, 1),
(128, 'WH0003', 4004, '2016-11-06', 'Morning', 'Sun', '08:00 AM', '12:00 PM', 0, 1),
(129, 'WH0003', 4004, '2016-11-07', 'Morning', 'Mon', '08:00 AM', '12:00 PM', 0, 1),
(130, 'WH0003', 4004, '2016-11-08', 'Morning', 'Tue', '08:00 AM', '12:00 PM', 0, 1),
(131, 'WH0003', 4004, '2016-11-09', 'Morning', 'Wed', '08:00 AM', '12:00 PM', 0, 1),
(132, 'WH0003', 4004, '2016-11-10', 'Morning', 'Thu', '08:00 AM', '12:00 PM', 0, 1),
(133, 'WH0003', 4004, '2016-11-11', 'Morning', 'Fri', '08:00 AM', '12:00 PM', 0, 1),
(134, 'WH0003', 4004, '2016-11-12', 'Morning', 'Sat', '08:00 AM', '12:00 PM', 0, 1),
(135, 'WH0003', 4004, '2016-11-13', 'Morning', 'Sun', '08:00 AM', '12:00 PM', 0, 1),
(136, 'WH0003', 4004, '2016-11-14', 'Morning', 'Mon', '08:00 AM', '12:00 PM', 0, 1),
(137, 'WH0003', 4004, '2016-11-15', 'Morning', 'Tue', '08:00 AM', '12:00 PM', 0, 1),
(138, 'WH0003', 4004, '2016-11-16', 'Morning', 'Wed', '08:00 AM', '12:00 PM', 0, 1),
(139, 'WH0003', 4004, '2016-11-17', 'Morning', 'Thu', '08:00 AM', '12:00 PM', 0, 1),
(140, 'WH0003', 4004, '2016-11-18', 'Morning', 'Fri', '08:00 AM', '12:00 PM', 0, 1),
(141, 'WH0003', 4004, '2016-11-19', 'Morning', 'Sat', '08:00 AM', '12:00 PM', 0, 1),
(142, 'WH0003', 4004, '2016-11-20', 'Morning', 'Sun', '08:00 AM', '12:00 PM', 0, 1),
(143, 'WH0003', 4004, '2016-11-21', 'Morning', 'Mon', '08:00 AM', '12:00 PM', 0, 1),
(144, 'WH0003', 4004, '2016-11-22', 'Morning', 'Tue', '08:00 AM', '12:00 PM', 0, 1),
(145, 'WH0003', 4004, '2016-11-23', 'Morning', 'Wed', '08:00 AM', '12:00 PM', 10, 0),
(146, 'WH0003', 4004, '2016-11-24', 'Morning', 'Thu', '08:00 AM', '12:00 PM', 15, 0),
(147, 'WH0003', 4004, '2016-11-25', 'Morning', 'Fri', '08:00 AM', '12:00 PM', 15, 0),
(148, 'WH0003', 4004, '2016-11-26', 'Morning', 'Sat', '08:00 AM', '12:00 PM', 0, 1),
(149, 'WH0003', 4004, '2016-11-27', 'Morning', 'Sun', '08:00 AM', '12:00 PM', 12, 0),
(150, 'WH0003', 4004, '2016-11-28', 'Morning', 'Mon', '08:00 AM', '12:00 PM', 0, 1),
(151, 'WH0003', 4004, '2016-11-29', 'Morning', 'Tue', '08:00 AM', '12:00 PM', 10, 0),
(152, 'WH0003', 4004, '2016-11-30', 'Morning', 'Wed', '08:00 AM', '12:00 PM', 0, 1),
(153, 'WH0003', 4004, '2016-11-01', 'Evening', 'Tue', '04:00 PM', '09:00 PM', 0, 1),
(154, 'WH0003', 4004, '2016-11-02', 'Evening', 'Wed', '04:00 PM', '09:00 PM', 0, 1),
(155, 'WH0003', 4004, '2016-11-03', 'Evening', 'Thu', '04:00 PM', '09:00 PM', 0, 1),
(156, 'WH0003', 4004, '2016-11-04', 'Evening', 'Fri', '04:00 PM', '09:00 PM', 0, 1),
(157, 'WH0003', 4004, '2016-11-05', 'Evening', 'Sat', '04:00 PM', '09:00 PM', 0, 1),
(158, 'WH0003', 4004, '2016-11-06', 'Evening', 'Sun', '04:00 PM', '09:00 PM', 0, 1),
(159, 'WH0003', 4004, '2016-11-07', 'Evening', 'Mon', '04:00 PM', '09:00 PM', 0, 1),
(160, 'WH0003', 4004, '2016-11-08', 'Evening', 'Tue', '04:00 PM', '09:00 PM', 0, 1),
(161, 'WH0003', 4004, '2016-11-09', 'Evening', 'Wed', '04:00 PM', '09:00 PM', 0, 1),
(162, 'WH0003', 4004, '2016-11-10', 'Evening', 'Thu', '04:00 PM', '09:00 PM', 0, 1),
(163, 'WH0003', 4004, '2016-11-11', 'Evening', 'Fri', '04:00 PM', '09:00 PM', 0, 1),
(164, 'WH0003', 4004, '2016-11-12', 'Evening', 'Sat', '04:00 PM', '09:00 PM', 0, 1),
(165, 'WH0003', 4004, '2016-11-13', 'Evening', 'Sun', '04:00 PM', '09:00 PM', 0, 1),
(166, 'WH0003', 4004, '2016-11-14', 'Evening', 'Mon', '04:00 PM', '09:00 PM', 0, 1),
(167, 'WH0003', 4004, '2016-11-15', 'Evening', 'Tue', '04:00 PM', '09:00 PM', 0, 1),
(168, 'WH0003', 4004, '2016-11-16', 'Evening', 'Wed', '04:00 PM', '09:00 PM', 0, 1),
(169, 'WH0003', 4004, '2016-11-17', 'Evening', 'Thu', '04:00 PM', '09:00 PM', 0, 1),
(170, 'WH0003', 4004, '2016-11-18', 'Evening', 'Fri', '04:00 PM', '09:00 PM', 0, 1),
(171, 'WH0003', 4004, '2016-11-19', 'Evening', 'Sat', '04:00 PM', '09:00 PM', 0, 1),
(172, 'WH0003', 4004, '2016-11-20', 'Evening', 'Sun', '04:00 PM', '09:00 PM', 0, 1),
(173, 'WH0003', 4004, '2016-11-21', 'Evening', 'Mon', '04:00 PM', '09:00 PM', 12, 0),
(174, 'WH0003', 4004, '2016-11-22', 'Evening', 'Tue', '04:00 PM', '09:00 PM', 15, 0),
(175, 'WH0003', 4004, '2016-11-23', 'Evening', 'Wed', '04:00 PM', '09:00 PM', 15, 0),
(176, 'WH0003', 4004, '2016-11-24', 'Evening', 'Thu', '04:00 PM', '09:00 PM', 0, 1),
(177, 'WH0003', 4004, '2016-11-25', 'Evening', 'Fri', '04:00 PM', '09:00 PM', 0, 1),
(178, 'WH0003', 4004, '2016-11-26', 'Evening', 'Sat', '04:00 PM', '09:00 PM', 10, 0),
(179, 'WH0003', 4004, '2016-11-27', 'Evening', 'Sun', '04:00 PM', '09:00 PM', 0, 1),
(180, 'WH0003', 4004, '2016-11-28', 'Evening', 'Mon', '04:00 PM', '09:00 PM', 15, 0),
(181, 'WH0003', 4004, '2016-11-29', 'Evening', 'Tue', '04:00 PM', '09:00 PM', 12, 0),
(182, 'WH0003', 4004, '2016-11-30', 'Evening', 'Wed', '04:00 PM', '09:00 PM', 12, 0),
(183, 'WH0004', 4036, '2016-12-01', 'Morning', 'Thu', '08:00 AM', '12:00 PM', 0, 1),
(184, 'WH0004', 4036, '2016-12-02', 'Morning', 'Fri', '08:00 AM', '12:00 PM', 0, 1),
(185, 'WH0004', 4036, '2016-12-03', 'Morning', 'Sat', '08:00 AM', '12:00 PM', 0, 1),
(186, 'WH0004', 4036, '2016-12-04', 'Morning', 'Sun', '08:00 AM', '12:00 PM', 15, 0),
(187, 'WH0004', 4036, '2016-12-05', 'Morning', 'Mon', '08:00 AM', '12:00 PM', 0, 1),
(188, 'WH0004', 4036, '2016-12-06', 'Morning', 'Tue', '08:00 AM', '12:00 PM', 15, 0),
(189, 'WH0004', 4036, '2016-12-07', 'Morning', 'Wed', '08:00 AM', '12:00 PM', 0, 1),
(190, 'WH0004', 4036, '2016-12-08', 'Morning', 'Thu', '08:00 AM', '12:00 PM', 15, 0),
(191, 'WH0004', 4036, '2016-12-09', 'Morning', 'Fri', '08:00 AM', '12:00 PM', 10, 0),
(192, 'WH0004', 4036, '2016-12-10', 'Morning', 'Sat', '08:00 AM', '12:00 PM', 0, 1),
(193, 'WH0004', 4036, '2016-12-11', 'Morning', 'Sun', '08:00 AM', '12:00 PM', 0, 1),
(194, 'WH0004', 4036, '2016-12-12', 'Morning', 'Mon', '08:00 AM', '12:00 PM', 15, 0),
(195, 'WH0004', 4036, '2016-12-13', 'Morning', 'Tue', '08:00 AM', '12:00 PM', 12, 0),
(196, 'WH0004', 4036, '2016-12-14', 'Morning', 'Wed', '08:00 AM', '12:00 PM', 0, 1),
(197, 'WH0004', 4036, '2016-12-15', 'Morning', 'Thu', '08:00 AM', '12:00 PM', 0, 1),
(198, 'WH0004', 4036, '2016-12-16', 'Morning', 'Fri', '08:00 AM', '12:00 PM', 12, 0),
(199, 'WH0004', 4036, '2016-12-17', 'Morning', 'Sat', '08:00 AM', '12:00 PM', 0, 1),
(200, 'WH0004', 4036, '2016-12-18', 'Morning', 'Sun', '08:00 AM', '12:00 PM', 10, 0),
(201, 'WH0004', 4036, '2016-12-19', 'Morning', 'Mon', '08:00 AM', '12:00 PM', 0, 1),
(202, 'WH0004', 4036, '2016-12-20', 'Morning', 'Tue', '08:00 AM', '12:00 PM', 15, 0),
(203, 'WH0004', 4036, '2016-12-21', 'Morning', 'Wed', '08:00 AM', '12:00 PM', 10, 0),
(204, 'WH0004', 4036, '2016-12-22', 'Morning', 'Thu', '08:00 AM', '12:00 PM', 0, 1),
(205, 'WH0004', 4036, '2016-12-23', 'Morning', 'Fri', '08:00 AM', '12:00 PM', 0, 1),
(206, 'WH0004', 4036, '2016-12-24', 'Morning', 'Sat', '08:00 AM', '12:00 PM', 15, 0),
(207, 'WH0004', 4036, '2016-12-25', 'Morning', 'Sun', '08:00 AM', '12:00 PM', 0, 1),
(208, 'WH0004', 4036, '2016-12-26', 'Morning', 'Mon', '08:00 AM', '12:00 PM', 10, 0),
(209, 'WH0004', 4036, '2016-12-27', 'Morning', 'Tue', '08:00 AM', '12:00 PM', 10, 0),
(210, 'WH0004', 4036, '2016-12-28', 'Morning', 'Wed', '08:00 AM', '12:00 PM', 0, 1),
(211, 'WH0004', 4036, '2016-12-29', 'Morning', 'Thu', '08:00 AM', '12:00 PM', 10, 0),
(212, 'WH0004', 4036, '2016-12-30', 'Morning', 'Fri', '08:00 AM', '12:00 PM', 15, 0),
(213, 'WH0004', 4036, '2016-12-31', 'Morning', 'Sat', '08:00 AM', '12:00 PM', 0, 1),
(214, 'WH0004', 4036, '2016-12-01', 'Evening', 'Thu', '04:00 PM', '09:00 PM', 10, 0),
(215, 'WH0004', 4036, '2016-12-02', 'Evening', 'Fri', '04:00 PM', '09:00 PM', 0, 1),
(216, 'WH0004', 4036, '2016-12-03', 'Evening', 'Sat', '04:00 PM', '09:00 PM', 10, 0),
(217, 'WH0004', 4036, '2016-12-04', 'Evening', 'Sun', '04:00 PM', '09:00 PM', 0, 1),
(218, 'WH0004', 4036, '2016-12-05', 'Evening', 'Mon', '04:00 PM', '09:00 PM', 10, 0),
(219, 'WH0004', 4036, '2016-12-06', 'Evening', 'Tue', '04:00 PM', '09:00 PM', 12, 0),
(220, 'WH0004', 4036, '2016-12-07', 'Evening', 'Wed', '04:00 PM', '09:00 PM', 15, 0),
(221, 'WH0004', 4036, '2016-12-08', 'Evening', 'Thu', '04:00 PM', '09:00 PM', 0, 1),
(222, 'WH0004', 4036, '2016-12-09', 'Evening', 'Fri', '04:00 PM', '09:00 PM', 0, 1),
(223, 'WH0004', 4036, '2016-12-10', 'Evening', 'Sat', '04:00 PM', '09:00 PM', 20, 0),
(224, 'WH0004', 4036, '2016-12-11', 'Evening', 'Sun', '04:00 PM', '09:00 PM', 10, 0),
(225, 'WH0004', 4036, '2016-12-12', 'Evening', 'Mon', '04:00 PM', '09:00 PM', 0, 1),
(226, 'WH0004', 4036, '2016-12-13', 'Evening', 'Tue', '04:00 PM', '09:00 PM', 0, 1),
(227, 'WH0004', 4036, '2016-12-14', 'Evening', 'Wed', '04:00 PM', '09:00 PM', 15, 0),
(228, 'WH0004', 4036, '2016-12-15', 'Evening', 'Thu', '04:00 PM', '09:00 PM', 12, 0),
(229, 'WH0004', 4036, '2016-12-16', 'Evening', 'Fri', '04:00 PM', '09:00 PM', 0, 1),
(230, 'WH0004', 4036, '2016-12-17', 'Evening', 'Sat', '04:00 PM', '09:00 PM', 15, 0),
(231, 'WH0004', 4036, '2016-12-18', 'Evening', 'Sun', '04:00 PM', '09:00 PM', 0, 1),
(232, 'WH0004', 4036, '2016-12-19', 'Evening', 'Mon', '04:00 PM', '09:00 PM', 10, 0),
(233, 'WH0004', 4036, '2016-12-20', 'Evening', 'Tue', '04:00 PM', '09:00 PM', 0, 1),
(234, 'WH0004', 4036, '2016-12-21', 'Evening', 'Wed', '04:00 PM', '09:00 PM', 0, 1),
(235, 'WH0004', 4036, '2016-12-22', 'Evening', 'Thu', '04:00 PM', '09:00 PM', 15, 0),
(236, 'WH0004', 4036, '2016-12-23', 'Evening', 'Fri', '04:00 PM', '09:00 PM', 10, 0),
(237, 'WH0004', 4036, '2016-12-24', 'Evening', 'Sat', '04:00 PM', '09:00 PM', 0, 1),
(238, 'WH0004', 4036, '2016-12-25', 'Evening', 'Sun', '04:00 PM', '09:00 PM', 15, 0),
(239, 'WH0004', 4036, '2016-12-26', 'Evening', 'Mon', '04:00 PM', '09:00 PM', 0, 1),
(240, 'WH0004', 4036, '2016-12-27', 'Evening', 'Tue', '04:00 PM', '09:00 PM', 0, 1),
(241, 'WH0004', 4036, '2016-12-28', 'Evening', 'Wed', '04:00 PM', '09:00 PM', 15, 0),
(242, 'WH0004', 4036, '2016-12-29', 'Evening', 'Thu', '04:00 PM', '09:00 PM', 0, 1),
(243, 'WH0004', 4036, '2016-12-30', 'Evening', 'Fri', '04:00 PM', '09:00 PM', 0, 1),
(244, 'WH0004', 4036, '2016-12-31', 'Evening', 'Sat', '04:00 PM', '09:00 PM', 15, 0),
(245, 'WH0005', 4004, '2016-12-11', 'Morning', 'Sun', '08:00 AM', '12:00 PM', 0, 1),
(246, 'WH0005', 4004, '2016-12-12', 'Morning', 'Mon', '08:00 AM', '12:00 PM', 0, 1),
(247, 'WH0005', 4004, '2016-12-13', 'Morning', 'Tue', '08:00 AM', '12:00 PM', 10, 0),
(248, 'WH0005', 4004, '2016-12-14', 'Morning', 'Wed', '08:00 AM', '12:00 PM', 15, 0),
(249, 'WH0005', 4004, '2016-12-15', 'Morning', 'Thu', '08:00 AM', '12:00 PM', 0, 1),
(250, 'WH0005', 4004, '2016-12-16', 'Morning', 'Fri', '08:00 AM', '12:00 PM', 15, 0),
(251, 'WH0005', 4004, '2016-12-17', 'Morning', 'Sat', '08:00 AM', '12:00 PM', 15, 0),
(252, 'WH0005', 4004, '2016-12-18', 'Morning', 'Sun', '08:00 AM', '12:00 PM', 0, 1),
(253, 'WH0005', 4004, '2016-12-19', 'Morning', 'Mon', '08:00 AM', '12:00 PM', 0, 1),
(254, 'WH0005', 4004, '2016-12-20', 'Morning', 'Tue', '08:00 AM', '12:00 PM', 10, 0),
(255, 'WH0005', 4004, '2016-12-21', 'Morning', 'Wed', '08:00 AM', '12:00 PM', 15, 0),
(256, 'WH0005', 4004, '2016-12-22', 'Morning', 'Thu', '08:00 AM', '12:00 PM', 0, 1),
(257, 'WH0005', 4004, '2016-12-23', 'Morning', 'Fri', '08:00 AM', '12:00 PM', 0, 1),
(258, 'WH0005', 4004, '2016-12-24', 'Morning', 'Sat', '08:00 AM', '12:00 PM', 0, 1),
(259, 'WH0005', 4004, '2016-12-25', 'Morning', 'Sun', '08:00 AM', '12:00 PM', 0, 1),
(260, 'WH0005', 4004, '2016-12-26', 'Morning', 'Mon', '08:00 AM', '12:00 PM', 0, 1),
(261, 'WH0005', 4004, '2016-12-27', 'Morning', 'Tue', '08:00 AM', '12:00 PM', 0, 1),
(262, 'WH0005', 4004, '2016-12-28', 'Morning', 'Wed', '08:00 AM', '12:00 PM', 0, 1),
(263, 'WH0005', 4004, '2016-12-29', 'Morning', 'Thu', '08:00 AM', '12:00 PM', 0, 1),
(264, 'WH0005', 4004, '2016-12-30', 'Morning', 'Fri', '08:00 AM', '12:00 PM', 0, 1),
(265, 'WH0005', 4004, '2016-12-31', 'Morning', 'Sat', '08:00 AM', '12:00 PM', 0, 1),
(266, 'WH0005', 4004, '2016-12-11', 'Evening', 'Sun', '04:00 PM', '09:00 PM', 15, 0),
(267, 'WH0005', 4004, '2016-12-12', 'Evening', 'Mon', '04:00 PM', '09:00 PM', 10, 0),
(268, 'WH0005', 4004, '2016-12-13', 'Evening', 'Tue', '04:00 PM', '09:00 PM', 0, 1),
(269, 'WH0005', 4004, '2016-12-14', 'Evening', 'Wed', '04:00 PM', '09:00 PM', 15, 0),
(270, 'WH0005', 4004, '2016-12-15', 'Evening', 'Thu', '04:00 PM', '09:00 PM', 10, 0),
(271, 'WH0005', 4004, '2016-12-16', 'Evening', 'Fri', '04:00 PM', '09:00 PM', 0, 1),
(272, 'WH0005', 4004, '2016-12-17', 'Evening', 'Sat', '04:00 PM', '09:00 PM', 0, 1),
(273, 'WH0005', 4004, '2016-12-18', 'Evening', 'Sun', '04:00 PM', '09:00 PM', 10, 0),
(274, 'WH0005', 4004, '2016-12-19', 'Evening', 'Mon', '04:00 PM', '09:00 PM', 15, 0),
(275, 'WH0005', 4004, '2016-12-20', 'Evening', 'Tue', '04:00 PM', '09:00 PM', 0, 1),
(276, 'WH0005', 4004, '2016-12-21', 'Evening', 'Wed', '04:00 PM', '09:00 PM', 15, 0),
(277, 'WH0005', 4004, '2016-12-22', 'Evening', 'Thu', '04:00 PM', '09:00 PM', 0, 1),
(278, 'WH0005', 4004, '2016-12-23', 'Evening', 'Fri', '04:00 PM', '09:00 PM', 0, 1),
(279, 'WH0005', 4004, '2016-12-24', 'Evening', 'Sat', '04:00 PM', '09:00 PM', 0, 1),
(280, 'WH0005', 4004, '2016-12-25', 'Evening', 'Sun', '04:00 PM', '09:00 PM', 0, 1),
(281, 'WH0005', 4004, '2016-12-26', 'Evening', 'Mon', '04:00 PM', '09:00 PM', 0, 1),
(282, 'WH0005', 4004, '2016-12-27', 'Evening', 'Tue', '04:00 PM', '09:00 PM', 0, 1),
(283, 'WH0005', 4004, '2016-12-28', 'Evening', 'Wed', '04:00 PM', '09:00 PM', 0, 1),
(284, 'WH0005', 4004, '2016-12-29', 'Evening', 'Thu', '04:00 PM', '09:00 PM', 0, 1),
(285, 'WH0005', 4004, '2016-12-30', 'Evening', 'Fri', '04:00 PM', '09:00 PM', 0, 1),
(286, 'WH0005', 4004, '2016-12-31', 'Evening', 'Sat', '04:00 PM', '09:00 PM', 0, 1),
(287, 'WH0006', 4003, '2016-12-11', 'Morning', 'Sun', '08:00 AM', '12:00 PM', 0, 1),
(288, 'WH0006', 4003, '2016-12-12', 'Morning', 'Mon', '08:00 AM', '12:00 PM', 0, 1),
(289, 'WH0006', 4003, '2016-12-13', 'Morning', 'Tue', '08:00 AM', '12:00 PM', 10, 0),
(290, 'WH0006', 4003, '2016-12-14', 'Morning', 'Wed', '08:00 AM', '12:00 PM', 15, 0),
(291, 'WH0006', 4003, '2016-12-15', 'Morning', 'Thu', '08:00 AM', '12:00 PM', 0, 1),
(292, 'WH0006', 4003, '2016-12-16', 'Morning', 'Fri', '08:00 AM', '12:00 PM', 0, 1),
(293, 'WH0006', 4003, '2016-12-17', 'Morning', 'Sat', '08:00 AM', '12:00 PM', 10, 0),
(294, 'WH0006', 4003, '2016-12-18', 'Morning', 'Sun', '08:00 AM', '12:00 PM', 10, 0),
(295, 'WH0006', 4003, '2016-12-19', 'Morning', 'Mon', '08:00 AM', '12:00 PM', 0, 1),
(296, 'WH0006', 4003, '2016-12-20', 'Morning', 'Tue', '08:00 AM', '12:00 PM', 0, 1),
(297, 'WH0006', 4003, '2016-12-21', 'Morning', 'Wed', '08:00 AM', '12:00 PM', 0, 1),
(298, 'WH0006', 4003, '2016-12-22', 'Morning', 'Thu', '08:00 AM', '12:00 PM', 0, 1),
(299, 'WH0006', 4003, '2016-12-23', 'Morning', 'Fri', '08:00 AM', '12:00 PM', 0, 1),
(300, 'WH0006', 4003, '2016-12-24', 'Morning', 'Sat', '08:00 AM', '12:00 PM', 0, 1),
(301, 'WH0006', 4003, '2016-12-25', 'Morning', 'Sun', '08:00 AM', '12:00 PM', 0, 1),
(302, 'WH0006', 4003, '2016-12-26', 'Morning', 'Mon', '08:00 AM', '12:00 PM', 0, 1),
(303, 'WH0006', 4003, '2016-12-27', 'Morning', 'Tue', '08:00 AM', '12:00 PM', 0, 1),
(304, 'WH0006', 4003, '2016-12-28', 'Morning', 'Wed', '08:00 AM', '12:00 PM', 0, 1),
(305, 'WH0006', 4003, '2016-12-29', 'Morning', 'Thu', '08:00 AM', '12:00 PM', 0, 1),
(306, 'WH0006', 4003, '2016-12-30', 'Morning', 'Fri', '08:00 AM', '12:00 PM', 0, 1),
(307, 'WH0006', 4003, '2016-12-31', 'Morning', 'Sat', '08:00 AM', '12:00 PM', 0, 1),
(308, 'WH0006', 4003, '2016-12-11', 'Evening', 'Sun', '04:00 PM', '09:00 PM', 15, 0),
(309, 'WH0006', 4003, '2016-12-12', 'Evening', 'Mon', '04:00 PM', '09:00 PM', 15, 0),
(310, 'WH0006', 4003, '2016-12-13', 'Evening', 'Tue', '04:00 PM', '09:00 PM', 10, 0),
(311, 'WH0006', 4003, '2016-12-14', 'Evening', 'Wed', '04:00 PM', '09:00 PM', 0, 1),
(312, 'WH0006', 4003, '2016-12-15', 'Evening', 'Thu', '04:00 PM', '09:00 PM', 10, 0),
(313, 'WH0006', 4003, '2016-12-16', 'Evening', 'Fri', '04:00 PM', '09:00 PM', 15, 0),
(314, 'WH0006', 4003, '2016-12-17', 'Evening', 'Sat', '04:00 PM', '09:00 PM', 0, 1),
(315, 'WH0006', 4003, '2016-12-18', 'Evening', 'Sun', '04:00 PM', '09:00 PM', 15, 0),
(316, 'WH0006', 4003, '2016-12-19', 'Evening', 'Mon', '04:00 PM', '09:00 PM', 0, 1),
(317, 'WH0006', 4003, '2016-12-20', 'Evening', 'Tue', '04:00 PM', '09:00 PM', 0, 1),
(318, 'WH0006', 4003, '2016-12-21', 'Evening', 'Wed', '04:00 PM', '09:00 PM', 0, 1),
(319, 'WH0006', 4003, '2016-12-22', 'Evening', 'Thu', '04:00 PM', '09:00 PM', 0, 1),
(320, 'WH0006', 4003, '2016-12-23', 'Evening', 'Fri', '04:00 PM', '09:00 PM', 0, 1),
(321, 'WH0006', 4003, '2016-12-24', 'Evening', 'Sat', '04:00 PM', '09:00 PM', 0, 1),
(322, 'WH0006', 4003, '2016-12-25', 'Evening', 'Sun', '04:00 PM', '09:00 PM', 0, 1),
(323, 'WH0006', 4003, '2016-12-26', 'Evening', 'Mon', '04:00 PM', '09:00 PM', 0, 1),
(324, 'WH0006', 4003, '2016-12-27', 'Evening', 'Tue', '04:00 PM', '09:00 PM', 0, 1),
(325, 'WH0006', 4003, '2016-12-28', 'Evening', 'Wed', '04:00 PM', '09:00 PM', 0, 1),
(326, 'WH0006', 4003, '2016-12-29', 'Evening', 'Thu', '04:00 PM', '09:00 PM', 0, 1),
(327, 'WH0006', 4003, '2016-12-30', 'Evening', 'Fri', '04:00 PM', '09:00 PM', 0, 1),
(328, 'WH0006', 4003, '2016-12-31', 'Evening', 'Sat', '04:00 PM', '09:00 PM', 0, 1),
(329, 'WH0007', 4035, '2016-12-11', 'Morning', 'Sun', '08:00 AM', '12:00 PM', 0, 1),
(330, 'WH0007', 4035, '2016-12-12', 'Morning', 'Mon', '08:00 AM', '12:00 PM', 0, 1),
(331, 'WH0007', 4035, '2016-12-13', 'Morning', 'Tue', '08:00 AM', '12:00 PM', 15, 0),
(332, 'WH0007', 4035, '2016-12-14', 'Morning', 'Wed', '08:00 AM', '12:00 PM', 0, 1),
(333, 'WH0007', 4035, '2016-12-15', 'Morning', 'Thu', '08:00 AM', '12:00 PM', 10, 0),
(334, 'WH0007', 4035, '2016-12-16', 'Morning', 'Fri', '08:00 AM', '12:00 PM', 15, 0),
(335, 'WH0007', 4035, '2016-12-17', 'Morning', 'Sat', '08:00 AM', '12:00 PM', 0, 1),
(336, 'WH0007', 4035, '2016-12-18', 'Morning', 'Sun', '08:00 AM', '12:00 PM', 0, 1),
(337, 'WH0007', 4035, '2016-12-19', 'Morning', 'Mon', '08:00 AM', '12:00 PM', 0, 1),
(338, 'WH0007', 4035, '2016-12-20', 'Morning', 'Tue', '08:00 AM', '12:00 PM', 0, 1),
(339, 'WH0007', 4035, '2016-12-21', 'Morning', 'Wed', '08:00 AM', '12:00 PM', 0, 1),
(340, 'WH0007', 4035, '2016-12-22', 'Morning', 'Thu', '08:00 AM', '12:00 PM', 0, 1),
(341, 'WH0007', 4035, '2016-12-23', 'Morning', 'Fri', '08:00 AM', '12:00 PM', 0, 1),
(342, 'WH0007', 4035, '2016-12-24', 'Morning', 'Sat', '08:00 AM', '12:00 PM', 0, 1),
(343, 'WH0007', 4035, '2016-12-25', 'Morning', 'Sun', '08:00 AM', '12:00 PM', 0, 1),
(344, 'WH0007', 4035, '2016-12-26', 'Morning', 'Mon', '08:00 AM', '12:00 PM', 0, 1),
(345, 'WH0007', 4035, '2016-12-27', 'Morning', 'Tue', '08:00 AM', '12:00 PM', 0, 1),
(346, 'WH0007', 4035, '2016-12-28', 'Morning', 'Wed', '08:00 AM', '12:00 PM', 0, 1),
(347, 'WH0007', 4035, '2016-12-29', 'Morning', 'Thu', '08:00 AM', '12:00 PM', 0, 1),
(348, 'WH0007', 4035, '2016-12-30', 'Morning', 'Fri', '08:00 AM', '12:00 PM', 0, 1),
(349, 'WH0007', 4035, '2016-12-31', 'Morning', 'Sat', '08:00 AM', '12:00 PM', 0, 1),
(350, 'WH0007', 4035, '2016-12-11', 'Evening', 'Sun', '04:00 PM', '09:00 PM', 10, 0),
(351, 'WH0007', 4035, '2016-12-12', 'Evening', 'Mon', '04:00 PM', '09:00 PM', 15, 0),
(352, 'WH0007', 4035, '2016-12-13', 'Evening', 'Tue', '04:00 PM', '09:00 PM', 0, 1),
(353, 'WH0007', 4035, '2016-12-14', 'Evening', 'Wed', '04:00 PM', '09:00 PM', 15, 0),
(354, 'WH0007', 4035, '2016-12-15', 'Evening', 'Thu', '04:00 PM', '09:00 PM', 20, 0),
(355, 'WH0007', 4035, '2016-12-16', 'Evening', 'Fri', '04:00 PM', '09:00 PM', 0, 1),
(356, 'WH0007', 4035, '2016-12-17', 'Evening', 'Sat', '04:00 PM', '09:00 PM', 15, 0),
(357, 'WH0007', 4035, '2016-12-18', 'Evening', 'Sun', '04:00 PM', '09:00 PM', 0, 1),
(358, 'WH0007', 4035, '2016-12-19', 'Evening', 'Mon', '04:00 PM', '09:00 PM', 0, 1),
(359, 'WH0007', 4035, '2016-12-20', 'Evening', 'Tue', '04:00 PM', '09:00 PM', 0, 1),
(360, 'WH0007', 4035, '2016-12-21', 'Evening', 'Wed', '04:00 PM', '09:00 PM', 0, 1),
(361, 'WH0007', 4035, '2016-12-22', 'Evening', 'Thu', '04:00 PM', '09:00 PM', 0, 1),
(362, 'WH0007', 4035, '2016-12-23', 'Evening', 'Fri', '04:00 PM', '09:00 PM', 0, 1),
(363, 'WH0007', 4035, '2016-12-24', 'Evening', 'Sat', '04:00 PM', '09:00 PM', 0, 1),
(364, 'WH0007', 4035, '2016-12-25', 'Evening', 'Sun', '04:00 PM', '09:00 PM', 0, 1),
(365, 'WH0007', 4035, '2016-12-26', 'Evening', 'Mon', '04:00 PM', '09:00 PM', 0, 1),
(366, 'WH0007', 4035, '2016-12-27', 'Evening', 'Tue', '04:00 PM', '09:00 PM', 0, 1),
(367, 'WH0007', 4035, '2016-12-28', 'Evening', 'Wed', '04:00 PM', '09:00 PM', 0, 1),
(368, 'WH0007', 4035, '2016-12-29', 'Evening', 'Thu', '04:00 PM', '09:00 PM', 0, 1),
(369, 'WH0007', 4035, '2016-12-30', 'Evening', 'Fri', '04:00 PM', '09:00 PM', 0, 1),
(370, 'WH0007', 4035, '2016-12-31', 'Evening', 'Sat', '04:00 PM', '09:00 PM', 0, 1);

/*!40101 SET CHARACTER_SET_CLIENT=@OLD_CHARACTER_SET_CLIENT */;
/*!40101 SET CHARACTER_SET_RESULTS=@OLD_CHARACTER_SET_RESULTS */;
/*!40101 SET COLLATION_CONNECTION=@OLD_COLLATION_CONNECTION */;
